insert into ontology_terms values (49534, 23323, "single-cell tissue", 0, 0, 0, 0);
insert into ontology_definitions values (23323, 5, "AEO:0000013", "Anatomical structure composed of a single cell." , 1);
insert into ontology_relationships values (23323, "is_a", "CARO:0000043");
insert into ontology_terms values (49535, 23324, "lumen of tube", 0, 0, 0, 0);
insert into ontology_definitions values (23324, 5, "AEO:0000078", "The inner space within a tube." , 1);
insert into ontology_terms values (49536, 23324, "tube lumen", 1, 0, 1, 0);
insert into ontology_relationships values (23324, "is_a", "AEO:0000221");
insert into ontology_terms values (49537, 23325, "lumen of epithelial sac", 0, 0, 0, 0);
insert into ontology_definitions values (23325, 5, "AEO:0000079", "A small cavity bounded by an epithelium." , 1);
insert into ontology_terms values (49538, 23325, "cavity of vesicle", 1, 0, 1, 0);
insert into ontology_relationships values (23325, "is_a", "AEO:0000222");
insert into ontology_terms values (49539, 23326, "foramen", 0, 0, 0, 0);
insert into ontology_definitions values (23326, 5, "AEO:0000080", "A hole in a tissue." , 1);
insert into ontology_relationships values (23326, "is_a", "CARO:0000010");
insert into ontology_terms values (49540, 23327, "matrix-based tissue", 0, 0, 0, 0);
insert into ontology_definitions values (23327, 5, "AEO:0000081", "A tissue whose predominant feature is extracellular matrix which may or may not be highly hydrated or calcified." , 1);
insert into ontology_relationships values (23327, "is_a", "CARO:0000043");
insert into ontology_terms values (49541, 23328, "bone", 0, 0, 0, 0);
insert into ontology_definitions values (23328, 5, "AEO:0000082", "Ossified structure that is predominantly extracellular matrix and forms part of the support system of the body." , 1);
insert into ontology_relationships values (23328, "is_a", "CARO:0000055");
insert into ontology_terms values (49542, 23329, "endochondral bone", 0, 0, 0, 0);
insert into ontology_definitions values (23329, 5, "AEO:0000083", "Bone that is preformed in cartilage." , 1);
insert into ontology_relationships values (23329, "is_a", "AEO:0000082");
insert into ontology_terms values (49543, 23330, "membrane bone", 0, 0, 0, 0);
insert into ontology_definitions values (23330, 5, "AEO:0000085", "Bone that forms directly from mesenchyme." , 1);
insert into ontology_relationships values (23330, "is_a", "AEO:0000082");
insert into ontology_terms values (49544, 23331, "sesamoid bone", 0, 0, 0, 0);
insert into ontology_definitions values (23331, 5, "AEO:0000086", "An endochondral bone that forms within tendenous or ligamentous matrix." , 1);
insert into ontology_relationships values (23331, "is_a", "AEO:0000083");
insert into ontology_terms values (49545, 23332, "cartilage", 0, 0, 0, 0);
insert into ontology_definitions values (23332, 5, "AEO:0000087", "Dense connective tissue made primarily of type II collagen." , 1);
insert into ontology_relationships values (23332, "is_a", "AEO:0000081");
insert into ontology_terms values (49546, 23333, "ligament", 0, 0, 0, 0);
insert into ontology_definitions values (23333, 5, "AEO:0000090", "A strap of predominantly extracellular matrix connecting two bones." , 1);
insert into ontology_relationships values (23333, "is_a", "AEO:0000081");
insert into ontology_terms values (49547, 23334, "tendon", 0, 0, 0, 0);
insert into ontology_definitions values (23334, 5, "AEO:0000091", "A strap of predominantly extracellular matrix connecting a muscle to a bone." , 1);
insert into ontology_relationships values (23334, "is_a", "AEO:0000081");
insert into ontology_terms values (49548, 23335, "aponeurosis", 0, 0, 0, 0);
insert into ontology_definitions values (23335, 5, "AEO:0000092", "A sheet of extracellular matrix." , 1);
insert into ontology_relationships values (23335, "is_a", "AEO:0000081");
insert into ontology_terms values (49549, 23336, "non-connected functional system", 0, 0, 0, 0);
insert into ontology_definitions values (23336, 5, "AEO:0000093", "An anatomical group whose component structures share a common function." , 1);
insert into ontology_relationships values (23336, "is_a", "CARO:0000041");
insert into ontology_terms values (49550, 23337, "sense organ", 0, 0, 0, 0);
insert into ontology_definitions values (23337, 5, "AEO:0000094", "Multicellular anatomical structure with largely bona fide boundary that transduces some sensory stimulus to the nervous system." , 1);
insert into ontology_relationships values (23337, "is_a", "CARO:0000024");
insert into ontology_terms values (49551, 23338, "fluid-based anatomical entity", 0, 0, 0, 0);
insert into ontology_definitions values (23338, 5, "AEO:0000095", "Fluid anatomical entity containing cells." , 1);
insert into ontology_relationships values (23338, "is_a", "CARO:0000055");
insert into ontology_terms values (49552, 23339, "gland", 0, 0, 0, 0);
insert into ontology_definitions values (23339, 5, "AEO:0000096", "A multi-tissue structure that produces a secretion for use elsewhere in the body." , 1);
insert into ontology_relationships values (23339, "is_a", "CARO:0000055");
insert into ontology_terms values (49553, 23340, "ducted gland", 0, 0, 0, 0);
insert into ontology_definitions values (23340, 5, "AEO:0000097", "A gland that releases its secretion through a duct." , 1);
insert into ontology_terms values (49554, 23340, "exocrine gland.", 1, 0, 1, 0);
insert into ontology_relationships values (23340, "is_a", "AEO:0000096");
insert into ontology_terms values (49555, 23341, "ductless gland", 0, 0, 0, 0);
insert into ontology_definitions values (23341, 5, "AEO:0000098", "A gland that releases its secretion directly into the bloodstream, or equivalent for an invertebrate." , 1);
insert into ontology_terms values (49556, 23341, "endocrine gland.", 1, 0, 1, 0);
insert into ontology_relationships values (23341, "is_a", "AEO:0000096");
insert into ontology_terms values (49557, 23342, "keratin-based structure", 0, 0, 0, 0);
insert into ontology_definitions values (23342, 5, "AEO:0000099", "Acellular anatomical structure whose predominant constituent is keratin." , 1);
insert into ontology_relationships values (23342, "is_a", "CARO:0000040");
insert into ontology_terms values (49558, 23343, "chitin-based structure", 0, 0, 0, 0);
insert into ontology_definitions values (23343, 5, "AEO:0000100", "Acellular anatomical structure whose predominant constituent is chitin." , 1);
insert into ontology_relationships values (23343, "is_a", "CARO:0000040");
insert into ontology_terms values (49559, 23344, "body", 0, 0, 0, 0);
insert into ontology_definitions values (23344, 5, "AEO:0000103", "The region of the organism associated with the visceral organs." , 1);
insert into ontology_relationships values (23344, "is_a", "CARO:0000032");
insert into ontology_terms values (49560, 23345, "head", 0, 0, 0, 0);
insert into ontology_definitions values (23345, 5, "AEO:0000106", "The region of the body containing the brain and mouth." , 1);
insert into ontology_relationships values (23345, "is_a", "CARO:0000032");
insert into ontology_terms values (49561, 23346, "neck", 0, 0, 0, 0);
insert into ontology_definitions values (23346, 5, "AEO:0000108", "The region of the body connecting the head and the body." , 1);
insert into ontology_relationships values (23346, "is_a", "CARO:0000032");
insert into ontology_terms values (49562, 23347, "tail", 0, 0, 0, 0);
insert into ontology_definitions values (23347, 5, "AEO:0000109", "An external caudal extension of the body." , 1);
insert into ontology_relationships values (23347, "is_a", "AEO:0000193");
insert into ontology_terms values (49563, 23348, "mesothelium", 0, 0, 0, 0);
insert into ontology_definitions values (23348, 5, "AEO:0000111", "Epithelium derived from mesenchyme." , 1);
insert into ontology_relationships values (23348, "is_a", "CARO:0000070");
insert into ontology_terms values (49564, 23349, "epithelial tube", 0, 0, 0, 0);
insert into ontology_definitions values (23349, 5, "AEO:0000114", "An epithelial structure capable of allowing fluid flow." , 1);
insert into ontology_relationships values (23349, "is_a", "CARO:0000066");
insert into ontology_terms values (49565, 23350, "epithelial sac", 0, 0, 0, 0);
insert into ontology_definitions values (23350, 5, "AEO:0000115", "An epithelial pouch with a single opening." , 1);
insert into ontology_relationships values (23350, "is_a", "CARO:0000066");
insert into ontology_terms values (49566, 23351, "arborising epithelial duct system", 0, 0, 0, 0);
insert into ontology_definitions values (23351, 5, "AEO:0000117", "A group of connected epithelial tubes with a single portal." , 1);
insert into ontology_relationships values (23351, "is_a", "AEO:0000115");
insert into ontology_terms values (49567, 23352, "epithelial plexus", 0, 0, 0, 0);
insert into ontology_definitions values (23352, 5, "AEO:0000118", "A network of interlinking epithelial tubes." , 1);
insert into ontology_relationships values (23352, "is_a", "AEO:0000114");
insert into ontology_terms values (49568, 23353, "epithelial vesicle", 0, 0, 0, 0);
insert into ontology_relationships values (23353, "is_a", "CARO:0000066");
insert into ontology_definitions values (23353, 5, "AEO:0000119", NULL, 1);
insert into ontology_terms values (49569, 23354, "epithelial vesicle", 0, 0, 0, 0);
insert into ontology_definitions values (23354, 5, "AEO:0000119f", "A closed epithelium with a lumen." , 1);
insert into ontology_terms values (49570, 23355, "muscle tissue", 0, 0, 0, 0);
insert into ontology_definitions values (23355, 5, "AEO:0000122", "A tissue composed of myoblasts or muscle cells." , 1);
insert into ontology_relationships values (23355, "is_a", "CARO:0000043");
insert into ontology_terms values (49571, 23356, "neural tissue", 0, 0, 0, 0);
insert into ontology_definitions values (23356, 5, "AEO:0000123", "Tissue composed predominantly of neurons." , 1);
insert into ontology_relationships values (23356, "is_a", "CARO:0000043");
insert into ontology_terms values (49572, 23357, "developing anatomical structure", 0, 0, 0, 0);
insert into ontology_definitions values (23357, 5, "AEO:0000125", "A structure whose morphology or state of differentiation will change during normal development." , 1);
insert into ontology_relationships values (23357, "is_a", "CARO:0000003");
insert into ontology_terms values (49573, 23358, "larva", 0, 0, 0, 0);
insert into ontology_definitions values (23358, 5, "AEO:0000126", "A post-embryonic juvenile form which will undergo metamorphosis to become the adult." , 1);
insert into ontology_relationships values (23358, "is_a", "AEO:0000125");
insert into ontology_relationships values (23358, "is_a", "CARO:0000012");
insert into ontology_terms values (49574, 23359, "apoptosing developing anatomical entity", 0, 0, 0, 0);
insert into ontology_definitions values (23359, 5, "AEO:0000127", "An embryonic anatomical structure undergoing apoptosis." , 1);
insert into ontology_relationships values (23359, "is_a", "AEO:0000125");
insert into ontology_terms values (49575, 23360, "functioning and developing structure", 0, 0, 0, 0);
insert into ontology_definitions values (23360, 5, "AEO:0000129", "An embryonic entity that displays a physiological function but whose strucuture is not yet fully formed." , 1);
insert into ontology_relationships values (23360, "is_a", "AEO:0000125");
insert into ontology_terms values (49576, 23361, "developing structure with stem cells", 0, 0, 0, 0);
insert into ontology_definitions values (23361, 5, "AEO:0000131", "Embronic structure that contains stem cellsr that may contribute to its future development or maintenance or to its future development or maintenance of another tissue." , 1);
insert into ontology_relationships values (23361, "is_a", "AEO:0000125");
insert into ontology_terms values (49577, 23362, "transitional anatomical structure", 0, 0, 0, 0);
insert into ontology_definitions values (23362, 5, "AEO:0000132", "An embryonic anatomical entity that will turn into one or more other anatomical entities, perhaps with other anatomical entities, later in development." , 1);
insert into ontology_relationships values (23362, "is_a", "AEO:0000125");
insert into ontology_terms values (49578, 23363, "ganglion", 0, 0, 0, 0);
insert into ontology_definitions values (23363, 5, "AEO:0000135", "A group of neurons, usually outside the CNS, which relay neuronal signals." , 1);
insert into ontology_relationships values (23363, "is_a", "AEO:0000123");
insert into ontology_terms values (49579, 23364, "neuronal nucleus", 0, 0, 0, 0);
insert into ontology_definitions values (23364, 5, "AEO:0000136", "A localised domain of predominantly neuronal tissue in the central nervous system." , 1);
insert into ontology_relationships values (23364, "is_a", "AEO:0001012");
insert into ontology_terms values (49580, 23365, "nerve", 0, 0, 0, 0);
insert into ontology_definitions values (23365, 5, "AEO:0000137", "A group of neurons that provides a nervous supply." , 1);
insert into ontology_relationships values (23365, "is_a", "AEO:0000123");
insert into ontology_terms values (49581, 23366, "nerve plexus", 0, 0, 0, 0);
insert into ontology_definitions values (23366, 5, "AEO:0000138", "A complex of interconnecting nerves." , 1);
insert into ontology_relationships values (23366, "is_a", "AEO:0000123");
insert into ontology_terms values (49582, 23367, "nerve fiber tract", 0, 0, 0, 0);
insert into ontology_definitions values (23367, 5, "AEO:0000139", "A fasciculated bundle of neuron projections, largely or completely lacking synapses." , 1);
insert into ontology_terms values (49583, 23367, "neuron projection bundle", 1, 0, 1, 0);
insert into ontology_relationships values (23367, "is_a", "AEO:0001011");
insert into ontology_terms values (49584, 23368, "striated muscle tissue", 0, 0, 0, 0);
insert into ontology_definitions values (23368, 5, "AEO:0000140", "A tissue composed of striated muscle cells." , 1);
insert into ontology_relationships values (23368, "is_a", "AEO:0000122");
insert into ontology_terms values (49585, 23369, "smooth muscle tissue", 0, 0, 0, 0);
insert into ontology_definitions values (23369, 5, "AEO:0000141", "A tissue composed of smooth muscle cells." , 1);
insert into ontology_relationships values (23369, "is_a", "AEO:0000122");
insert into ontology_terms values (49586, 23370, "cardiac muscle tissue", 0, 0, 0, 0);
insert into ontology_definitions values (23370, 5, "AEO:0000142", "A tissue composed of cardiac muscle cells." , 1);
insert into ontology_relationships values (23370, "is_a", "AEO:0000122");
insert into ontology_terms values (49587, 23371, "smooth muscle sphincter", 0, 0, 0, 0);
insert into ontology_definitions values (23371, 5, "AEO:0000143", "A ring of smooth muscle cells whose contraction closes the opening of the ring." , 1);
insert into ontology_relationships values (23371, "is_a", "AEO:0000141");
insert into ontology_terms values (49588, 23372, "striated muscle sphincter", 0, 0, 0, 0);
insert into ontology_definitions values (23372, 5, "AEO:0000144", "A ring of striated muscle cells whose contraction closes the opening of the ring." , 1);
insert into ontology_relationships values (23372, "is_a", "AEO:0000140");
insert into ontology_terms values (49589, 23373, "mesenchymal tissue", 0, 0, 0, 0);
insert into ontology_definitions values (23373, 5, "AEO:0000145", "A group of not-yet-terminally-differentiatied cells that can pack in three dimensions." , 1);
insert into ontology_relationships values (23373, "is_a", "CARO:0000043");
insert into ontology_terms values (49590, 23374, "dense mesenchyme tissue", 0, 0, 0, 0);
insert into ontology_definitions values (23374, 5, "AEO:0000146", "Mesenchyme with little extracellular matrix." , 1);
insert into ontology_relationships values (23374, "is_a", "AEO:0000145");
insert into ontology_terms values (49591, 23375, "cartilagenous condensation", 0, 0, 0, 0);
insert into ontology_definitions values (23375, 5, "AEO:0000147", "Cell condensation that is an aggregation of mesenchymal cells that are committed to differentiate into chondroblasts and chondrocytes." , 1);
insert into ontology_relationships values (23375, "is_a", "AEO:0000148");
insert into ontology_terms values (49592, 23376, "developing mesenchymal condensation", 0, 0, 0, 0);
insert into ontology_definitions values (23376, 5, "AEO:0000148", "A delimited region of dense mesenchyme within looser mesenchyme." , 1);
insert into ontology_relationships values (23376, "is_a", "AEO:0000146");
insert into ontology_relationships values (23376, "is_a", "AEO:0001016");
insert into ontology_terms values (49593, 23377, "pre-muscle condensation", 0, 0, 0, 0);
insert into ontology_definitions values (23377, 5, "AEO:0000149", "A delimited region of dense mesenchyme within looser mesenchyme whose cells are committed to become myoblasts." , 1);
insert into ontology_relationships values (23377, "is_a", "AEO:0000148");
insert into ontology_terms values (49594, 23378, "pre-cartilage condensation", 0, 0, 0, 0);
insert into ontology_definitions values (23378, 5, "AEO:0000150", "A delimited region of dense mesenchyme within looser mesenchyme whose cells are committed to become chondroblasts." , 1);
insert into ontology_relationships values (23378, "is_a", "AEO:0000148");
insert into ontology_terms values (49595, 23379, "loose mesenchyme tissue", 0, 0, 0, 0);
insert into ontology_definitions values (23379, 5, "AEO:0000151", "Mesenchyme whose cells are embedded in obvious amounts fo extracellular matrix." , 1);
insert into ontology_relationships values (23379, "is_a", "AEO:0000145");
insert into ontology_terms values (49596, 23380, "migrating mesenchyme population", 0, 0, 0, 0);
insert into ontology_definitions values (23380, 5, "AEO:0000152", "Mesenchymal cells that are migrating." , 1);
insert into ontology_relationships values (23380, "is_a", "AEO:0000145");
insert into ontology_relationships values (23380, "is_a", "AEO:0000217");
insert into ontology_terms values (49597, 23381, "mesenchymal tissue with stem cells", 0, 0, 0, 0);
insert into ontology_definitions values (23381, 5, "AEO:0000153", "Multi-tissue mesenchymal structure one of whose parts contains stem cells that can replace other parts." , 1);
insert into ontology_relationships values (23381, "is_a", "AEO:0000187");
insert into ontology_terms values (49598, 23382, "organism surfacef", 0, 0, 0, 0);
insert into ontology_definitions values (23382, 5, "AEO:0000154", "The collection of structures that form the exxtenal covering of the organism." , 1);
insert into ontology_relationships values (23382, "is_a", "CARO:0000032");
insert into ontology_terms values (49599, 23383, "groove", 0, 0, 0, 0);
insert into ontology_definitions values (23383, 5, "AEO:0000161", "A furrow or an incomplete tube." , 1);
insert into ontology_relationships values (23383, "is_a", "CARO:0000010");
insert into ontology_terms values (49600, 23384, "ridge", 0, 0, 0, 0);
insert into ontology_definitions values (23384, 5, "AEO:0000162", "A raised strip of tissue." , 1);
insert into ontology_relationships values (23384, "is_a", "CARO:0000010");
insert into ontology_terms values (49601, 23385, "skeletal system", 0, 0, 0, 0);
insert into ontology_definitions values (23385, 5, "AEO:0000168", "The rigid support system for the body." , 1);
insert into ontology_relationships values (23385, "is_a", "CARO:0000011");
insert into ontology_terms values (49602, 23386, "embryo", 0, 0, 0, 0);
insert into ontology_definitions values (23386, 5, "AEO:0000169", "That part of the conceptus that will form the organism." , 1);
insert into ontology_relationships values (23386, "is_a", "CARO:0000012");
insert into ontology_terms values (49603, 23387, "anlage", 0, 0, 0, 0);
insert into ontology_definitions values (23387, 5, "AEO:0000170", "Anlagen are populations of contiguous cells, typically arranged in one plane, that are morphologically indistinct, but that already correspond in extent to a later organ/tissue." , 1);
insert into ontology_relationships values (23387, "is_a", "AEO:0000125");
insert into ontology_terms values (49604, 23388, "primordium", 0, 0, 0, 0);
insert into ontology_definitions values (23388, 5, "AEO:0000171", "Primordia are populations of contiguous cells that are morphologically distinct and already correspond in extent to a later organ/tissue." , 1);
insert into ontology_relationships values (23388, "is_a", "AEO:0000125");
insert into ontology_terms values (49605, 23389, "limb", 0, 0, 0, 0);
insert into ontology_definitions values (23389, 5, "AEO:0000172", "Appendage of an animal used for locomotion or grasping." , 1);
insert into ontology_relationships values (23389, "is_a", "AEO:0000193");
insert into ontology_relationships values (23389, "is_a", "CARO:0000074");
insert into ontology_terms values (49606, 23390, "surface sense organ", 0, 0, 0, 0);
insert into ontology_definitions values (23390, 5, "AEO:0000173", "Multicellular anatomical structure with largely bona fide boundary that extends outwards from or is part of the organism surface and transduces some sensory stimulus to the nervous system." , 1);
insert into ontology_relationships values (23390, "is_a", "AEO:0000094");
insert into ontology_terms values (49607, 23391, "gender-specific anatomical structure", 0, 0, 0, 0);
insert into ontology_definitions values (23391, 5, "AEO:0000174", "A part of the body present only in a specific gender." , 1);
insert into ontology_relationships values (23391, "is_a", "CARO:0000003");
insert into ontology_terms values (49608, 23392, "male anatomical structure", 0, 0, 0, 0);
insert into ontology_definitions values (23392, 5, "AEO:0000175", "A part of the body present only in males." , 1);
insert into ontology_relationships values (23392, "is_a", "AEO:0000174");
insert into ontology_terms values (49609, 23393, "female anatomical structure", 0, 0, 0, 0);
insert into ontology_definitions values (23393, 5, "AEO:0000176", "A part of the body present only in females." , 1);
insert into ontology_relationships values (23393, "is_a", "AEO:0000174");
insert into ontology_terms values (49610, 23394, "hermaphrodite anatomical structure", 0, 0, 0, 0);
insert into ontology_definitions values (23394, 5, "AEO:0000177", "A part of the body present only in hermaphrodites." , 1);
insert into ontology_relationships values (23394, "is_a", "AEO:0000174");
insert into ontology_terms values (49611, 23395, "fibrous joint", 0, 0, 0, 0);
insert into ontology_definitions values (23395, 5, "AEO:0000178", "A flexible joint between two bones that is made of unossified connective tissue." , 1);
insert into ontology_relationships values (23395, "is_a", "AEO:0000081");
insert into ontology_terms values (49612, 23396, "joint-associated cartilage", 0, 0, 0, 0);
insert into ontology_definitions values (23396, 5, "AEO:0000179", "The articular cartilage covering of the region of bone within a synoval joint." , 1);
insert into ontology_relationships values (23396, "is_a", "AEO:0000087");
insert into ontology_terms values (49613, 23397, "non-joint-associated cartilage", 0, 0, 0, 0);
insert into ontology_definitions values (23397, 5, "AEO:0000180", "Cartilage that may provide the template for an endochondral bone or that may be a disinct entity in the skeleton." , 1);
insert into ontology_relationships values (23397, "is_a", "AEO:0000087");
insert into ontology_terms values (49614, 23398, "synovial membrane", 0, 0, 0, 0);
insert into ontology_definitions values (23398, 5, "AEO:0000181", "The epithelial membrane between bone ends that forms the lateral borders of the synovial cavity and secretes synovial fluid." , 1);
insert into ontology_relationships values (23398, "is_a", "CARO:0000068");
insert into ontology_relationships values (23398, "is_a", "CARO:0000069");
insert into ontology_terms values (49615, 23399, "synovial joint", 0, 0, 0, 0);
insert into ontology_definitions values (23399, 5, "AEO:0000183", "A joint connecting two or more bones with cartilage at the bone ends and a synovial membrane that secretes synovial fluid conecting the bones and sealing the synovial cavity." , 1);
insert into ontology_relationships values (23399, "is_a", "CARO:0000055");
insert into ontology_terms values (49616, 23400, "exoskeletal tissue", 0, 0, 0, 0);
insert into ontology_definitions values (23400, 5, "AEO:0000185", "A component of the exoskeleton." , 1);
insert into ontology_relationships values (23400, "is_a", "AEO:0000081");
insert into ontology_terms values (49617, 23401, "body cavity", 0, 0, 0, 0);
insert into ontology_definitions values (23401, 5, "AEO:0000186", "The cavity within the body that contains the visceral organs." , 1);
insert into ontology_relationships values (23401, "is_a", "CARO:0000005");
insert into ontology_terms values (49618, 23402, "multi-tissue structure with stem cells", 0, 0, 0, 0);
insert into ontology_definitions values (23402, 5, "AEO:0000187", "Multi-tissue structure one of whose parts contains stem cells that can replace other parts." , 1);
insert into ontology_relationships values (23402, "is_a", "CARO:0000055");
insert into ontology_terms values (49619, 23403, "acellular fluid anatomical entity", 0, 0, 0, 0);
insert into ontology_definitions values (23403, 5, "AEO:0000188", "An acellular fluid portion of organism substance that is produced by the organism for some non-waste purpose." , 1);
insert into ontology_relationships values (23403, "is_a", "CARO:0000004");
insert into ontology_relationships values (23403, "is_a", "CARO:0000040");
insert into ontology_terms values (49620, 23404, "epithelial tissue with stem cells", 0, 0, 0, 0);
insert into ontology_definitions values (23404, 5, "AEO:0000189", "Multi-tissue epithelial structure one of whose parts contains stem cells that can replace other parts." , 1);
insert into ontology_relationships values (23404, "is_a", "AEO:0000187");
insert into ontology_terms values (49621, 23405, "anatomical surface feature", 0, 0, 0, 0);
insert into ontology_definitions values (23405, 5, "AEO:0000192", "Non-material anatomical entity of two dimensions, that is demarcated by anatomical lines or points on the external or internal surfaces of anatomical structures." , 1);
insert into ontology_terms values (49622, 23405, "anatomical surface.", 1, 0, 1, 0);
insert into ontology_terms values (49623, 23406, "appendage", 0, 0, 0, 0);
insert into ontology_definitions values (23406, 5, "AEO:0000193", "Organ or organ part that is attached to the body of an organism. For example a limb. An appendage is an external body part, or natural prolongation, that protrudes from an organism's body, such as a vertebrate's limbs." , 1);
insert into ontology_relationships values (23406, "is_a", "CARO:0000032");
insert into ontology_terms values (49624, 23407, "conceptus", 0, 0, 0, 0);
insert into ontology_definitions values (23407, 5, "AEO:0000194", "All the products of the fertilized egg." , 1);
insert into ontology_relationships values (23407, "is_a", "CARO:0000012");
insert into ontology_terms values (49625, 23408, "extraembryonic component", 0, 0, 0, 0);
insert into ontology_definitions values (23408, 5, "AEO:0000195", "The part of the conceptus that may be lost before birth or will be discarded at birth, or when the embryo becomes an independent organism." , 1);
insert into ontology_relationships values (23408, "is_a", "CARO:0000055");
insert into ontology_terms values (49626, 23409, "larval anatomical structure", 0, 0, 0, 0);
insert into ontology_definitions values (23409, 5, "AEO:0000196", "An anatomical structure present in the larval form of an animal." , 1);
insert into ontology_relationships values (23409, "is_a", "AEO:0000125");
insert into ontology_terms values (49627, 23410, "antenna", 0, 0, 0, 0);
insert into ontology_definitions values (23410, 5, "AEO:0000198", "A head-associated surface sense organ." , 1);
insert into ontology_relationships values (23410, "is_a", "AEO:0000173");
insert into ontology_terms values (49628, 23411, "mucous membrane", 0, 0, 0, 0);
insert into ontology_definitions values (23411, 5, "AEO:0000199", "A membranous structure with more than one cell type, one or more of which secretes mucus, that lines body passages which communicate with the exterior." , 1);
insert into ontology_terms values (49629, 23411, "mucosa", 1, 0, 1, 0);
insert into ontology_relationships values (23411, "is_a", "CARO:0000055");
insert into ontology_terms values (49630, 23412, "fat tissue", 0, 0, 0, 0);
insert into ontology_definitions values (23412, 5, "AEO:000020", "Tissue that is predominantly made of fat cells." , 1);
insert into ontology_relationships values (23412, "is_a", "CARO:0000043");
insert into ontology_terms values (49631, 23413, "regenerating anatomical structure", 0, 0, 0, 0);
insert into ontology_definitions values (23413, 5, "AEO:0000200", "An anatomical structure that, as part of its normal physiology, undergoes regeneration. Examples include endometrium and antlers." , 1);
insert into ontology_relationships values (23413, "is_a", "CARO:0000003");
insert into ontology_terms values (49632, 23414, "afferent nerve", 0, 0, 0, 0);
insert into ontology_definitions values (23414, 5, "AEO:0000201", "A group of neurons that provides a nervous response from a tissue." , 1);
insert into ontology_relationships values (23414, "is_a", "AEO:0000137");
insert into ontology_terms values (49633, 23415, "efferent nerve", 0, 0, 0, 0);
insert into ontology_definitions values (23415, 5, "AEO:0000202", "A group of neurons that provides a nervous signal to a tissue." , 1);
insert into ontology_relationships values (23415, "is_a", "AEO:0000137");
insert into ontology_relationships values (23415, "is_a", "AEO:0000148");
insert into ontology_relationships values (23415, "is_a", "AEO:0000152");
insert into ontology_terms values (49634, 23416, "syncytium", 0, 0, 0, 0);
insert into ontology_definitions values (23416, 5, "AEO:0000203", "An anatomical entity consisting of a single or a few multinucleated structures." , 1);
insert into ontology_relationships values (23416, "is_a", "CARO:0000043");
insert into ontology_terms values (49635, 23417, "pit", 0, 0, 0, 0);
insert into ontology_definitions values (23417, 5, "AEO:0000204", "An roughly circular indentation in a surface." , 1);
insert into ontology_relationships values (23417, "is_a", "CARO:0000010");
insert into ontology_terms values (49636, 23418, "protuberance", 0, 0, 0, 0);
insert into ontology_definitions values (23418, 5, "AEO:0000205", "A roughly circular bulge in a surface." , 1);
insert into ontology_relationships values (23418, "is_a", "CARO:0000010");
insert into ontology_terms values (49637, 23419, "migrating epithelium", 0, 0, 0, 0);
insert into ontology_definitions values (23419, 5, "AEO:0000206", "An epithelium that extends its surface area by peripheral movement." , 1);
insert into ontology_relationships values (23419, "is_a", "CARO:0000066");
insert into ontology_terms values (49638, 23420, "blood vessel", 0, 0, 0, 0);
insert into ontology_definitions values (23420, 5, "AEO:0000207", "An epithelial tube that transports blood." , 1);
insert into ontology_relationships values (23420, "is_a", "AEO:0000114");
insert into ontology_terms values (49639, 23421, "artery", 0, 0, 0, 0);
insert into ontology_definitions values (23421, 5, "AEO:0000208", "An epithelial tube that transports blood away from the heart." , 1);
insert into ontology_relationships values (23421, "is_a", "AEO:0000207");
insert into ontology_terms values (49640, 23422, "vein", 0, 0, 0, 0);
insert into ontology_definitions values (23422, 5, "AEO:0000209", "An epithelial tube that transports blood towards the heart." , 1);
insert into ontology_relationships values (23422, "is_a", "AEO:0000207");
insert into ontology_terms values (49641, 23423, "row", 0, 0, 0, 0);
insert into ontology_definitions values (23423, 5, "AEO:0000210", "Anatomical group whose component structures are arranged in a row." , 1);
insert into ontology_relationships values (23423, "is_a", "CARO:0000054");
insert into ontology_terms values (49642, 23424, "non-connected developing functional system", 0, 0, 0, 0);
insert into ontology_definitions values (23424, 5, "AEO:0000211", "The sum of all the anlagen and primordia that will develop into a single functional system." , 1);
insert into ontology_relationships values (23424, "is_a", "AEO:0000125");
insert into ontology_relationships values (23424, "is_a", "CARO:0000041");
insert into ontology_terms values (49643, 23425, "sclerotome", 0, 0, 0, 0);
insert into ontology_definitions values (23425, 5, "AEO:0000212", "The mesenchymal derivative of a somite that will migrate to surround the neural tube and form vertebrae." , 1);
insert into ontology_relationships values (23425, "is_a", "AEO:0000152");
insert into ontology_relationships values (23425, "is_a", "AEO:0001016");
insert into ontology_terms values (49644, 23426, "bone condensation", 0, 0, 0, 0);
insert into ontology_definitions values (23426, 5, "AEO:0000213", "A delimited region of osteoblasts representing the early stages of bone formation." , 1);
insert into ontology_relationships values (23426, "is_a", "AEO:0000148");
insert into ontology_terms values (49645, 23427, "dermomyotome", 0, 0, 0, 0);
insert into ontology_definitions values (23427, 5, "AEO:0000214", "The bilaminar epithelium formed from the myotome and dermatome." , 1);
insert into ontology_relationships values (23427, "is_a", "AEO:0000132");
insert into ontology_relationships values (23427, "is_a", "CARO:0000069");
insert into ontology_terms values (49646, 23428, "open cavity", 0, 0, 0, 0);
insert into ontology_definitions values (23428, 5, "AEO:0000215", "A volume that is mainly bounded but has an opening to another cavity or to the outside." , 1);
insert into ontology_relationships values (23428, "is_a", "AEO:0000221");
insert into ontology_terms values (49647, 23429, "epithelial cord", 0, 0, 0, 0);
insert into ontology_definitions values (23429, 5, "AEO:0000216", "A cord of epithelial cells without a lumen and usually several cells thick." , 1);
insert into ontology_relationships values (23429, "is_a", "CARO:0000069");
insert into ontology_terms values (49648, 23430, "migrating developing tissue", 0, 0, 0, 0);
insert into ontology_definitions values (23430, 5, "AEO:0000217", "A simple coherent tissue or a localized population of similar cells that are actively migrating." , 1);
insert into ontology_relationships values (23430, "is_a", "AEO:0000125");
insert into ontology_terms values (49649, 23431, "developing epithelial placode", 0, 0, 0, 0);
insert into ontology_definitions values (23431, 5, "AEO:0000218", "A domain of columnar epithelium in an embryo that represents the early stage of the development of the epithelial component of a new anatomical structure." , 1);
insert into ontology_relationships values (23431, "is_a", "AEO:0001007");
insert into ontology_terms values (49650, 23432, "vascular plexus", 0, 0, 0, 0);
insert into ontology_definitions values (23432, 5, "AEO:0000219", "A network of interlinked veins." , 1);
insert into ontology_relationships values (23432, "is_a", "AEO:0000118");
insert into ontology_terms values (49651, 23433, "tooth", 0, 0, 0, 0);
insert into ontology_definitions values (23433, 5, "AEO:0000220", "Each of a set of hard, bony enamel-coated structures in the jaws of most vertebrates, used for biting and chewing." , 1);
insert into ontology_relationships values (23433, "is_a", "CARO:0000055");
insert into ontology_terms values (49652, 23434, "open anatomical space", 0, 0, 0, 0);
insert into ontology_definitions values (23434, 5, "AEO:0000221", "An anatomical space with at least one opening to another space or the exterior." , 1);
insert into ontology_relationships values (23434, "is_a", "CARO:0000005");
insert into ontology_terms values (49653, 23435, "enclosed anatomical space", 0, 0, 0, 0);
insert into ontology_definitions values (23435, 5, "AEO:0000222", "An anatomical space with no opening to another space or to the exterior." , 1);
insert into ontology_relationships values (23435, "is_a", "CARO:0000005");
insert into ontology_terms values (49654, 23436, "sensory ganglion", 0, 0, 0, 0);
insert into ontology_definitions values (23436, 5, "AEO:0001000", "A ganglion containing sensory neurons." , 1);
insert into ontology_relationships values (23436, "is_a", "AEO:0000135");
insert into ontology_terms values (49655, 23437, "autonomic ganglion", 0, 0, 0, 0);
insert into ontology_definitions values (23437, 5, "AEO:0001001", "A ganglion that is part of the autonomic nervous system." , 1);
insert into ontology_relationships values (23437, "is_a", "AEO:0000135");
insert into ontology_terms values (49656, 23438, "capillary bed", 0, 0, 0, 0);
insert into ontology_definitions values (23438, 5, "AEO:0001002", "A localized group of blood capillaries." , 1);
insert into ontology_relationships values (23438, "is_a", "AEO:0000118");
insert into ontology_terms values (49657, 23439, "acellular extracellular matrix", 0, 0, 0, 0);
insert into ontology_definitions values (23439, 5, "AEO:0001003", "An acellular structure typically composed of collagen, glycoproteins and glycosaminoglycans." , 1);
insert into ontology_relationships values (23439, "is_a", "CARO:0000040");
insert into ontology_terms values (49658, 23440, "fin", 0, 0, 0, 0);
insert into ontology_definitions values (23440, 5, "AEO:0001004", "A flattened appendage on a marine animal." , 1);
insert into ontology_relationships values (23440, "is_a", "AEO:0000193");
insert into ontology_terms values (49659, 23441, "secretion", 0, 0, 0, 0);
insert into ontology_definitions values (23441, 5, "AEO:0001005", "A non-cellular substance released by a cell, gland or tissue." , 1);
insert into ontology_relationships values (23441, "is_a", "CARO:0000004");
insert into ontology_terms values (49660, 23442, "excreta", 0, 0, 0, 0);
insert into ontology_definitions values (23442, 5, "AEO:0001006", "Excreta are bodily fluids consisting of waste matter, such as sweat or feces, discharged from the body." , 1);
insert into ontology_relationships values (23442, "is_a", "CARO:0000004");
insert into ontology_terms values (49661, 23443, "developing epithelium", 0, 0, 0, 0);
insert into ontology_definitions values (23443, 5, "AEO:0001007", "An epithelium within an embryo or larva that is undergoing a major developmental change." , 1);
insert into ontology_relationships values (23443, "is_a", "AEO:0000125");
insert into ontology_relationships values (23443, "is_a", "CARO:0000066");
insert into ontology_terms values (49662, 23444, "neuroepithelium", 0, 0, 0, 0);
insert into ontology_definitions values (23444, 5, "AEO:0001008", "An embryonic or larval epithelium that is committed to form part of the nervous system." , 1);
insert into ontology_relationships values (23444, "is_a", "AEO:0001007");
insert into ontology_terms values (49663, 23445, "proliferating neuroepithelium", 0, 0, 0, 0);
insert into ontology_definitions values (23445, 5, "AEO:0001009", "An epithelium that is undergoing proliferation to provide large numbers of neuronal cells." , 1);
insert into ontology_relationships values (23445, "is_a", "AEO:0001008");
insert into ontology_terms values (49664, 23446, "differentiating neuroepithelium", 0, 0, 0, 0);
insert into ontology_definitions values (23446, 5, "AEO:0001010", "A neuroepithelium some of whose cells are undergoing terminal differentiation to become neuronal cells." , 1);
insert into ontology_relationships values (23446, "is_a", "AEO:0001008");
insert into ontology_terms values (49665, 23447, "neuronal white matter", 0, 0, 0, 0);
insert into ontology_definitions values (23447, 5, "AEO:0001011", "Neuronal tissue composed predominantly of axons." , 1);
insert into ontology_relationships values (23447, "is_a", "AEO:0000123");
insert into ontology_terms values (49666, 23448, "neuronal grey matter", 0, 0, 0, 0);
insert into ontology_definitions values (23448, 5, "AEO:0001012", "A neuronal tissue composed predominantly of nerve bodies and neuronal support cells." , 1);
insert into ontology_relationships values (23448, "is_a", "AEO:0000123");
insert into ontology_terms values (49667, 23449, "neuronal column", 0, 0, 0, 0);
insert into ontology_definitions values (23449, 5, "AEO:0001013", "An extended columnar domain of predominantly neuronal tissue in the central nervous system." , 1);
insert into ontology_relationships values (23449, "is_a", "AEO:0001012");
insert into ontology_terms values (49668, 23450, "differentiating neuronal condensation", 0, 0, 0, 0);
insert into ontology_definitions values (23450, 5, "AEO:0001014", "A compact group of cells differentiating to become a ganglion or a neuronal nucleus." , 1);
insert into ontology_relationships values (23450, "is_a", "AEO:0000125");
insert into ontology_terms values (49669, 23451, "somite", 0, 0, 0, 0);
insert into ontology_definitions values (23451, 5, "AEO:0001015", "An epithelial ball that forms from paraxial mesoderm." , 1);
insert into ontology_relationships values (23451, "is_a", "AEO:0000119");
insert into ontology_relationships values (23451, "is_a", "AEO:0000132");
insert into ontology_terms values (49670, 23452, "developing mesenchymal structure", 0, 0, 0, 0);
insert into ontology_definitions values (23452, 5, "AEO:0001016", "A mesenchyme-derived anatomical entity undergoing a transtion to become another structure." , 1);
insert into ontology_relationships values (23452, "is_a", "AEO:0000125");
insert into ontology_terms values (49671, 23453, "dermatome", 0, 0, 0, 0);
insert into ontology_definitions values (23453, 5, "AEO:0001017", "A transitional population of migrating mesenchymal cells that derive from somites and that will become dermal cells." , 1);
insert into ontology_relationships values (23453, "is_a", "AEO:0000217");
insert into ontology_relationships values (23453, "is_a", "AEO:0001016");
insert into ontology_terms values (49672, 23454, "myotome", 0, 0, 0, 0);
insert into ontology_definitions values (23454, 5, "AEO:0001018", "A transitional population of migrating mesenchymal cells that derive from somites and that will become muscle cells." , 1);
insert into ontology_relationships values (23454, "is_a", "AEO:0000217");
insert into ontology_relationships values (23454, "is_a", "AEO:0001016");
insert into ontology_terms values (49673, 23455, "developing germ cell population", 0, 0, 0, 0);
insert into ontology_definitions values (23455, 5, "AEO:0001019", "A germ cell population that has not undergone meiosis." , 1);
insert into ontology_relationships values (23455, "is_a", "AEO:0000125");
insert into ontology_terms values (49674, 23456, "reproductive cell population", 0, 0, 0, 0);
insert into ontology_definitions values (23456, 5, "AEO:0001020", "A population of cells that are predominantly immature or mature germ cells." , 1);
insert into ontology_relationships values (23456, "is_a", "CARO:0000043");
insert into ontology_terms values (49675, 23457, "stem cell population", 0, 0, 0, 0);
insert into ontology_definitions values (23457, 5, "AEO:0001021", "A group of cells capable of regenerating themselves and also of producing one or more populations of differentiated cells." , 1);
insert into ontology_relationships values (23457, "is_a", "CARO:0000043");
insert into ontology_terms values (49676, 23458, "anatomical entity", 0, 0, 0, 0);
insert into ontology_definitions values (23458, 5, "CARO:0000000", "Biological entity that is either an individual member of a biological species or constitutes the structural organization of an individual member of a biological species." , 1);
insert into ontology_terms values (49677, 23459, "anatomical structure", 0, 0, 0, 0);
insert into ontology_definitions values (23459, 5, "CARO:0000003", "Material anatomical entity that has inherent 3D shape and is generated by coordinated expression of the organism's own genome." , 1);
insert into ontology_relationships values (23459, "is_a", "CARO:0000006");
insert into ontology_terms values (49678, 23460, "non-tissue substance", 0, 0, 0, 0);
insert into ontology_definitions values (23460, 5, "CARO:0000004", "Material anatomical entity in a gaseous, liquid, semisolid or solid state; produced by anatomical structures or derived from inhaled and ingested substances that have been modified by anatomical structures as they pass through the body." , 1);
insert into ontology_terms values (49679, 23460, "portion of organism substance", 1, 0, 1, 0);
insert into ontology_relationships values (23460, "is_a", "CARO:0000006");
insert into ontology_terms values (49680, 23461, "anatomical space", 0, 0, 0, 0);
insert into ontology_definitions values (23461, 5, "CARO:0000005", "Non-material anatomical entity of three dimensions, that is generated by morphogenetic or other physiologic processes; is surrounded by one or more anatomical structures; contains one or more organism substances or anatomical structures." , 1);
insert into ontology_relationships values (23461, "is_a", "CARO:0000007");
insert into ontology_terms values (49681, 23462, "material anatomical entity", 0, 0, 0, 0);
insert into ontology_definitions values (23462, 5, "CARO:0000006", "Anatomical entity that has mass." , 1);
insert into ontology_relationships values (23462, "is_a", "CARO:0000000");
insert into ontology_terms values (49682, 23463, "immaterial anatomical entity", 0, 0, 0, 0);
insert into ontology_definitions values (23463, 5, "CARO:0000007", "Anatomical entity that has no mass." , 1);
insert into ontology_relationships values (23463, "is_a", "CARO:0000000");
insert into ontology_terms values (49683, 23464, "anatomical line", 0, 0, 0, 0);
insert into ontology_definitions values (23464, 5, "CARO:0000008", "Non-material anatomical entity of one dimension, which forms a boundary of an anatomical surface or is a modulation of an anatomical surface." , 1);
insert into ontology_relationships values (23464, "is_a", "CARO:0000007");
insert into ontology_terms values (49684, 23465, "anatomical point", 0, 0, 0, 0);
insert into ontology_definitions values (23465, 5, "CARO:0000009", "Non-material anatomical entity of zero dimension, which forms a boundary of an anatomical line or surface." , 1);
insert into ontology_relationships values (23465, "is_a", "CARO:0000007");
insert into ontology_terms values (49685, 23466, "anatomical surface", 0, 0, 0, 0);
insert into ontology_definitions values (23466, 5, "CARO:0000010", "Non-material anatomical entity of two dimensions, that is demarcated by anatomical lines or points on the external or internal surfaces of anatomical structures." , 1);
insert into ontology_relationships values (23466, "is_a", "CARO:0000007");
insert into ontology_terms values (49686, 23467, "anatomical system", 0, 0, 0, 0);
insert into ontology_definitions values (23467, 5, "CARO:0000011", "Anatomical group that is has as its parts distinct anatomical structures interconnected by anatomical structures at a lower level of granularity." , 1);
insert into ontology_relationships values (23467, "is_a", "CARO:0000054");
insert into ontology_terms values (49687, 23468, "multi-cellular organism", 0, 0, 0, 0);
insert into ontology_definitions values (23468, 5, "CARO:0000012", "Anatomical structure that is an individual member of a species and consists of more than one cell." , 1);
insert into ontology_relationships values (23468, "is_a", "CARO:0000003");
insert into ontology_terms values (49688, 23469, "cell", 0, 0, 0, 0);
insert into ontology_definitions values (23469, 5, "CARO:0000013", "Anatomical structure that has as its parts a maximally connected cell compartment surrounded by a plasma membrane." , 1);
insert into ontology_relationships values (23469, "is_a", "CARO:0000003");
insert into ontology_terms values (49689, 23470, "cell component", 0, 0, 0, 0);
insert into ontology_definitions values (23470, 5, "CARO:0000014", "Anatomical structure that is a direct part of the cell." , 1);
insert into ontology_relationships values (23470, "is_a", "CARO:0000003");
insert into ontology_terms values (49690, 23471, "compound organ component", 0, 0, 0, 0);
insert into ontology_definitions values (23471, 5, "CARO:0000019", "Multi-tissue structure that is part of a compound organ." , 1);
insert into ontology_relationships values (23471, "is_a", "CARO:0000055");
insert into ontology_terms values (49691, 23472, "simple organ", 0, 0, 0, 0);
insert into ontology_definitions values (23472, 5, "CARO:0000021", "Multi-tissue structure that is not part of a compound organ." , 1);
insert into ontology_relationships values (23472, "is_a", "CARO:0000055");
insert into ontology_terms values (49692, 23473, "compound organ", 0, 0, 0, 0);
insert into ontology_definitions values (23473, 5, "CARO:0000024", "Anatomical structure that has as its parts two or more multi-tissue structures of at least two different types and which through specific morphogenetic processes forms a single distinct structural unit demarcated by bona fide boundaries from other distinct anatomical structures of different types." , 1);
insert into ontology_relationships values (23473, "is_a", "CARO:0000003");
insert into ontology_terms values (49693, 23474, "male organism", 0, 0, 0, 0);
insert into ontology_definitions values (23474, 5, "CARO:0000027", "Gonochoristic organism that can produce male gametes." , 1);
insert into ontology_relationships values (23474, "is_a", "CARO:0000048");
insert into ontology_terms values (49694, 23475, "female organism", 0, 0, 0, 0);
insert into ontology_definitions values (23475, 5, "CARO:0000028", "Gonochoristic organism that can produce female gametes." , 1);
insert into ontology_relationships values (23475, "is_a", "CARO:0000048");
insert into ontology_terms values (49695, 23476, "hermaphroditic organism", 0, 0, 0, 0);
insert into ontology_definitions values (23476, 5, "CARO:0000029", "Multi-cellular organism that can produce both male and female gametes." , 1);
insert into ontology_terms values (49696, 23476, "dioecious organism", 1, 0, 1, 0);
insert into ontology_relationships values (23476, "is_a", "CARO:0000012");
insert into ontology_terms values (49697, 23477, "organism subdivision", 0, 0, 0, 0);
insert into ontology_definitions values (23477, 5, "CARO:0000032", "Anatomical structure which is a primary subdivision of whole organism. The mereological sum of these is the whole organism." , 1);
insert into ontology_relationships values (23477, "is_a", "CARO:0000003");
insert into ontology_terms values (49698, 23478, "acellular anatomical structure", 0, 0, 0, 0);
insert into ontology_definitions values (23478, 5, "CARO:0000040", "Anatomical structure that consists of cell parts and cell substances and together does not constitute a cell or a tissue." , 1);
insert into ontology_relationships values (23478, "is_a", "CARO:0000003");
insert into ontology_terms values (49699, 23479, "anatomical cluster", 0, 0, 0, 0);
insert into ontology_definitions values (23479, 5, "CARO:0000041", "Anatomical group that has its parts adjacent to one another. Anatomical structure, which has as its parts a heterogeneous collection of organs, organ parts, cells or body part subdivisions that are adjacent to, or continuous with one another; does not constitute an organ, organ system or organ system subdivision, or body part or body part subdivision." , 1);
insert into ontology_relationships values (23479, "is_a", "CARO:0000054");
insert into ontology_terms values (49700, 23480, "extraembryonic structure", 0, 0, 0, 0);
insert into ontology_definitions values (23480, 5, "CARO:0000042", "Anatomical structure that is contiguous with the embryo and is comprised of portions of tissue or cells that will not contribute to the embryo." , 1);
insert into ontology_relationships values (23480, "is_a", "CARO:0000003");
insert into ontology_terms values (49701, 23481, "simple tissue", 0, 0, 0, 0);
insert into ontology_definitions values (23481, 5, "CARO:0000043", "Anatomical structure, that consists of similar cells and intercellular matrix, aggregated according to genetically determined spatial relationships." , 1);
insert into ontology_terms values (49702, 23481, "portion of tissue.", 1, 0, 1, 0);
insert into ontology_relationships values (23481, "is_a", "CARO:0000003");
insert into ontology_terms values (49703, 23482, "sequential hermaphroditic organism", 0, 0, 0, 0);
insert into ontology_definitions values (23482, 5, "CARO:0000045", "Hermaphroditic organism that produces gametes first of one sex, and then later of the other sex." , 1);
insert into ontology_terms values (49704, 23482, "consecutive hermaphroditic organism", 1, 0, 1, 0);
insert into ontology_relationships values (23482, "is_a", "CARO:0000029");
insert into ontology_terms values (49705, 23483, "synchronous hermaphroditic organism", 0, 0, 0, 0);
insert into ontology_definitions values (23483, 5, "CARO:0000046", "Hermaphroditic organism that produces both male and female gametes at the same time." , 1);
insert into ontology_terms values (49706, 23483, "serially hermaphroditic organism", 1, 0, 1, 0);
insert into ontology_relationships values (23483, "is_a", "CARO:0000029");
insert into ontology_terms values (49707, 23484, "gonochoristic organism", 0, 0, 0, 0);
insert into ontology_definitions values (23484, 5, "CARO:0000048", "Multi-cellular organism that has male and female sexes." , 1);
insert into ontology_terms values (49708, 23484, "monoecious organism", 1, 0, 1, 0);
insert into ontology_relationships values (23484, "is_a", "CARO:0000012");
insert into ontology_terms values (49709, 23485, "protandrous hermaphroditic organism", 0, 0, 0, 0);
insert into ontology_definitions values (23485, 5, "CARO:0000049", "Sequential hermaphroditic organism that produces gametes first of the male sex, and then later of the female sex." , 1);
insert into ontology_relationships values (23485, "is_a", "CARO:0000045");
insert into ontology_terms values (49710, 23486, "protogynous hermaphroditic organism", 0, 0, 0, 0);
insert into ontology_definitions values (23486, 5, "CARO:0000050", "Sequential hermaphroditic organism that produces gametes first of the female sex, and then later of the male sex." , 1);
insert into ontology_relationships values (23486, "is_a", "CARO:0000045");
insert into ontology_terms values (49711, 23487, "anatomical group", 0, 0, 0, 0);
insert into ontology_definitions values (23487, 5, "CARO:0000054", "Anatomical structure consisting of at least two non-overlapping organs, multi-tissue aggregates or portion of tissues or cells of different types that does not constitute an organism, organ, multi-tissue aggregate, or portion of tissue." , 1);
insert into ontology_relationships values (23487, "is_a", "CARO:0000003");
insert into ontology_terms values (49712, 23488, "multi-tissue structure", 0, 0, 0, 0);
insert into ontology_definitions values (23488, 5, "CARO:0000055", "Anatomical structure that has as its parts two or more portions of tissue of at least two different types and which through specific morphogenetic processes forms a single distinct structural unit demarcated by bona-fide boundaries from other distinct structural units of different types." , 1);
insert into ontology_relationships values (23488, "is_a", "CARO:0000003");
insert into ontology_terms values (49713, 23489, "cell space", 0, 0, 0, 0);
insert into ontology_definitions values (23489, 5, "CARO:0000062", "Anatomical space that is part of a cell." , 1);
insert into ontology_relationships values (23489, "is_a", "CARO:0000005");
insert into ontology_terms values (49714, 23490, "asexual organism", 0, 0, 0, 0);
insert into ontology_definitions values (23490, 5, "CARO:0000063", "Multi-cellular organism that does not produce gametes." , 1);
insert into ontology_relationships values (23490, "is_a", "CARO:0000012");
insert into ontology_terms values (49715, 23491, "single cell organism", 0, 0, 0, 0);
insert into ontology_definitions values (23491, 5, "CARO:0000064", "Cell that is an individual member of a species." , 1);
insert into ontology_relationships values (23491, "is_a", "CARO:0000013");
insert into ontology_terms values (49716, 23492, "basal lamina", 0, 0, 0, 0);
insert into ontology_definitions values (23492, 5, "CARO:0000065", "Acellular anatomical structure that consists of a thin sheet of fibrous proteins that underlie and support the cells of an epithelium. It separates the cells of an epithelium from any underlying tissue." , 1);
insert into ontology_relationships values (23492, "is_a", "CARO:0000040");
insert into ontology_terms values (49717, 23493, "epithelium", 0, 0, 0, 0);
insert into ontology_definitions values (23493, 5, "CARO:0000066", "Portion of tissue, that consists of one or more layers of epithelial cells connected to each other by cell junctions and which is underlain by a basal lamina." , 1);
insert into ontology_relationships values (23493, "is_a", "CARO:0000043");
insert into ontology_terms values (49718, 23494, "simple cuboidal epithelium", 0, 0, 0, 0);
insert into ontology_definitions values (23494, 5, "CARO:0000067", "Unilaminar epithelium that consists of a single layer of cuboidal cells." , 1);
insert into ontology_relationships values (23494, "is_a", "CARO:0000073");
insert into ontology_terms values (49719, 23495, "columnar epithelium", 0, 0, 0, 0);
insert into ontology_definitions values (23495, 5, "CARO:0000068", "Unilaminar epithelium that consists of a single layer of columnar cells." , 1);
insert into ontology_relationships values (23495, "is_a", "CARO:0000073");
insert into ontology_terms values (49720, 23496, "multilaminar epithelium", 0, 0, 0, 0);
insert into ontology_definitions values (23496, 5, "CARO:0000069", "Epithelium that consists of more than one layer of epithelial cells." , 1);
insert into ontology_relationships values (23496, "is_a", "CARO:0000066");
insert into ontology_terms values (49721, 23497, "simple squamous epithelium", 0, 0, 0, 0);
insert into ontology_definitions values (23497, 5, "CARO:0000070", "Unilaminar epithelium that consists of a single layer of squamous cells." , 1);
insert into ontology_relationships values (23497, "is_a", "CARO:0000073");
insert into ontology_terms values (49722, 23498, "atypical epithelium", 0, 0, 0, 0);
insert into ontology_definitions values (23498, 5, "CARO:0000071", "Epithelium that consists of epithelial cells not arranged in one ore more layers." , 1);
insert into ontology_relationships values (23498, "is_a", "CARO:0000066");
insert into ontology_terms values (49723, 23499, "cavitated compound organ", 0, 0, 0, 0);
insert into ontology_definitions values (23499, 5, "CARO:0000072", "Compound organ that contains one or more macroscopic anatomical spaces." , 1);
insert into ontology_relationships values (23499, "is_a", "CARO:0000024");
insert into ontology_terms values (49724, 23500, "unilaminar epithelium", 0, 0, 0, 0);
insert into ontology_definitions values (23500, 5, "CARO:0000073", "Epithelium that consists of a single layer of epithelial cells." , 1);
insert into ontology_relationships values (23500, "is_a", "CARO:0000066");
insert into ontology_terms values (49725, 23501, "solid compound organ", 0, 0, 0, 0);
insert into ontology_definitions values (23501, 5, "CARO:0000074", "Compound organ that does not contain macroscopic anatomical spaces." , 1);
insert into ontology_relationships values (23501, "is_a", "CARO:0000024");
insert into ontology_terms values (49726, 23502, "epithelial cell", 0, 0, 0, 0);
insert into ontology_definitions values (23502, 5, "CARO:0000077", "Cell which has as its part a cytoskeleton that allows for tight cell to cell contact and which has apical-basal cell polarity." , 1);
insert into ontology_relationships values (23502, "is_a", "CARO:0000013");
insert into ontology_terms values (49727, 23503, "cell", 0, 0, 0, 0);
insert into ontology_definitions values (23503, 5, "CL:0000000", "Anatomical structure that has as its parts a maximally connected cell compartment surrounded by a plasma membrane." , 1);
insert into ontology_terms values (49728, 23504, "cell in vivo", 0, 0, 0, 0);
insert into ontology_relationships values (23504, "is_a", "CL:0000000");
insert into ontology_definitions values (23504, 5, "CL:0000003", NULL, 1);
insert into ontology_terms values (49729, 23505, "cell by class", 0, 0, 0, 0);
insert into ontology_relationships values (23505, "is_a", "CL:0000003");
insert into ontology_definitions values (23505, 5, "CL:0000012", NULL, 1);
insert into ontology_terms values (49730, 23506, "male germ cell", 0, 0, 0, 0);
insert into ontology_relationships values (23506, "xref", "FMA:72290");
insert into ontology_relationships values (23506, "is_a", "CL:0000586");
insert into ontology_definitions values (23506, 5, "CL:0000015", NULL, 1);
insert into ontology_terms values (49731, 23507, "female germ cell", 0, 0, 0, 0);
insert into ontology_definitions values (23507, 5, "CL:0000021", "Female germ cell is a germ cell that supports female gamete production." , 1);
insert into ontology_relationships values (23507, "is_a", "CL:0000586");
insert into ontology_terms values (49732, 23508, "neuron neural crest derived", 0, 0, 0, 0);
insert into ontology_relationships values (23508, "is_a", "CL:0000540");
insert into ontology_definitions values (23508, 5, "CL:0000029", NULL, 1);
insert into ontology_terms values (49733, 23509, "neuroblast", 0, 0, 0, 0);
insert into ontology_relationships values (23509, "is_a", "CL:0000055");
insert into ontology_definitions values (23509, 5, "CL:0000031", NULL, 1);
insert into ontology_terms values (49734, 23510, "stem cell", 0, 0, 0, 0);
insert into ontology_definitions values (23510, 5, "CL:0000034", "A relatively undifferentiated cell that retains the ability to divide and proliferate throughout life to provide progenitor cells that can differentiate into specialized cells." , 1);
insert into ontology_relationships values (23510, "is_a", "CL:0000144");
insert into ontology_terms values (49735, 23511, "germ line cell", 0, 0, 0, 0);
insert into ontology_definitions values (23511, 5, "CL:0000039", "A cell that is within the developmental lineage of gametes and is able to pass along its genetic material to offspring." , 1);
insert into ontology_relationships values (23511, "is_a", "CL:0000144");
insert into ontology_terms values (49736, 23512, "non-terminally differentiated cell", 0, 0, 0, 0);
insert into ontology_definitions values (23512, 5, "CL:0000055", "A precursor cell with a limited number of potential fates." , 1);
insert into ontology_terms values (49737, 23512, "blast cell", 1, 0, 1, 0);
insert into ontology_relationships values (23512, "is_a", "CL:0000012");
insert into ontology_terms values (49738, 23513, "fibroblast", 0, 0, 0, 0);
insert into ontology_definitions values (23513, 5, "CL:0000057", "A connective tissue cell which secretes an extracellular matrix rich in collagen and other macromolecules. Flattened and irregular in outline with branching processes; appear fusiform or spindle-shaped." , 1);
insert into ontology_relationships values (23513, "is_a", "CL:0002320");
insert into ontology_terms values (49739, 23514, "chondroblast", 0, 0, 0, 0);
insert into ontology_definitions values (23514, 5, "CL:0000058", "An immature cartilage-producing cell found in growing cartilage." , 1);
insert into ontology_terms values (49740, 23514, "chrondoplast", 1, 0, 1, 0);
insert into ontology_relationships values (23514, "is_a", "CL:0000055");
insert into ontology_relationships values (23514, "is_a", "CL:0000667");
insert into ontology_terms values (49741, 23515, "osteoblast", 0, 0, 0, 0);
insert into ontology_definitions values (23515, 5, "CL:0000062", "A bone-forming cell which secretes an extracellular matrix. Hydroxyapatite crystals are then deposited into the matrix to form bone." , 1);
insert into ontology_relationships values (23515, "is_a", "CL:0000055");
insert into ontology_relationships values (23515, "is_a", "CL:0002320");
insert into ontology_terms values (49742, 23516, "cell by histology", 0, 0, 0, 0);
insert into ontology_definitions values (23516, 5, "CL:0000063", "A classification of cells by their microscopic appearance." , 1);
insert into ontology_relationships values (23516, "is_a", "CL:0000012");
insert into ontology_terms values (49743, 23517, "epithelial cell", 0, 0, 0, 0);
insert into ontology_definitions values (23517, 5, "CL:0000066", "A cell that is usually found in a two-dimensional sheet with a free surface. The cell has a cytoskeleton that allows for tight cell to cell contact and for cell polarity where apical part is directed towards the lumen and the basal part to the basal lamina." , 1);
insert into ontology_terms values (49744, 23517, "Epitheliocyte", 1, 0, 1, 0);
insert into ontology_relationships values (23517, "is_a", "CL:0000063");
insert into ontology_terms values (49745, 23518, "duct epithelial cell", 0, 0, 0, 0);
insert into ontology_relationships values (23518, "is_a", "CL:0000066");
insert into ontology_relationships values (23518, "is_a", "CL:0002371");
insert into ontology_definitions values (23518, 5, "CL:0000068", NULL, 1);
insert into ontology_terms values (49746, 23519, "blood vessel endothelial cell", 0, 0, 0, 0);
insert into ontology_definitions values (23519, 5, "CL:0000071", "An endothelial cell that lines the vasculature." , 1);
insert into ontology_terms values (49747, 23519, "Cuboidal endothelial cell of vascular tree", 1, 0, 1, 0);
insert into ontology_relationships values (23519, "is_a", "CL:0000076");
insert into ontology_terms values (49748, 23520, "columnar/cuboidal epithelial cell", 0, 0, 0, 0);
insert into ontology_relationships values (23520, "is_a", "CL:0000066");
insert into ontology_relationships values (23520, "is_a", "CL:0002371");
insert into ontology_definitions values (23520, 5, "CL:0000075", NULL, 1);
insert into ontology_terms values (49749, 23521, "squamous epithelial cell", 0, 0, 0, 0);
insert into ontology_relationships values (23521, "is_a", "CL:0000066");
insert into ontology_definitions values (23521, 5, "CL:0000076", NULL, 1);
insert into ontology_terms values (49750, 23522, "stratified epithelial cell", 0, 0, 0, 0);
insert into ontology_relationships values (23522, "is_a", "CL:0000066");
insert into ontology_relationships values (23522, "is_a", "CL:0002371");
insert into ontology_definitions values (23522, 5, "CL:0000079", NULL, 1);
insert into ontology_terms values (49751, 23523, "circulating cell", 0, 0, 0, 0);
insert into ontology_definitions values (23523, 5, "CL:0000080", "A cell which moves among different tissues of the body, via blood, lymph, or other medium." , 1);
insert into ontology_relationships values (23523, "is_a", "CL:0000144");
insert into ontology_terms values (49752, 23524, "blood cell", 0, 0, 0, 0);
insert into ontology_definitions values (23524, 5, "CL:0000081", "A cell found predominately in the blood." , 1);
insert into ontology_relationships values (23524, "is_a", "CL:0000988");
insert into ontology_terms values (49753, 23525, "neuron associated cell", 0, 0, 0, 0);
insert into ontology_relationships values (23525, "is_a", "CL:0002319");
insert into ontology_definitions values (23525, 5, "CL:0000095", NULL, 1);
insert into ontology_terms values (49754, 23526, "interneuron", 0, 0, 0, 0);
insert into ontology_definitions values (23526, 5, "CL:0000099", "Most generally any neuron which is not motor or sensory. Interneurons may also refer to neurons whose axons remain within a particular brain region as contrasted with projection neurons which have axons projecting to other brain regions." , 1);
insert into ontology_relationships values (23526, "is_a", "CL:0000540");
insert into ontology_terms values (49755, 23527, "sensory neuron", 0, 0, 0, 0);
insert into ontology_definitions values (23527, 5, "CL:0000101", "Any neuron having a sensory function; an afferent neuron conveying sensory impulses." , 1);
insert into ontology_relationships values (23527, "is_a", "CL:0000526");
insert into ontology_terms values (49756, 23528, "autonomic neuron", 0, 0, 0, 0);
insert into ontology_definitions values (23528, 5, "CL:0000107", "A neruon whose cell body is within an autonomic ganglion." , 1);
insert into ontology_relationships values (23528, "is_a", "CL:0000540");
insert into ontology_terms values (49757, 23529, "glial cell", 0, 0, 0, 0);
insert into ontology_definitions values (23529, 5, "CL:0000125", "A non-neuronal cell of the nervous system. They not only provide physical support, but also respond to injury, regulate the ionic and chemical composition of the extracellular milieu. Guide neuronal migration during development, and exchange metabolites with neurons." , 1);
insert into ontology_terms values (49758, 23529, "neuroglia", 1, 0, 1, 0);
insert into ontology_terms values (49759, 23529, "neuroglial cell", 1, 0, 1, 0);
insert into ontology_relationships values (23529, "is_a", "CL:0000095");
insert into ontology_terms values (49760, 23530, "macroglial cell", 0, 0, 0, 0);
insert into ontology_definitions values (23530, 5, "CL:0000126", "A neuroglial cell of ectodermal origin, i.e., the astrocytes and oligodendrocytes considered together." , 1);
insert into ontology_terms values (49761, 23530, "Macrogliocyte", 1, 0, 1, 0);
insert into ontology_relationships values (23530, "is_a", "CL:0000243");
insert into ontology_terms values (49762, 23531, "astrocyte", 0, 0, 0, 0);
insert into ontology_definitions values (23531, 5, "CL:0000127", "A class of large neuroglial (macroglial) cells in the central nervous system - the largest and most numerous neuroglial cells in the brain and spinal cord. Astrocytes (from 'star' cells) are irregularly shaped with many long processes, including those with 'end feet' which form the glial (limiting) membrane and directly and indirectly contribute to the blood-brain barrier. They regulate the extracellular ionic and chemical environment, and 'reactive astrocytes' (along with microglia) respond to injury." , 1);
insert into ontology_terms values (49763, 23531, "astrocytic glia", 1, 0, 1, 0);
insert into ontology_relationships values (23531, "is_a", "CL:0000128");
insert into ontology_terms values (49764, 23532, "oligodendrocyte", 0, 0, 0, 0);
insert into ontology_definitions values (23532, 5, "CL:0000128", "A class of large neuroglial (macroglial) cells in the central nervous system. Form the insulating myelin sheath of axons in the central nervous system." , 1);
insert into ontology_terms values (49765, 23532, "oligodendroglia", 1, 0, 1, 0);
insert into ontology_relationships values (23532, "is_a", "CL:0000126");
insert into ontology_terms values (49766, 23533, "microglial cell", 0, 0, 0, 0);
insert into ontology_definitions values (23533, 5, "CL:0000129", "A central nervous system macrophage found in the parenchyma of the central nervous system. Marker include CD11b-positive, F4/80-positive, and CD68-positive." , 1);
insert into ontology_terms values (49767, 23533, "brain macrophage", 1, 0, 1, 0);
insert into ontology_terms values (49768, 23533, "brain-resident macrophage", 1, 0, 1, 0);
insert into ontology_terms values (49769, 23533, "hortega cells", 1, 0, 1, 0);
insert into ontology_terms values (49770, 23533, "MF.microglia.CNS", 1, 0, 1, 0);
insert into ontology_terms values (49771, 23533, "microglia", 1, 0, 1, 0);
insert into ontology_terms values (49772, 23533, "microgliocyte", 1, 0, 1, 0);
insert into ontology_relationships values (23533, "is_a", "CL:0000243");
insert into ontology_terms values (49773, 23534, "mesenchymal cell", 0, 0, 0, 0);
insert into ontology_definitions values (23534, 5, "CL:0000134", "A connective tissue cell that normally gives rise to other cells that are organized as three-dimensional masses. This cell type is CD73-positive, CD90-positive, CD105-positive, CD45-negative, CD34-negative, and MHCII-negative. They may further differentiate into osteoblasts, adipocytes, myocytes, neurons, or chondroblasts in vitro.  Originally described as residing in the bone marrow, this cell type is now known to reside in many, if not all, adult organs." , 1);
insert into ontology_terms values (49774, 23534, "BMSC", 1, 0, 1, 0);
insert into ontology_terms values (49775, 23534, "bone marrow stromal cells", 1, 0, 1, 0);
insert into ontology_terms values (49776, 23534, "CFU-F", 1, 0, 1, 0);
insert into ontology_terms values (49777, 23534, "colony-forming unit-fibroblast", 1, 0, 1, 0);
insert into ontology_terms values (49778, 23534, "marrow stromal cells", 1, 0, 1, 0);
insert into ontology_terms values (49779, 23534, "mesenchymal precursor cell", 1, 0, 1, 0);
insert into ontology_terms values (49780, 23534, "mesenchymal progenitor cells", 1, 0, 1, 0);
insert into ontology_terms values (49781, 23534, "mesenchymal stem cell", 1, 0, 1, 0);
insert into ontology_terms values (49782, 23534, "mesenchymal stromal cell", 1, 0, 1, 0);
insert into ontology_terms values (49783, 23534, "mesenchymal stromal cells", 1, 0, 1, 0);
insert into ontology_terms values (49784, 23534, "MSC", 1, 0, 1, 0);
insert into ontology_terms values (49785, 23534, "Stem Cells, Mesenchymal", 1, 0, 1, 0);
insert into ontology_relationships values (23534, "is_a", "CL:0000063");
insert into ontology_terms values (49786, 23535, "fat cell", 0, 0, 0, 0);
insert into ontology_definitions values (23535, 5, "CL:0000136", "A fat-storing cell found mostly in the abdominal cavity and subcutaneous tissue of mammals. Fat is usually stored in the form of triglycerides." , 1);
insert into ontology_terms values (49787, 23535, "adipocyte", 1, 0, 1, 0);
insert into ontology_terms values (49788, 23535, "adipose cell", 1, 0, 1, 0);
insert into ontology_relationships values (23535, "is_a", "CL:0002320");
insert into ontology_terms values (49789, 23536, "chondrocyte", 0, 0, 0, 0);
insert into ontology_definitions values (23536, 5, "CL:0000138", "Polymorphic cell that form cartilage." , 1);
insert into ontology_terms values (49790, 23536, "cartilage cell", 1, 0, 1, 0);
insert into ontology_relationships values (23536, "is_a", "CL:0000667");
insert into ontology_terms values (49791, 23537, "cell by function", 0, 0, 0, 0);
insert into ontology_definitions values (23537, 5, "CL:0000144", "A classification of cells by their primary end goal or behavior." , 1);
insert into ontology_relationships values (23537, "is_a", "CL:0000012");
insert into ontology_terms values (49792, 23538, "secretory cell", 0, 0, 0, 0);
insert into ontology_definitions values (23538, 5, "CL:0000151", "A cell that specializes in controlled release of one or more substances." , 1);
insert into ontology_relationships values (23538, "is_a", "CL:0000144");
insert into ontology_terms values (49793, 23539, "neuroendocrine cell", 0, 0, 0, 0);
insert into ontology_definitions values (23539, 5, "CL:0000165", "An endocrine cell that has the specialized function to produce and secrete hormones in response to neuronal signals." , 1);
insert into ontology_terms values (49794, 23539, "neurosecretory cell", 1, 0, 1, 0);
insert into ontology_relationships values (23539, "is_a", "CL:0000393");
insert into ontology_terms values (49795, 23540, "muscle cell", 0, 0, 0, 0);
insert into ontology_definitions values (23540, 5, "CL:0000187", "A mature contractile cell, commonly known as a myocyte. This cell has as part of its cytoplasm myofibrils organized in various patterns." , 1);
insert into ontology_terms values (49796, 23540, "myocyte", 1, 0, 1, 0);
insert into ontology_relationships values (23540, "is_a", "CL:0000393");
insert into ontology_relationships values (23540, "is_a", "CL:0002371");
insert into ontology_terms values (49797, 23541, "skeletal muscle cell", 0, 0, 0, 0);
insert into ontology_definitions values (23541, 5, "CL:0000188", "A somatic cell located in skeletal muscle." , 1);
insert into ontology_relationships values (23541, "is_a", "CL:0000187");
insert into ontology_terms values (49798, 23542, "smooth muscle cell", 0, 0, 0, 0);
insert into ontology_definitions values (23542, 5, "CL:0000192", "A non-striated, elongated, spindle-shaped cell found lining the digestive tract, uterus, and blood vessels. They develop from specialized myoblasts (smooth muscle myoblast)." , 1);
insert into ontology_terms values (49799, 23542, "myocytes, smooth muscle", 1, 0, 1, 0);
insert into ontology_terms values (49800, 23542, "non-striated muscle cell", 1, 0, 1, 0);
insert into ontology_terms values (49801, 23542, "SMCs", 1, 0, 1, 0);
insert into ontology_terms values (49802, 23542, "smooth muscle fiber", 1, 0, 1, 0);
insert into ontology_relationships values (23542, "is_a", "CL:0000187");
insert into ontology_terms values (49803, 23543, "flight muscle cell", 0, 0, 0, 0);
insert into ontology_relationships values (23543, "is_a", "CL:0000187");
insert into ontology_definitions values (23543, 5, "CL:0000196", NULL, 1);
insert into ontology_terms values (49804, 23544, "electrically active cell", 0, 0, 0, 0);
insert into ontology_definitions values (23544, 5, "CL:0000211", "A cell whose function is determined by the generation or the reception of an electric signal." , 1);
insert into ontology_relationships values (23544, "is_a", "CL:0000144");
insert into ontology_terms values (49805, 23545, "cell by nuclear number", 0, 0, 0, 0);
insert into ontology_definitions values (23545, 5, "CL:0000224", "A classification of cells by the number of their nuclei." , 1);
insert into ontology_relationships values (23545, "is_a", "CL:0000012");
insert into ontology_terms values (49806, 23546, "multinucleate cell", 0, 0, 0, 0);
insert into ontology_definitions values (23546, 5, "CL:0000228", "A cell with more than one nucleus." , 1);
insert into ontology_terms values (49807, 23546, "syncitium", 1, 0, 1, 0);
insert into ontology_terms values (49808, 23546, "syncytial cell", 1, 0, 1, 0);
insert into ontology_terms values (49809, 23546, "syncytium", 1, 0, 1, 0);
insert into ontology_relationships values (23546, "is_a", "CL:0002242");
insert into ontology_terms values (49810, 23547, "glial cell (sensu Vertebrata)", 0, 0, 0, 0);
insert into ontology_definitions values (23547, 5, "CL:0000243", "A non-neuronal cell of the nervous system. They not only provide physical support, but also respond to injury, regulate the ionic and chemical composition of the extracellular milieu. Form the myelin insulation of nervous pathways, guide neuronal migration during development, and exchange metabolites with neurons. Neuroglia have high-affinity transmitter uptake systems, voltage-dependent and transmitter-gated ion channels, and can release transmitters, but their role in signaling (as in many other functions) is unclear." , 1);
insert into ontology_relationships values (23547, "is_a", "CL:0000125");
insert into ontology_terms values (49811, 23548, "extracellular matrix secreting cell", 0, 0, 0, 0);
insert into ontology_relationships values (23548, "is_a", "CL:0000151");
insert into ontology_relationships values (23548, "is_a", "CL:0000499");
insert into ontology_definitions values (23548, 5, "CL:0000327", NULL, 1);
insert into ontology_terms values (49812, 23549, "mesenchyme condensation cell", 0, 0, 0, 0);
insert into ontology_definitions values (23549, 5, "CL:0000335", "A mesenchymal cell in embryonic development found in a contracting mass and that gives rise to osteoprogenitors." , 1);
insert into ontology_relationships values (23549, "is_a", "CL:0000134");
insert into ontology_terms values (49813, 23550, "electrically responsive cell", 0, 0, 0, 0);
insert into ontology_definitions values (23550, 5, "CL:0000393", "A cell whose function is determined by its response to an electric signal." , 1);
insert into ontology_relationships values (23550, "is_a", "CL:0000211");
insert into ontology_terms values (49814, 23551, "cell by ploidy", 0, 0, 0, 0);
insert into ontology_definitions values (23551, 5, "CL:0000414", "A classification of cells by the number of haploid genome equivalents of their nucleus or nuclei." , 1);
insert into ontology_relationships values (23551, "is_a", "CL:0000012");
insert into ontology_terms values (49815, 23552, "obliquely striated muscle cell", 0, 0, 0, 0);
insert into ontology_relationships values (23552, "is_a", "CL:0000737");
insert into ontology_definitions values (23552, 5, "CL:0000444", NULL, 1);
insert into ontology_terms values (49816, 23553, "apoptosis fated cell", 0, 0, 0, 0);
insert into ontology_relationships values (23553, "is_a", "CL:0000144");
insert into ontology_definitions values (23553, 5, "CL:0000445", NULL, 1);
insert into ontology_terms values (49817, 23554, "neuroglioblast", 0, 0, 0, 0);
insert into ontology_relationships values (23554, "is_a", "CL:0000055");
insert into ontology_definitions values (23554, 5, "CL:0000468", NULL, 1);
insert into ontology_terms values (49818, 23555, "stromal cell", 0, 0, 0, 0);
insert into ontology_definitions values (23555, 5, "CL:0000499", "A connective tissue cell of an organ found in the loose connective tissue. These are most often associated with the uterine mucosa and the ovary as well as the hematopoietic system and elsewhere." , 1);
insert into ontology_relationships values (23555, "is_a", "CL:0002320");
insert into ontology_terms values (49819, 23556, "syncytiotrophoblast cell", 0, 0, 0, 0);
insert into ontology_definitions values (23556, 5, "CL:0000525", "A cell from the outer syncytial layer of the trophoblast of an early mammalian embryo. It It secretes hCG in order to maintain progesterone secretion and sustain a pregnancy." , 1);
insert into ontology_terms values (49820, 23556, "plasmidotrophoblast", 1, 0, 1, 0);
insert into ontology_terms values (49821, 23556, "syncytial trophoblast", 1, 0, 1, 0);
insert into ontology_terms values (49822, 23556, "syntrophoblast", 1, 0, 1, 0);
insert into ontology_relationships values (23556, "is_a", "CL:0000228");
insert into ontology_terms values (49823, 23557, "afferent neuron", 0, 0, 0, 0);
insert into ontology_definitions values (23557, 5, "CL:0000526", "A neuron which conveys sensory information centrally from the periphery." , 1);
insert into ontology_terms values (49824, 23557, "input neuron", 1, 0, 1, 0);
insert into ontology_relationships values (23557, "is_a", "CL:0000540");
insert into ontology_terms values (49825, 23558, "efferent neuron", 0, 0, 0, 0);
insert into ontology_definitions values (23558, 5, "CL:0000527", "A neuron which sends impulses peripherally to activate muscles or secretory cells." , 1);
insert into ontology_terms values (49826, 23558, "output neuron", 1, 0, 1, 0);
insert into ontology_relationships values (23558, "is_a", "CL:0000540");
insert into ontology_terms values (49827, 23559, "neuron", 0, 0, 0, 0);
insert into ontology_definitions values (23559, 5, "CL:0000540", "The basic cellular unit of nervous tissue. Each neuron consists of a body, an axon, and dendrites. Their purpose is to receive, conduct, and transmit impulses in the nervous system." , 1);
insert into ontology_terms values (49828, 23559, "nerve cell", 1, 0, 1, 0);
insert into ontology_relationships values (23559, "is_a", "CL:0000393");
insert into ontology_terms values (49829, 23560, "germ cell", 0, 0, 0, 0);
insert into ontology_definitions values (23560, 5, "CL:0000586", "The reproductive cell in multicellular organisms." , 1);
insert into ontology_relationships values (23560, "xref", "BTO:0000535");
insert into ontology_relationships values (23560, "is_a", "CL:0000039");
insert into ontology_terms values (49830, 23561, "cuticle secreting cell", 0, 0, 0, 0);
insert into ontology_definitions values (23561, 5, "CL:0000658", "An epithelial cell that secretes cuticle." , 1);
insert into ontology_relationships values (23561, "is_a", "CL:0000066");
insert into ontology_relationships values (23561, "is_a", "CL:0000327");
insert into ontology_terms values (49831, 23562, "collagen secreting cell", 0, 0, 0, 0);
insert into ontology_definitions values (23562, 5, "CL:0000667", "An extracellular matrix secreting cell that secretes collagen." , 1);
insert into ontology_relationships values (23562, "is_a", "CL:0000327");
insert into ontology_terms values (49832, 23563, "primordial germ cell", 0, 0, 0, 0);
insert into ontology_definitions values (23563, 5, "CL:0000670", "A primordial germ cell is a diploid germ cell precursors that transiently exist in the embryo before they enter into close association with the somatic cells of the gonad and become irreversibly committed as germ cells." , 1);
insert into ontology_terms values (49833, 23563, "Gonocyte", 1, 1, 0, 0);
insert into ontology_terms values (49834, 23563, "Gonocyte", 1, 0, 1, 0);
insert into ontology_terms values (49835, 23563, "Primitive germ cell", 1, 1, 0, 0);
insert into ontology_terms values (49836, 23563, "Primitive germ cell", 1, 0, 1, 0);
insert into ontology_relationships values (23563, "xref", "FMA:70567");
insert into ontology_relationships values (23563, "is_a", "CL:0000039");
insert into ontology_terms values (49837, 23564, "muscle precursor cell", 0, 0, 0, 0);
insert into ontology_relationships values (23564, "is_a", "CL:0000055");
insert into ontology_relationships values (23564, "is_a", "CL:0002371");
insert into ontology_definitions values (23564, 5, "CL:0000680", NULL, 1);
insert into ontology_terms values (49838, 23565, "striated muscle cell", 0, 0, 0, 0);
insert into ontology_definitions values (23565, 5, "CL:0000737", "Muscle cell which has as its direct parts myofilaments organized into sarcomeres." , 1);
insert into ontology_relationships values (23565, "is_a", "CL:0000187");
insert into ontology_terms values (49839, 23566, "cardiac muscle cell", 0, 0, 0, 0);
insert into ontology_definitions values (23566, 5, "CL:0000746", "A myocyte located in the heart. The contractile fiber resembles those of skeletal muscle but are only one third as large in diameter, are richer in sarcoplasm, and contain centrally located instead of peripheral nuclei." , 1);
insert into ontology_terms values (49840, 23566, "cardiac myocyte", 1, 0, 1, 0);
insert into ontology_terms values (49841, 23566, "cardiocyte", 1, 0, 1, 0);
insert into ontology_terms values (49842, 23566, "cardiomyocyte", 1, 0, 1, 0);
insert into ontology_terms values (49843, 23566, "heart muscle cell", 1, 0, 1, 0);
insert into ontology_relationships values (23566, "is_a", "CL:0000737");
insert into ontology_terms values (49844, 23567, "hematopoietic cell", 0, 0, 0, 0);
insert into ontology_definitions values (23567, 5, "CL:0000988", "A cell of a hematopoietic lineage." , 1);
insert into ontology_terms values (49845, 23567, "haematopoietic cell", 1, 0, 1, 0);
insert into ontology_terms values (49846, 23567, "haemopoietic cell", 1, 0, 1, 0);
insert into ontology_terms values (49847, 23567, "hemopoietic cell", 1, 0, 1, 0);
insert into ontology_relationships values (23567, "is_a", "CL:0002371");
insert into ontology_terms values (49848, 23568, "nucleate cell", 0, 0, 0, 0);
insert into ontology_definitions values (23568, 5, "CL:0002242", "A cell containing at least one nucleus." , 1);
insert into ontology_relationships values (23568, "is_a", "CL:0000224");
insert into ontology_terms values (49849, 23569, "neural cell", 0, 0, 0, 0);
insert into ontology_definitions values (23569, 5, "CL:0002319", "A cell that is part of the nervous system." , 1);
insert into ontology_relationships values (23569, "is_a", "CL:0002371");
insert into ontology_terms values (49850, 23570, "connective tissue cell", 0, 0, 0, 0);
insert into ontology_definitions values (23570, 5, "CL:0002320", "A cell of the supporting or framework tissue of the body, arising chiefly from the embryonic mesoderm and including adipose tissue, cartilage, and bone." , 1);
insert into ontology_relationships values (23570, "is_a", "CL:0002371");
insert into ontology_terms values (49851, 23571, "somatic cell", 0, 0, 0, 0);
insert into ontology_definitions values (23571, 5, "CL:0002371", "A cell of an organism that does not pass on its genetic material to the organism's offspring (i.e. a non-germ line cell)." , 1);
insert into ontology_relationships values (23571, "is_a", "CL:0000144");
insert into ontology_terms values (49852, 23572, "myotube", 0, 0, 0, 0);
insert into ontology_definitions values (23572, 5, "CL:0002372", "A myotube is a multinucleated cells that is formed when proliferating myoblasts exit the cell cycle, differentiate and fuse." , 1);
insert into ontology_terms values (49853, 23572, "myotubule", 1, 0, 1, 0);
insert into ontology_terms values (49854, 23572, "single cell sarcomere", 1, 0, 1, 0);
insert into ontology_terms values (49855, 23572, "skeletal muscle fiber", 1, 0, 1, 0);
insert into ontology_relationships values (23572, "is_a", "CL:0000188");
insert into ontology_relationships values (23572, "is_a", "CL:0000228");
insert into ontology_relationships values (23572, "is_a", "CL:0000737");
insert into ontology_terms values (49856, 23573, "Schwann cell", 0, 0, 0, 0);
insert into ontology_definitions values (23573, 5, "CL:0002573", "A glial cell that ensheathes axons of neuron in the peripheral nervous system and are necessary for their maintainance and function." , 1);
insert into ontology_relationships values (23573, "is_a", "CL:0000243");
insert into ontology_terms values (49857, 23574, "CS01", 0, 0, 0, 0);
insert into ontology_relationships values (23574, "is_a", "CS:0");
insert into ontology_definitions values (23574, 5, "CS01", NULL, 1);
insert into ontology_terms values (49858, 23575, "CS02", 0, 0, 0, 0);
insert into ontology_relationships values (23575, "is_a", "CS:0");
insert into ontology_definitions values (23575, 5, "CS02", NULL, 1);
insert into ontology_terms values (49859, 23576, "CS03", 0, 0, 0, 0);
insert into ontology_relationships values (23576, "is_a", "CARO:0000054");
insert into ontology_relationships values (23576, "is_a", "CS:0");
insert into ontology_definitions values (23576, 5, "CS03", NULL, 1);
insert into ontology_terms values (49860, 23577, "CS04", 0, 0, 0, 0);
insert into ontology_relationships values (23577, "is_a", "CS:0");
insert into ontology_definitions values (23577, 5, "CS04", NULL, 1);
insert into ontology_terms values (49861, 23578, "CS05a", 0, 0, 0, 0);
insert into ontology_relationships values (23578, "is_a", "CS:0");
insert into ontology_definitions values (23578, 5, "CS05a", NULL, 1);
insert into ontology_terms values (49862, 23579, "CS05b", 0, 0, 0, 0);
insert into ontology_relationships values (23579, "is_a", "CS:0");
insert into ontology_definitions values (23579, 5, "CS05b", NULL, 1);
insert into ontology_terms values (49863, 23580, "CS05c", 0, 0, 0, 0);
insert into ontology_relationships values (23580, "is_a", "CS:0");
insert into ontology_definitions values (23580, 5, "CS05c", NULL, 1);
insert into ontology_terms values (49864, 23581, "CS06a", 0, 0, 0, 0);
insert into ontology_relationships values (23581, "is_a", "CS:0");
insert into ontology_definitions values (23581, 5, "CS06a", NULL, 1);
insert into ontology_terms values (49865, 23582, "CS06b", 0, 0, 0, 0);
insert into ontology_relationships values (23582, "is_a", "CS:0");
insert into ontology_definitions values (23582, 5, "CS06b", NULL, 1);
insert into ontology_terms values (49866, 23583, "CS07", 0, 0, 0, 0);
insert into ontology_relationships values (23583, "is_a", "CS:0");
insert into ontology_definitions values (23583, 5, "CS07", NULL, 1);
insert into ontology_terms values (49867, 23584, "CS08", 0, 0, 0, 0);
insert into ontology_relationships values (23584, "is_a", "CS:0");
insert into ontology_definitions values (23584, 5, "CS08", NULL, 1);
insert into ontology_terms values (49868, 23585, "CS09", 0, 0, 0, 0);
insert into ontology_relationships values (23585, "is_a", "CS:0");
insert into ontology_definitions values (23585, 5, "CS09", NULL, 1);
insert into ontology_terms values (49869, 23586, "CS10", 0, 0, 0, 0);
insert into ontology_relationships values (23586, "is_a", "CS:0");
insert into ontology_definitions values (23586, 5, "CS10", NULL, 1);
insert into ontology_terms values (49870, 23587, "CS11", 0, 0, 0, 0);
insert into ontology_relationships values (23587, "is_a", "CS:0");
insert into ontology_definitions values (23587, 5, "CS11", NULL, 1);
insert into ontology_terms values (49871, 23588, "CS12", 0, 0, 0, 0);
insert into ontology_relationships values (23588, "is_a", "CS:0");
insert into ontology_definitions values (23588, 5, "CS12", NULL, 1);
insert into ontology_terms values (49872, 23589, "CS13", 0, 0, 0, 0);
insert into ontology_relationships values (23589, "is_a", "CS:0");
insert into ontology_definitions values (23589, 5, "CS13", NULL, 1);
insert into ontology_terms values (49873, 23590, "CS14", 0, 0, 0, 0);
insert into ontology_relationships values (23590, "is_a", "CS:0");
insert into ontology_definitions values (23590, 5, "CS14", NULL, 1);
insert into ontology_terms values (49874, 23591, "CS15", 0, 0, 0, 0);
insert into ontology_relationships values (23591, "is_a", "CS:0");
insert into ontology_definitions values (23591, 5, "CS15", NULL, 1);
insert into ontology_terms values (49875, 23592, "CS16", 0, 0, 0, 0);
insert into ontology_relationships values (23592, "is_a", "CS:0");
insert into ontology_definitions values (23592, 5, "CS16", NULL, 1);
insert into ontology_terms values (49876, 23593, "CS17", 0, 0, 0, 0);
insert into ontology_relationships values (23593, "is_a", "CS:0");
insert into ontology_definitions values (23593, 5, "CS17", NULL, 1);
insert into ontology_terms values (49877, 23594, "CS18", 0, 0, 0, 0);
insert into ontology_relationships values (23594, "is_a", "CS:0");
insert into ontology_definitions values (23594, 5, "CS18", NULL, 1);
insert into ontology_terms values (49878, 23595, "CS19", 0, 0, 0, 0);
insert into ontology_relationships values (23595, "is_a", "CS:0");
insert into ontology_definitions values (23595, 5, "CS19", NULL, 1);
insert into ontology_terms values (49879, 23596, "CS20", 0, 0, 0, 0);
insert into ontology_relationships values (23596, "is_a", "CS:0");
insert into ontology_definitions values (23596, 5, "CS20", NULL, 1);
insert into ontology_terms values (49880, 23597, "Carnegie stage", 0, 0, 0, 0);
insert into ontology_definitions values (23597, 5, "CS:0", NULL, 1);
insert into ontology_terms values (49881, 23598, "Abstract human developmental anatomy", 0, 0, 0, 0);
insert into ontology_definitions values (23598, 5, "EHDAA2:0000000", NULL, 1);
insert into ontology_terms values (49882, 23599, "human conceptus", 0, 0, 0, 0);
insert into ontology_relationships values (23599, "is_a", "AEO:0000194");
insert into ontology_relationships values (23599, "is_a", "EHDAA2:0000000");
insert into ontology_definitions values (23599, 5, "EHDAA2:0000001", NULL, 1);
insert into ontology_terms values (49883, 23600, "human embryo", 0, 0, 0, 0);
insert into ontology_relationships values (23600, "is_a", "AEO:0000169");
insert into ontology_definitions values (23600, 5, "EHDAA2:0000002", NULL, 1);
insert into ontology_terms values (49884, 23601, "human conceptus extraembryonic component", 0, 0, 0, 0);
insert into ontology_relationships values (23601, "is_a", "CARO:0000041");
insert into ontology_relationships values (23601, "is_a", "CARO:0000055");
insert into ontology_definitions values (23601, 5, "EHDAA2:0000003", NULL, 1);
insert into ontology_terms values (49885, 23602, "morula (2-16 cells)", 0, 0, 0, 0);
insert into ontology_relationships values (23602, "is_a", "AEO:0000132");
insert into ontology_relationships values (23602, "is_a", "CARO:0000012");
insert into ontology_definitions values (23602, 5, "EHDAA2:0000005", NULL, 1);
insert into ontology_terms values (49886, 23603, "1st arch", 0, 0, 0, 0);
insert into ontology_relationships values (23603, "is_a", "AEO:0000205");
insert into ontology_relationships values (23603, "is_a", "CARO:0000055");
insert into ontology_definitions values (23603, 5, "EHDAA2:0000006", NULL, 1);
insert into ontology_terms values (49887, 23604, "1st arch artery", 0, 0, 0, 0);
insert into ontology_relationships values (23604, "is_a", "AEO:0000208");
insert into ontology_definitions values (23604, 5, "EHDAA2:0000007", NULL, 1);
insert into ontology_terms values (49888, 23605, "1st arch groove ectoderm", 0, 0, 0, 0);
insert into ontology_relationships values (23605, "is_a", "AEO:0000161");
insert into ontology_relationships values (23605, "is_a", "CARO:0000073");
insert into ontology_definitions values (23605, 5, "EHDAA2:0000009", NULL, 1);
insert into ontology_terms values (49889, 23606, "1st arch pouch endoderm", 0, 0, 0, 0);
insert into ontology_relationships values (23606, "is_a", "CARO:0000073");
insert into ontology_definitions values (23606, 5, "EHDAA2:0000016", NULL, 1);
insert into ontology_terms values (49890, 23607, "1st arch mandibular component", 0, 0, 0, 0);
insert into ontology_relationships values (23607, "is_a", "CARO:0000055");
insert into ontology_definitions values (23607, 5, "EHDAA2:0000031", NULL, 1);
insert into ontology_terms values (49891, 23608, "1st arch mandibular ectoderm", 0, 0, 0, 0);
insert into ontology_relationships values (23608, "is_a", "CARO:0000073");
insert into ontology_definitions values (23608, 5, "EHDAA2:0000032", NULL, 1);
insert into ontology_terms values (49892, 23609, "1st arch mandibular endoderm", 0, 0, 0, 0);
insert into ontology_relationships values (23609, "is_a", "CARO:0000073");
insert into ontology_definitions values (23609, 5, "EHDAA2:0000033", NULL, 1);
insert into ontology_terms values (49893, 23610, "1st arch mandibular mesenchyme", 0, 0, 0, 0);
insert into ontology_relationships values (23610, "is_a", "CARO:0000055");
insert into ontology_definitions values (23610, 5, "EHDAA2:0000034", NULL, 1);
insert into ontology_terms values (49894, 23611, "1st arch mandibular mesenchyme from head mesenchyme", 0, 0, 0, 0);
insert into ontology_relationships values (23611, "is_a", "AEO:0000145");
insert into ontology_definitions values (23611, 5, "EHDAA2:0000036", NULL, 1);
insert into ontology_terms values (49895, 23612, "1st arch mandibular mesenchyme from neural crest", 0, 0, 0, 0);
insert into ontology_relationships values (23612, "is_a", "AEO:0000145");
insert into ontology_definitions values (23612, 5, "EHDAA2:0000037", NULL, 1);
insert into ontology_terms values (49896, 23613, "1st arch maxillary component", 0, 0, 0, 0);
insert into ontology_relationships values (23613, "is_a", "CARO:0000055");
insert into ontology_definitions values (23613, 5, "EHDAA2:0000038", NULL, 1);
insert into ontology_terms values (49897, 23614, "1st arch maxillary ectoderm", 0, 0, 0, 0);
insert into ontology_relationships values (23614, "is_a", "CARO:0000073");
insert into ontology_definitions values (23614, 5, "EHDAA2:0000039", NULL, 1);
insert into ontology_terms values (49898, 23615, "1st arch maxillary endoderm", 0, 0, 0, 0);
insert into ontology_relationships values (23615, "is_a", "CARO:0000073");
insert into ontology_definitions values (23615, 5, "EHDAA2:0000040", NULL, 1);
insert into ontology_terms values (49899, 23616, "1st arch maxillary mesenchyme", 0, 0, 0, 0);
insert into ontology_relationships values (23616, "is_a", "CARO:0000055");
insert into ontology_definitions values (23616, 5, "EHDAA2:0000041", NULL, 1);
insert into ontology_terms values (49900, 23617, "1st arch maxillary mesenchyme from head mesenchyme", 0, 0, 0, 0);
insert into ontology_relationships values (23617, "is_a", "AEO:0000146");
insert into ontology_definitions values (23617, 5, "EHDAA2:0000043", NULL, 1);
insert into ontology_terms values (49901, 23618, "1st arch maxillary mesenchyme from neural crest", 0, 0, 0, 0);
insert into ontology_relationships values (23618, "is_a", "AEO:0000146");
insert into ontology_definitions values (23618, 5, "EHDAA2:0000044", NULL, 1);
insert into ontology_terms values (49902, 23619, "1st arch maxillary-mandibular groove ectoderm", 0, 0, 0, 0);
insert into ontology_relationships values (23619, "is_a", "AEO:0000161");
insert into ontology_relationships values (23619, "is_a", "CARO:0000073");
insert into ontology_definitions values (23619, 5, "EHDAA2:0000046", NULL, 1);
insert into ontology_terms values (49903, 23620, "future external epithelium of eardrum", 0, 0, 0, 0);
insert into ontology_relationships values (23620, "is_a", "CARO:0000073");
insert into ontology_definitions values (23620, 5, "EHDAA2:0000048", NULL, 1);
insert into ontology_terms values (49904, 23621, "2nd arch", 0, 0, 0, 0);
insert into ontology_relationships values (23621, "is_a", "AEO:0000205");
insert into ontology_relationships values (23621, "is_a", "CARO:0000055");
insert into ontology_definitions values (23621, 5, "EHDAA2:0000050", NULL, 1);
insert into ontology_terms values (49905, 23622, "2nd arch artery", 0, 0, 0, 0);
insert into ontology_relationships values (23622, "is_a", "AEO:0000208");
insert into ontology_definitions values (23622, 5, "EHDAA2:0000051", NULL, 1);
insert into ontology_terms values (49906, 23623, "2nd arch ectoderm", 0, 0, 0, 0);
insert into ontology_relationships values (23623, "is_a", "AEO:0000161");
insert into ontology_definitions values (23623, 5, "EHDAA2:0000055", NULL, 1);
insert into ontology_terms values (49907, 23624, "2nd arch groove ectoderm", 0, 0, 0, 0);
insert into ontology_relationships values (23624, "is_a", "CARO:0000073");
insert into ontology_definitions values (23624, 5, "EHDAA2:0000057", NULL, 1);
insert into ontology_terms values (49908, 23625, "2nd arch pouch endoderm", 0, 0, 0, 0);
insert into ontology_relationships values (23625, "is_a", "CARO:0000073");
insert into ontology_definitions values (23625, 5, "EHDAA2:0000058", NULL, 1);
insert into ontology_terms values (49909, 23626, "2nd arch endoderm", 0, 0, 0, 0);
insert into ontology_relationships values (23626, "is_a", "AEO:0000161");
insert into ontology_definitions values (23626, 5, "EHDAA2:0000061", NULL, 1);
insert into ontology_terms values (49910, 23627, "2nd arch mesenchyme", 0, 0, 0, 0);
insert into ontology_relationships values (23627, "is_a", "CARO:0000055");
insert into ontology_definitions values (23627, 5, "EHDAA2:0000066", NULL, 1);
insert into ontology_terms values (49911, 23628, "2nd arch mesenchyme from head mesenchyme", 0, 0, 0, 0);
insert into ontology_relationships values (23628, "is_a", "AEO:0000146");
insert into ontology_definitions values (23628, 5, "EHDAA2:0000067", NULL, 1);
insert into ontology_terms values (49912, 23629, "2nd arch mesenchyme from neural crest", 0, 0, 0, 0);
insert into ontology_relationships values (23629, "is_a", "AEO:0000146");
insert into ontology_definitions values (23629, 5, "EHDAA2:0000068", NULL, 1);
insert into ontology_terms values (49913, 23630, "3rd arch", 0, 0, 0, 0);
insert into ontology_relationships values (23630, "is_a", "AEO:0000205");
insert into ontology_relationships values (23630, "is_a", "CARO:0000055");
insert into ontology_definitions values (23630, 5, "EHDAA2:0000069", NULL, 1);
insert into ontology_terms values (49914, 23631, "3rd arch artery", 0, 0, 0, 0);
insert into ontology_relationships values (23631, "is_a", "AEO:0000208");
insert into ontology_definitions values (23631, 5, "EHDAA2:0000070", NULL, 1);
insert into ontology_terms values (49915, 23632, "3rd arch ectoderm", 0, 0, 0, 0);
insert into ontology_relationships values (23632, "is_a", "AEO:0000161");
insert into ontology_definitions values (23632, 5, "EHDAA2:0000072", NULL, 1);
insert into ontology_terms values (49916, 23633, "3rd arch groove ectoderm", 0, 0, 0, 0);
insert into ontology_relationships values (23633, "is_a", "CARO:0000073");
insert into ontology_definitions values (23633, 5, "EHDAA2:0000074", NULL, 1);
insert into ontology_terms values (49917, 23634, "3rd arch endoderm", 0, 0, 0, 0);
insert into ontology_relationships values (23634, "is_a", "CARO:0000073");
insert into ontology_definitions values (23634, 5, "EHDAA2:0000075", NULL, 1);
insert into ontology_terms values (49918, 23635, "3rd arch pouch endoderm", 0, 0, 0, 0);
insert into ontology_relationships values (23635, "is_a", "AEO:0000161");
insert into ontology_definitions values (23635, 5, "EHDAA2:0000077", NULL, 1);
insert into ontology_terms values (49919, 23636, "cervical sinus", 0, 0, 0, 0);
insert into ontology_relationships values (23636, "is_a", "AEO:0000204");
insert into ontology_definitions values (23636, 5, "EHDAA2:0000078", NULL, 1);
insert into ontology_terms values (49920, 23637, "3rd arch mesenchyme", 0, 0, 0, 0);
insert into ontology_relationships values (23637, "is_a", "CARO:0000055");
insert into ontology_definitions values (23637, 5, "EHDAA2:0000081", NULL, 1);
insert into ontology_terms values (49921, 23638, "3rd arch mesenchyme from head mesenchyme", 0, 0, 0, 0);
insert into ontology_relationships values (23638, "is_a", "AEO:0000146");
insert into ontology_definitions values (23638, 5, "EHDAA2:0000082", NULL, 1);
insert into ontology_terms values (49922, 23639, "3rd arch mesenchyme from neural crest", 0, 0, 0, 0);
insert into ontology_relationships values (23639, "is_a", "AEO:0000146");
insert into ontology_definitions values (23639, 5, "EHDAA2:0000083", NULL, 1);
insert into ontology_terms values (49923, 23640, "3rd ventricle", 0, 0, 0, 0);
insert into ontology_relationships values (23640, "is_a", "AEO:0000221");
insert into ontology_definitions values (23640, 5, "EHDAA2:0000084", NULL, 1);
insert into ontology_terms values (49924, 23641, "4th arch", 0, 0, 0, 0);
insert into ontology_relationships values (23641, "is_a", "AEO:0000205");
insert into ontology_relationships values (23641, "is_a", "CARO:0000055");
insert into ontology_definitions values (23641, 5, "EHDAA2:0000086", NULL, 1);
insert into ontology_terms values (49925, 23642, "4th arch artery left", 0, 0, 0, 0);
insert into ontology_relationships values (23642, "is_a", "AEO:0000208");
insert into ontology_definitions values (23642, 5, "EHDAA2:0000087", NULL, 1);
insert into ontology_terms values (49926, 23643, "4th arch pharyngeal groove ectoderm", 0, 0, 0, 0);
insert into ontology_relationships values (23643, "is_a", "CARO:0000073");
insert into ontology_definitions values (23643, 5, "EHDAA2:0000089", NULL, 1);
insert into ontology_terms values (49927, 23644, "4th arch pharyngeal pouch endoderm", 0, 0, 0, 0);
insert into ontology_relationships values (23644, "is_a", "CARO:0000073");
insert into ontology_definitions values (23644, 5, "EHDAA2:0000091", NULL, 1);
insert into ontology_terms values (49928, 23645, "4th arch mesenchyme", 0, 0, 0, 0);
insert into ontology_relationships values (23645, "is_a", "CARO:0000055");
insert into ontology_definitions values (23645, 5, "EHDAA2:0000096", NULL, 1);
insert into ontology_terms values (49929, 23646, "4th arch mesenchyme from head mesenchyme", 0, 0, 0, 0);
insert into ontology_relationships values (23646, "is_a", "AEO:0000146");
insert into ontology_definitions values (23646, 5, "EHDAA2:0000097", NULL, 1);
insert into ontology_terms values (49930, 23647, "4th arch mesenchyme from neural crest", 0, 0, 0, 0);
insert into ontology_relationships values (23647, "is_a", "AEO:0000146");
insert into ontology_definitions values (23647, 5, "EHDAA2:0000098", NULL, 1);
insert into ontology_terms values (49931, 23648, "4th ventricle", 0, 0, 0, 0);
insert into ontology_relationships values (23648, "is_a", "AEO:0000221");
insert into ontology_definitions values (23648, 5, "EHDAA2:0000100", NULL, 1);
insert into ontology_terms values (49932, 23649, "rhombencephalic vesicle", 0, 0, 0, 0);
insert into ontology_relationships values (23649, "is_a", "AEO:0000221");
insert into ontology_definitions values (23649, 5, "EHDAA2:0000101", NULL, 1);
insert into ontology_terms values (49933, 23650, "6th arch artery left", 0, 0, 0, 0);
insert into ontology_relationships values (23650, "is_a", "AEO:0000208");
insert into ontology_definitions values (23650, 5, "EHDAA2:0000102", NULL, 1);
insert into ontology_terms values (49934, 23651, "abducens VI nerve", 0, 0, 0, 0);
insert into ontology_relationships values (23651, "is_a", "AEO:0000137");
insert into ontology_definitions values (23651, 5, "EHDAA2:0000103", NULL, 1);
insert into ontology_terms values (49935, 23652, "dorsal pancreas head pancreatic duct", 0, 0, 0, 0);
insert into ontology_relationships values (23652, "is_a", "AEO:0000114");
insert into ontology_definitions values (23652, 5, "EHDAA2:0000105", NULL, 1);
insert into ontology_terms values (49936, 23653, "accessory XI nerve", 0, 0, 0, 0);
insert into ontology_relationships values (23653, "is_a", "AEO:0000137");
insert into ontology_definitions values (23653, 5, "EHDAA2:0000106", NULL, 1);
insert into ontology_terms values (49937, 23654, "accessory XI nerve cranial component", 0, 0, 0, 0);
insert into ontology_relationships values (23654, "is_a", "AEO:0000137");
insert into ontology_definitions values (23654, 5, "EHDAA2:0000107", NULL, 1);
insert into ontology_terms values (49938, 23655, "accessory XI nerve spinal component", 0, 0, 0, 0);
insert into ontology_relationships values (23655, "is_a", "AEO:0000137");
insert into ontology_definitions values (23655, 5, "EHDAA2:0000108", NULL, 1);
insert into ontology_terms values (49939, 23656, "adenohypophysis", 0, 0, 0, 0);
insert into ontology_relationships values (23656, "is_a", "CARO:0000055");
insert into ontology_definitions values (23656, 5, "EHDAA2:0000109", NULL, 1);
insert into ontology_terms values (49940, 23657, "alimentary system", 0, 0, 0, 0);
insert into ontology_relationships values (23657, "is_a", "CARO:0000011");
insert into ontology_definitions values (23657, 5, "EHDAA2:0000110", NULL, 1);
insert into ontology_terms values (49941, 23658, "allantois", 0, 0, 0, 0);
insert into ontology_relationships values (23658, "is_a", "CARO:0000055");
insert into ontology_definitions values (23658, 5, "EHDAA2:0000113", NULL, 1);
insert into ontology_terms values (49942, 23659, "amnioblasts", 0, 0, 0, 0);
insert into ontology_relationships values (23659, "is_a", "AEO:0000132");
insert into ontology_relationships values (23659, "is_a", "AEO:0000206");
insert into ontology_definitions values (23659, 5, "EHDAA2:0000115", NULL, 1);
insert into ontology_terms values (49943, 23660, "amnion", 0, 0, 0, 0);
insert into ontology_relationships values (23660, "is_a", "CARO:0000042");
insert into ontology_relationships values (23660, "is_a", "CARO:0000055");
insert into ontology_definitions values (23660, 5, "EHDAA2:0000116", NULL, 1);
insert into ontology_terms values (49944, 23661, "amnion ectoderm", 0, 0, 0, 0);
insert into ontology_relationships values (23661, "is_a", "CARO:0000042");
insert into ontology_relationships values (23661, "is_a", "CARO:0000073");
insert into ontology_definitions values (23661, 5, "EHDAA2:0000117", NULL, 1);
insert into ontology_terms values (49945, 23662, "amnion mesenchyme", 0, 0, 0, 0);
insert into ontology_relationships values (23662, "is_a", "AEO:0000146");
insert into ontology_relationships values (23662, "is_a", "CARO:0000042");
insert into ontology_definitions values (23662, 5, "EHDAA2:0000118", NULL, 1);
insert into ontology_terms values (49946, 23663, "amniotic cavity", 0, 0, 0, 0);
insert into ontology_relationships values (23663, "is_a", "AEO:0000222");
insert into ontology_definitions values (23663, 5, "EHDAA2:0000119", NULL, 1);
insert into ontology_terms values (49947, 23664, "amniotic duct", 0, 0, 0, 0);
insert into ontology_relationships values (23664, "is_a", "AEO:0000115");
insert into ontology_relationships values (23664, "is_a", "CARO:0000042");
insert into ontology_definitions values (23664, 5, "EHDAA2:0000120", NULL, 1);
insert into ontology_terms values (49948, 23665, "anal pit", 0, 0, 0, 0);
insert into ontology_relationships values (23665, "is_a", "AEO:0000204");
insert into ontology_definitions values (23665, 5, "EHDAA2:0000121", NULL, 1);
insert into ontology_terms values (49949, 23666, "anal region", 0, 0, 0, 0);
insert into ontology_relationships values (23666, "is_a", "CARO:0000041");
insert into ontology_relationships values (23666, "is_a", "CARO:0000055");
insert into ontology_definitions values (23666, 5, "EHDAA2:0000122", NULL, 1);
insert into ontology_terms values (49950, 23667, "ansa cervicalis", 0, 0, 0, 0);
insert into ontology_relationships values (23667, "is_a", "AEO:0000138");
insert into ontology_definitions values (23667, 5, "EHDAA2:0000124", NULL, 1);
insert into ontology_terms values (49951, 23668, "anterior abdominal wall muscle system", 0, 0, 0, 0);
insert into ontology_relationships values (23668, "is_a", "CARO:0000011");
insert into ontology_definitions values (23668, 5, "EHDAA2:0000125", NULL, 1);
insert into ontology_terms values (49952, 23669, "precardinal vein left", 0, 0, 0, 0);
insert into ontology_relationships values (23669, "is_a", "AEO:0000209");
insert into ontology_definitions values (23669, 5, "EHDAA2:0000127", NULL, 1);
insert into ontology_terms values (49953, 23670, "anterior cerebral artery", 0, 0, 0, 0);
insert into ontology_relationships values (23670, "is_a", "AEO:0000208");
insert into ontology_definitions values (23670, 5, "EHDAA2:0000128", NULL, 1);
insert into ontology_terms values (49954, 23671, "anterior chamber", 0, 0, 0, 0);
insert into ontology_relationships values (23671, "is_a", "AEO:0000222");
insert into ontology_definitions values (23671, 5, "EHDAA2:0000129", NULL, 1);
insert into ontology_terms values (49955, 23672, "anterior chamber epithelium", 0, 0, 0, 0);
insert into ontology_relationships values (23672, "is_a", "CARO:0000073");
insert into ontology_definitions values (23672, 5, "EHDAA2:0000130", NULL, 1);
insert into ontology_terms values (49956, 23673, "anterior spinal artery", 0, 0, 0, 0);
insert into ontology_relationships values (23673, "is_a", "AEO:0000208");
insert into ontology_definitions values (23673, 5, "EHDAA2:0000131", NULL, 1);
insert into ontology_terms values (49957, 23674, "aortic arch", 0, 0, 0, 0);
insert into ontology_relationships values (23674, "is_a", "AEO:0000208");
insert into ontology_definitions values (23674, 5, "EHDAA2:0000132", NULL, 1);
insert into ontology_terms values (49958, 23675, "aortic valve", 0, 0, 0, 0);
insert into ontology_relationships values (23675, "is_a", "EHDAA2:0004046");
insert into ontology_definitions values (23675, 5, "EHDAA2:0000134", NULL, 1);
insert into ontology_terms values (49959, 23676, "aortic valve leaflet mesenchyme", 0, 0, 0, 0);
insert into ontology_relationships values (23676, "is_a", "AEO:0000146");
insert into ontology_definitions values (23676, 5, "EHDAA2:0000135", NULL, 1);
insert into ontology_terms values (49960, 23677, "aortico-pulmonary spiral septum", 0, 0, 0, 0);
insert into ontology_relationships values (23677, "is_a", "CARO:0000055");
insert into ontology_definitions values (23677, 5, "EHDAA2:0000136", NULL, 1);
insert into ontology_terms values (49961, 23678, "upper limb bud apical ectodermal ridge", 0, 0, 0, 0);
insert into ontology_relationships values (23678, "is_a", "CARO:0000068");
insert into ontology_definitions values (23678, 5, "EHDAA2:0000138", NULL, 1);
insert into ontology_terms values (49962, 23679, "aqueous humour", 0, 0, 0, 0);
insert into ontology_relationships values (23679, "is_a", "AEO:0000188");
insert into ontology_definitions values (23679, 5, "EHDAA2:0000139", NULL, 1);
insert into ontology_terms values (49963, 23680, "arm", 0, 0, 0, 0);
insert into ontology_relationships values (23680, "is_a", "CARO:0000041");
insert into ontology_definitions values (23680, 5, "EHDAA2:0000140", NULL, 1);
insert into ontology_terms values (49964, 23681, "arm muscle system", 0, 0, 0, 0);
insert into ontology_relationships values (23681, "is_a", "CARO:0000011");
insert into ontology_definitions values (23681, 5, "EHDAA2:0000141", NULL, 1);
insert into ontology_terms values (49965, 23682, "arterial system", 0, 0, 0, 0);
insert into ontology_relationships values (23682, "is_a", "CARO:0000011");
insert into ontology_definitions values (23682, 5, "EHDAA2:0000143", NULL, 1);
insert into ontology_terms values (49966, 23683, "arytenoid pre-cartilage condensation", 0, 0, 0, 0);
insert into ontology_relationships values (23683, "is_a", "AEO:0000150");
insert into ontology_definitions values (23683, 5, "EHDAA2:0000144", NULL, 1);
insert into ontology_terms values (49967, 23684, "arytenoid swellings", 0, 0, 0, 0);
insert into ontology_relationships values (23684, "is_a", "AEO:0000148");
insert into ontology_definitions values (23684, 5, "EHDAA2:0000146", NULL, 1);
insert into ontology_terms values (49968, 23685, "ascending aorta", 0, 0, 0, 0);
insert into ontology_relationships values (23685, "is_a", "AEO:0000208");
insert into ontology_definitions values (23685, 5, "EHDAA2:0000147", NULL, 1);
insert into ontology_terms values (49969, 23686, "atlas cartilage condensation", 0, 0, 0, 0);
insert into ontology_relationships values (23686, "is_a", "AEO:0000147");
insert into ontology_definitions values (23686, 5, "EHDAA2:0000151", NULL, 1);
insert into ontology_terms values (49970, 23687, "atrioventricular canal", 0, 0, 0, 0);
insert into ontology_relationships values (23687, "is_a", "AEO:0000078");
insert into ontology_definitions values (23687, 5, "EHDAA2:0000152", NULL, 1);
insert into ontology_terms values (49971, 23688, "atrioventricular valves", 0, 0, 0, 0);
insert into ontology_relationships values (23688, "is_a", "CARO:0000055");
insert into ontology_definitions values (23688, 5, "EHDAA2:0000153", NULL, 1);
insert into ontology_terms values (49972, 23689, "atrial region", 0, 0, 0, 0);
insert into ontology_relationships values (23689, "is_a", "CARO:0000055");
insert into ontology_definitions values (23689, 5, "EHDAA2:0000154", NULL, 1);
insert into ontology_terms values (49973, 23690, "auditory hillocks", 0, 0, 0, 0);
insert into ontology_relationships values (23690, "is_a", "AEO:0000146");
insert into ontology_relationships values (23690, "is_a", "CARO:0000041");
insert into ontology_definitions values (23690, 5, "EHDAA2:0000155", NULL, 1);
insert into ontology_terms values (49974, 23691, "auditory hillocks associated mesenchyme", 0, 0, 0, 0);
insert into ontology_relationships values (23691, "is_a", "AEO:0000146");
insert into ontology_definitions values (23691, 5, "EHDAA2:0000156", NULL, 1);
insert into ontology_terms values (49975, 23692, "auditory hillocks surface epithelium", 0, 0, 0, 0);
insert into ontology_relationships values (23692, "is_a", "CARO:0000073");
insert into ontology_definitions values (23692, 5, "EHDAA2:0000157", NULL, 1);
insert into ontology_terms values (49976, 23693, "autonomic peripheral nervous system", 0, 0, 0, 0);
insert into ontology_relationships values (23693, "is_a", "CARO:0000011");
insert into ontology_definitions values (23693, 5, "EHDAA2:0000158", NULL, 1);
insert into ontology_terms values (49977, 23694, "axial muscle system", 0, 0, 0, 0);
insert into ontology_relationships values (23694, "is_a", "CARO:0000011");
insert into ontology_definitions values (23694, 5, "EHDAA2:0000159", NULL, 1);
insert into ontology_terms values (49978, 23695, "axial skeleton", 0, 0, 0, 0);
insert into ontology_relationships values (23695, "is_a", "CARO:0000011");
insert into ontology_definitions values (23695, 5, "EHDAA2:0000161", NULL, 1);
insert into ontology_terms values (49979, 23696, "axis cartilage condensation", 0, 0, 0, 0);
insert into ontology_relationships values (23696, "is_a", "AEO:0000147");
insert into ontology_definitions values (23696, 5, "EHDAA2:0000162", NULL, 1);
insert into ontology_terms values (49980, 23697, "basilar artery", 0, 0, 0, 0);
insert into ontology_relationships values (23697, "is_a", "AEO:0000208");
insert into ontology_definitions values (23697, 5, "EHDAA2:0000163", NULL, 1);
insert into ontology_terms values (49981, 23698, "basioccipital cartilage condensation", 0, 0, 0, 0);
insert into ontology_relationships values (23698, "is_a", "AEO:0000147");
insert into ontology_definitions values (23698, 5, "EHDAA2:0000164", NULL, 1);
insert into ontology_terms values (49982, 23699, "basioccipital pre-cartilage condensation", 0, 0, 0, 0);
insert into ontology_relationships values (23699, "is_a", "AEO:0000150");
insert into ontology_definitions values (23699, 5, "EHDAA2:0000165", NULL, 1);
insert into ontology_terms values (49983, 23700, "basi-sphenoid cartilage condenstion", 0, 0, 0, 0);
insert into ontology_relationships values (23700, "is_a", "AEO:0000147");
insert into ontology_definitions values (23700, 5, "EHDAA2:0000166", NULL, 1);
insert into ontology_terms values (49984, 23701, "biceps", 0, 0, 0, 0);
insert into ontology_relationships values (23701, "is_a", "AEO:0000140");
insert into ontology_definitions values (23701, 5, "EHDAA2:0000167", NULL, 1);
insert into ontology_terms values (49985, 23702, "mitral valve", 0, 0, 0, 0);
insert into ontology_relationships values (23702, "is_a", "EHDAA2:0004046");
insert into ontology_definitions values (23702, 5, "EHDAA2:0000168", NULL, 1);
insert into ontology_terms values (49986, 23703, "mitral valve leaflet endocardium", 0, 0, 0, 0);
insert into ontology_relationships values (23703, "is_a", "CARO:0000073");
insert into ontology_definitions values (23703, 5, "EHDAA2:0000169", NULL, 1);
insert into ontology_terms values (49987, 23704, "early biliary bud", 0, 0, 0, 0);
insert into ontology_relationships values (23704, "is_a", "AEO:0000115");
insert into ontology_definitions values (23704, 5, "EHDAA2:0000170", NULL, 1);
insert into ontology_terms values (49988, 23705, "biliary bud", 0, 0, 0, 0);
insert into ontology_relationships values (23705, "is_a", "AEO:0000115");
insert into ontology_definitions values (23705, 5, "EHDAA2:0000171", NULL, 1);
insert into ontology_terms values (49989, 23706, "biliary bud extrahepatic part", 0, 0, 0, 0);
insert into ontology_relationships values (23706, "is_a", "AEO:0000115");
insert into ontology_definitions values (23706, 5, "EHDAA2:0000172", NULL, 1);
insert into ontology_terms values (49990, 23707, "biliary bud intrahepatic part", 0, 0, 0, 0);
insert into ontology_relationships values (23707, "is_a", "AEO:0000115");
insert into ontology_definitions values (23707, 5, "EHDAA2:0000173", NULL, 1);
insert into ontology_terms values (49991, 23708, "bladder", 0, 0, 0, 0);
insert into ontology_relationships values (23708, "is_a", "CARO:0000055");
insert into ontology_definitions values (23708, 5, "EHDAA2:0000174", NULL, 1);
insert into ontology_terms values (49992, 23709, "blastocoel", 0, 0, 0, 0);
insert into ontology_relationships values (23709, "is_a", "AEO:0000079");
insert into ontology_definitions values (23709, 5, "EHDAA2:0000175", NULL, 1);
insert into ontology_terms values (49993, 23710, "blood", 0, 0, 0, 0);
insert into ontology_relationships values (23710, "is_a", "AEO:0000095");
insert into ontology_definitions values (23710, 5, "EHDAA2:0000176", NULL, 1);
insert into ontology_terms values (49994, 23711, "yolk sac blood islands", 0, 0, 0, 0);
insert into ontology_relationships values (23711, "is_a", "AEO:0001016");
insert into ontology_definitions values (23711, 5, "EHDAA2:0000177", NULL, 1);
insert into ontology_terms values (49995, 23712, "body-wall mesenchyme", 0, 0, 0, 0);
insert into ontology_relationships values (23712, "is_a", "AEO:0000145");
insert into ontology_definitions values (23712, 5, "EHDAA2:0000179", NULL, 1);
insert into ontology_terms values (49996, 23713, "brachial plexus", 0, 0, 0, 0);
insert into ontology_relationships values (23713, "is_a", "AEO:0000138");
insert into ontology_definitions values (23713, 5, "EHDAA2:0000180", NULL, 1);
insert into ontology_terms values (49997, 23714, "brachialis", 0, 0, 0, 0);
insert into ontology_relationships values (23714, "is_a", "AEO:0000140");
insert into ontology_definitions values (23714, 5, "EHDAA2:0000181", NULL, 1);
insert into ontology_terms values (49998, 23715, "brachiocephalic vein", 0, 0, 0, 0);
insert into ontology_relationships values (23715, "is_a", "AEO:0000209");
insert into ontology_definitions values (23715, 5, "EHDAA2:0000182", NULL, 1);
insert into ontology_terms values (49999, 23716, "brain", 0, 0, 0, 0);
insert into ontology_relationships values (23716, "is_a", "CARO:0000024");
insert into ontology_definitions values (23716, 5, "EHDAA2:0000183", NULL, 1);
insert into ontology_terms values (50000, 23717, "brain venous system", 0, 0, 0, 0);
insert into ontology_relationships values (23717, "is_a", "CARO:0000011");
insert into ontology_definitions values (23717, 5, "EHDAA2:0000185", NULL, 1);
insert into ontology_terms values (50001, 23718, "aortic arch arteries", 0, 0, 0, 0);
insert into ontology_relationships values (23718, "is_a", "CARO:0000011");
insert into ontology_relationships values (23718, "is_a", "CARO:0000041");
insert into ontology_definitions values (23718, 5, "EHDAA2:0000186", NULL, 1);
insert into ontology_terms values (50002, 23719, "pharyngeal arch region", 0, 0, 0, 0);
insert into ontology_relationships values (23719, "is_a", "CARO:0000041");
insert into ontology_definitions values (23719, 5, "EHDAA2:0000187", NULL, 1);
insert into ontology_terms values (50003, 23720, "oronasal membrane", 0, 0, 0, 0);
insert into ontology_relationships values (23720, "is_a", "CARO:0000055");
insert into ontology_definitions values (23720, 5, "EHDAA2:0000188", NULL, 1);
insert into ontology_terms values (50004, 23721, "buccopharyngeal membrane", 0, 0, 0, 0);
insert into ontology_relationships values (23721, "is_a", "CARO:0000055");
insert into ontology_definitions values (23721, 5, "EHDAA2:0000189", NULL, 1);
insert into ontology_terms values (50005, 23722, "buccopharyngeal membrane ectoderm", 0, 0, 0, 0);
insert into ontology_relationships values (23722, "is_a", "CARO:0000073");
insert into ontology_definitions values (23722, 5, "EHDAA2:0000190", NULL, 1);
insert into ontology_terms values (50006, 23723, "buccopharyngeal membrane endoderm", 0, 0, 0, 0);
insert into ontology_relationships values (23723, "is_a", "CARO:0000073");
insert into ontology_definitions values (23723, 5, "EHDAA2:0000191", NULL, 1);
insert into ontology_terms values (50007, 23724, "interventricular sulcus", 0, 0, 0, 0);
insert into ontology_relationships values (23724, "is_a", "AEO:0000161");
insert into ontology_definitions values (23724, 5, "EHDAA2:0000195", NULL, 1);
insert into ontology_terms values (50008, 23725, "right ventricle", 0, 0, 0, 0);
insert into ontology_relationships values (23725, "is_a", "CARO:0000055");
insert into ontology_definitions values (23725, 5, "EHDAA2:0000196", NULL, 1);
insert into ontology_terms values (50009, 23726, "primitive right ventricle endocardium", 0, 0, 0, 0);
insert into ontology_relationships values (23726, "is_a", "AEO:0000207");
insert into ontology_definitions values (23726, 5, "EHDAA2:0000197", NULL, 1);
insert into ontology_terms values (50010, 23727, "caecum", 0, 0, 0, 0);
insert into ontology_relationships values (23727, "is_a", "CARO:0000055");
insert into ontology_definitions values (23727, 5, "EHDAA2:0000206", NULL, 1);
insert into ontology_terms values (50011, 23728, "caecum associated mesenchyme", 0, 0, 0, 0);
insert into ontology_relationships values (23728, "is_a", "AEO:0000146");
insert into ontology_definitions values (23728, 5, "EHDAA2:0000207", NULL, 1);
insert into ontology_terms values (50012, 23729, "caecum epithelium", 0, 0, 0, 0);
insert into ontology_relationships values (23729, "is_a", "CARO:0000073");
insert into ontology_definitions values (23729, 5, "EHDAA2:0000209", NULL, 1);
insert into ontology_terms values (50013, 23730, "cardinal vein system", 0, 0, 0, 0);
insert into ontology_relationships values (23730, "is_a", "CARO:0000011");
insert into ontology_definitions values (23730, 5, "EHDAA2:0000213", NULL, 1);
insert into ontology_terms values (50014, 23731, "cardiogenic splanchnopleure", 0, 0, 0, 0);
insert into ontology_relationships values (23731, "is_a", "AEO:0000146");
insert into ontology_definitions values (23731, 5, "EHDAA2:0000214", NULL, 1);
insert into ontology_terms values (50015, 23732, "myocardial plate", 0, 0, 0, 0);
insert into ontology_relationships values (23732, "is_a", "AEO:0000145");
insert into ontology_definitions values (23732, 5, "EHDAA2:0000215", NULL, 1);
insert into ontology_terms values (50016, 23733, "cardiovascular system", 0, 0, 0, 0);
insert into ontology_relationships values (23733, "is_a", "CARO:0000011");
insert into ontology_definitions values (23733, 5, "EHDAA2:0000216", NULL, 1);
insert into ontology_terms values (50017, 23734, "carotid artery system", 0, 0, 0, 0);
insert into ontology_relationships values (23734, "is_a", "CARO:0000055");
insert into ontology_definitions values (23734, 5, "EHDAA2:0000217", NULL, 1);
insert into ontology_terms values (50018, 23735, "carpal region", 0, 0, 0, 0);
insert into ontology_relationships values (23735, "is_a", "CARO:0000041");
insert into ontology_definitions values (23735, 5, "EHDAA2:0000218", NULL, 1);
insert into ontology_terms values (50019, 23736, "carpal region epithelium", 0, 0, 0, 0);
insert into ontology_relationships values (23736, "is_a", "CARO:0000073");
insert into ontology_definitions values (23736, 5, "EHDAA2:0000219", NULL, 1);
insert into ontology_terms values (50020, 23737, "carpal region mesenchyme", 0, 0, 0, 0);
insert into ontology_relationships values (23737, "is_a", "CARO:0000055");
insert into ontology_definitions values (23737, 5, "EHDAA2:0000220", NULL, 1);
insert into ontology_terms values (50021, 23738, "carpus cartilage condensation", 0, 0, 0, 0);
insert into ontology_relationships values (23738, "is_a", "AEO:0000147");
insert into ontology_definitions values (23738, 5, "EHDAA2:0000221", NULL, 1);
insert into ontology_terms values (50022, 23739, "carpus pre-cartilage condensation", 0, 0, 0, 0);
insert into ontology_relationships values (23739, "is_a", "AEO:0000150");
insert into ontology_definitions values (23739, 5, "EHDAA2:0000222", NULL, 1);
insert into ontology_terms values (50023, 23740, "central nervous system", 0, 0, 0, 0);
insert into ontology_relationships values (23740, "is_a", "CARO:0000011");
insert into ontology_definitions values (23740, 5, "EHDAA2:0000225", NULL, 1);
insert into ontology_terms values (50024, 23741, "CNS cranial ganglion", 0, 0, 0, 0);
insert into ontology_relationships values (23741, "is_a", "CARO:0000054");
insert into ontology_definitions values (23741, 5, "EHDAA2:0000226", NULL, 1);
insert into ontology_terms values (50025, 23742, "CNS ganglion", 0, 0, 0, 0);
insert into ontology_relationships values (23742, "is_a", "CARO:0000011");
insert into ontology_definitions values (23742, 5, "EHDAA2:0000227", NULL, 1);
insert into ontology_terms values (50026, 23743, "cerebellar arteries", 0, 0, 0, 0);
insert into ontology_relationships values (23743, "is_a", "CARO:0000055");
insert into ontology_definitions values (23743, 5, "EHDAA2:0000228", NULL, 1);
insert into ontology_terms values (50027, 23744, "rhombomere 01 cerebellum primordium", 0, 0, 0, 0);
insert into ontology_relationships values (23744, "is_a", "AEO:0001008");
insert into ontology_definitions values (23744, 5, "EHDAA2:0000229", NULL, 1);
insert into ontology_terms values (50028, 23745, "early rhombomere 01 cerebellum primordium", 0, 0, 0, 0);
insert into ontology_relationships values (23745, "is_a", "AEO:0000171");
insert into ontology_definitions values (23745, 5, "EHDAA2:0000230", NULL, 1);
insert into ontology_terms values (50029, 23746, "cerebellum primordium", 0, 0, 0, 0);
insert into ontology_relationships values (23746, "is_a", "CARO:0000055");
insert into ontology_definitions values (23746, 5, "EHDAA2:0000231", NULL, 1);
insert into ontology_terms values (50030, 23747, "cerebellum", 0, 0, 0, 0);
insert into ontology_relationships values (23747, "is_a", "CARO:0000024");
insert into ontology_definitions values (23747, 5, "EHDAA2:0000232", NULL, 1);
insert into ontology_terms values (50031, 23748, "cerebral artery system", 0, 0, 0, 0);
insert into ontology_relationships values (23748, "is_a", "CARO:0000041");
insert into ontology_definitions values (23748, 5, "EHDAA2:0000233", NULL, 1);
insert into ontology_terms values (50032, 23749, "future cerebral cortex", 0, 0, 0, 0);
insert into ontology_relationships values (23749, "is_a", "CARO:0000055");
insert into ontology_definitions values (23749, 5, "EHDAA2:0000234", NULL, 1);
insert into ontology_terms values (50033, 23750, "paleopallium mantle layer", 0, 0, 0, 0);
insert into ontology_relationships values (23750, "is_a", "AEO:0001010");
insert into ontology_relationships values (23750, "is_a", "CARO:0000055");
insert into ontology_definitions values (23750, 5, "EHDAA2:0000235", NULL, 1);
insert into ontology_terms values (50034, 23751, "paleopallium cortex marginal layer", 0, 0, 0, 0);
insert into ontology_relationships values (23751, "is_a", "AEO:0001011");
insert into ontology_definitions values (23751, 5, "EHDAA2:0000236", NULL, 1);
insert into ontology_terms values (50035, 23752, "paleopallium cortex ventricular layer", 0, 0, 0, 0);
insert into ontology_relationships values (23752, "is_a", "AEO:0001009");
insert into ontology_definitions values (23752, 5, "EHDAA2:0000237", NULL, 1);
insert into ontology_terms values (50036, 23753, "cervical skeleton", 0, 0, 0, 0);
insert into ontology_relationships values (23753, "is_a", "CARO:0000041");
insert into ontology_definitions values (23753, 5, "EHDAA2:0000238", NULL, 1);
insert into ontology_terms values (50037, 23754, "cervical vertebral cartilage condensation group", 0, 0, 0, 0);
insert into ontology_relationships values (23754, "is_a", "AEO:0000147");
insert into ontology_relationships values (23754, "is_a", "AEO:0000210");
insert into ontology_definitions values (23754, 5, "EHDAA2:0000240", NULL, 1);
insert into ontology_terms values (50038, 23755, "cervical vertebral pre-cartilage condensation group", 0, 0, 0, 0);
insert into ontology_relationships values (23755, "is_a", "AEO:0000150");
insert into ontology_relationships values (23755, "is_a", "AEO:0000210");
insert into ontology_definitions values (23755, 5, "EHDAA2:0000241", NULL, 1);
insert into ontology_terms values (50039, 23756, "choana", 0, 0, 0, 0);
insert into ontology_relationships values (23756, "is_a", "AEO:0000080");
insert into ontology_definitions values (23756, 5, "EHDAA2:0000242", NULL, 1);
insert into ontology_terms values (50040, 23757, "chondrocranium", 0, 0, 0, 0);
insert into ontology_relationships values (23757, "is_a", "CARO:0000041");
insert into ontology_definitions values (23757, 5, "EHDAA2:0000243", NULL, 1);
insert into ontology_terms values (50041, 23758, "left ventricle chordae tendinae", 0, 0, 0, 0);
insert into ontology_relationships values (23758, "is_a", "AEO:0000081");
insert into ontology_definitions values (23758, 5, "EHDAA2:0000244", NULL, 1);
insert into ontology_terms values (50042, 23759, "chorion", 0, 0, 0, 0);
insert into ontology_relationships values (23759, "is_a", "CARO:0000042");
insert into ontology_relationships values (23759, "is_a", "CARO:0000055");
insert into ontology_definitions values (23759, 5, "EHDAA2:0000245", NULL, 1);
insert into ontology_terms values (50043, 23760, "chorionic cavity", 0, 0, 0, 0);
insert into ontology_relationships values (23760, "is_a", "AEO:0000222");
insert into ontology_definitions values (23760, 5, "EHDAA2:0000246", NULL, 1);
insert into ontology_terms values (50044, 23761, "lateral ventricle choroid fissure", 0, 0, 0, 0);
insert into ontology_relationships values (23761, "is_a", "AEO:0000161");
insert into ontology_definitions values (23761, 5, "EHDAA2:0000250", NULL, 1);
insert into ontology_terms values (50045, 23762, "ciliary parasympathetic ganglion", 0, 0, 0, 0);
insert into ontology_relationships values (23762, "is_a", "AEO:0000135");
insert into ontology_definitions values (23762, 5, "EHDAA2:0000251", NULL, 1);
insert into ontology_terms values (50046, 23763, "circle of Willis arteries", 0, 0, 0, 0);
insert into ontology_relationships values (23763, "is_a", "CARO:0000011");
insert into ontology_definitions values (23763, 5, "EHDAA2:0000252", NULL, 1);
insert into ontology_terms values (50047, 23764, "cisterna chyli", 0, 0, 0, 0);
insert into ontology_relationships values (23764, "is_a", "AEO:0000114");
insert into ontology_definitions values (23764, 5, "EHDAA2:0000253", NULL, 1);
insert into ontology_terms values (50048, 23765, "clavicle bone primordium", 0, 0, 0, 0);
insert into ontology_relationships values (23765, "is_a", "AEO:0000085");
insert into ontology_relationships values (23765, "is_a", "AEO:0000213");
insert into ontology_definitions values (23765, 5, "EHDAA2:0000254", NULL, 1);
insert into ontology_terms values (50049, 23766, "clitoris", 0, 0, 0, 0);
insert into ontology_relationships values (23766, "is_a", "AEO:0000176");
insert into ontology_relationships values (23766, "is_a", "CARO:0000055");
insert into ontology_definitions values (23766, 5, "EHDAA2:0000255", NULL, 1);
insert into ontology_terms values (50050, 23767, "cloaca", 0, 0, 0, 0);
insert into ontology_relationships values (23767, "is_a", "CARO:0000055");
insert into ontology_definitions values (23767, 5, "EHDAA2:0000256", NULL, 1);
insert into ontology_terms values (50051, 23768, "cloacal membrane", 0, 0, 0, 0);
insert into ontology_relationships values (23768, "is_a", "CARO:0000055");
insert into ontology_definitions values (23768, 5, "EHDAA2:0000257", NULL, 1);
insert into ontology_terms values (50052, 23769, "coccygeal skeleton", 0, 0, 0, 0);
insert into ontology_relationships values (23769, "is_a", "CARO:0000041");
insert into ontology_definitions values (23769, 5, "EHDAA2:0000259", NULL, 1);
insert into ontology_terms values (50053, 23770, "coccygeal vertebral cartilage condensation group", 0, 0, 0, 0);
insert into ontology_relationships values (23770, "is_a", "AEO:0000147");
insert into ontology_relationships values (23770, "is_a", "AEO:0000210");
insert into ontology_definitions values (23770, 5, "EHDAA2:0000260", NULL, 1);
insert into ontology_terms values (50054, 23771, "cochlear duct", 0, 0, 0, 0);
insert into ontology_relationships values (23771, "is_a", "AEO:0000115");
insert into ontology_definitions values (23771, 5, "EHDAA2:0000262", NULL, 1);
insert into ontology_terms values (50055, 23772, "cocycgeal vertebral pre-cartilage condensation group", 0, 0, 0, 0);
insert into ontology_relationships values (23772, "is_a", "AEO:0000150");
insert into ontology_relationships values (23772, "is_a", "AEO:0000210");
insert into ontology_definitions values (23772, 5, "EHDAA2:0000265", NULL, 1);
insert into ontology_terms values (50056, 23773, "coeliac ganglion", 0, 0, 0, 0);
insert into ontology_relationships values (23773, "is_a", "AEO:0000135");
insert into ontology_definitions values (23773, 5, "EHDAA2:0000266", NULL, 1);
insert into ontology_terms values (50057, 23774, "coelomic cavity lumen", 0, 0, 0, 0);
insert into ontology_relationships values (23774, "is_a", "AEO:0000215");
insert into ontology_definitions values (23774, 5, "EHDAA2:0000267", NULL, 1);
insert into ontology_terms values (50058, 23775, "primitive heart tube common atrial chamber endocardium", 0, 0, 0, 0);
insert into ontology_relationships values (23775, "is_a", "AEO:0000207");
insert into ontology_definitions values (23775, 5, "EHDAA2:0000270", NULL, 1);
insert into ontology_terms values (50059, 23776, "right atrium endocardium", 0, 0, 0, 0);
insert into ontology_relationships values (23776, "is_a", "CARO:0000073");
insert into ontology_definitions values (23776, 5, "EHDAA2:0000274", NULL, 1);
insert into ontology_terms values (50060, 23777, "left atrium", 0, 0, 0, 0);
insert into ontology_relationships values (23777, "is_a", "CARO:0000055");
insert into ontology_definitions values (23777, 5, "EHDAA2:0000275", NULL, 1);
insert into ontology_terms values (50061, 23778, "left atrium auricular region", 0, 0, 0, 0);
insert into ontology_relationships values (23778, "is_a", "CARO:0000055");
insert into ontology_definitions values (23778, 5, "EHDAA2:0000276", NULL, 1);
insert into ontology_terms values (50062, 23779, "left atrium auricular region endocardium", 0, 0, 0, 0);
insert into ontology_relationships values (23779, "is_a", "CARO:0000073");
insert into ontology_definitions values (23779, 5, "EHDAA2:0000277", NULL, 1);
insert into ontology_terms values (50063, 23780, "left atrium endocardiium", 0, 0, 0, 0);
insert into ontology_relationships values (23780, "is_a", "CARO:0000073");
insert into ontology_definitions values (23780, 5, "EHDAA2:0000281", NULL, 1);
insert into ontology_terms values (50064, 23781, "left atrium future auricular region", 0, 0, 0, 0);
insert into ontology_relationships values (23781, "is_a", "CARO:0000055");
insert into ontology_definitions values (23781, 5, "EHDAA2:0000283", NULL, 1);
insert into ontology_terms values (50065, 23782, "left atrium future auricular region endocardium", 0, 0, 0, 0);
insert into ontology_relationships values (23782, "is_a", "CARO:0000073");
insert into ontology_definitions values (23782, 5, "EHDAA2:0000284", NULL, 1);
insert into ontology_terms values (50066, 23783, "left atrium future auricular region heart muscle", 0, 0, 0, 0);
insert into ontology_relationships values (23783, "is_a", "AEO:0000142");
insert into ontology_definitions values (23783, 5, "EHDAA2:0000285", NULL, 1);
insert into ontology_terms values (50067, 23784, "right atrium", 0, 0, 0, 0);
insert into ontology_relationships values (23784, "is_a", "CARO:0000055");
insert into ontology_definitions values (23784, 5, "EHDAA2:0000290", NULL, 1);
insert into ontology_terms values (50068, 23785, "right atrium auricular region", 0, 0, 0, 0);
insert into ontology_relationships values (23785, "is_a", "CARO:0000055");
insert into ontology_definitions values (23785, 5, "EHDAA2:0000291", NULL, 1);
insert into ontology_terms values (50069, 23786, "right atrium auricular region endocardium", 0, 0, 0, 0);
insert into ontology_relationships values (23786, "is_a", "CARO:0000073");
insert into ontology_definitions values (23786, 5, "EHDAA2:0000292", NULL, 1);
insert into ontology_terms values (50070, 23787, "right atrium future auricular region", 0, 0, 0, 0);
insert into ontology_relationships values (23787, "is_a", "CARO:0000055");
insert into ontology_definitions values (23787, 5, "EHDAA2:0000298", NULL, 1);
insert into ontology_terms values (50071, 23788, "right atrium future auricular region endocardium", 0, 0, 0, 0);
insert into ontology_relationships values (23788, "is_a", "CARO:0000073");
insert into ontology_definitions values (23788, 5, "EHDAA2:0000299", NULL, 1);
insert into ontology_terms values (50072, 23789, "right atrium valves", 0, 0, 0, 0);
insert into ontology_relationships values (23789, "is_a", "CARO:0000041");
insert into ontology_relationships values (23789, "is_a", "CARO:0000055");
insert into ontology_definitions values (23789, 5, "EHDAA2:0000302", NULL, 1);
insert into ontology_terms values (50073, 23790, "common bile duct", 0, 0, 0, 0);
insert into ontology_relationships values (23790, "is_a", "AEO:0000114");
insert into ontology_definitions values (23790, 5, "EHDAA2:0000303", NULL, 1);
insert into ontology_terms values (50074, 23791, "common cardinal vein left", 0, 0, 0, 0);
insert into ontology_relationships values (23791, "is_a", "AEO:0000209");
insert into ontology_definitions values (23791, 5, "EHDAA2:0000304", NULL, 1);
insert into ontology_terms values (50075, 23792, "common carotid artery", 0, 0, 0, 0);
insert into ontology_relationships values (23792, "is_a", "AEO:0000208");
insert into ontology_definitions values (23792, 5, "EHDAA2:0000306", NULL, 1);
insert into ontology_terms values (50076, 23793, "descending aorta", 0, 0, 0, 0);
insert into ontology_relationships values (23793, "is_a", "AEO:0000208");
insert into ontology_definitions values (23793, 5, "EHDAA2:0000307", NULL, 1);
insert into ontology_terms values (50077, 23794, "common hepatic artery", 0, 0, 0, 0);
insert into ontology_relationships values (23794, "is_a", "AEO:0000208");
insert into ontology_definitions values (23794, 5, "EHDAA2:0000308", NULL, 1);
insert into ontology_terms values (50078, 23795, "common hepatic artery cystic branch", 0, 0, 0, 0);
insert into ontology_relationships values (23795, "is_a", "AEO:0000208");
insert into ontology_definitions values (23795, 5, "EHDAA2:0000309", NULL, 1);
insert into ontology_terms values (50079, 23796, "common hepatic artery gastroduodenal branch", 0, 0, 0, 0);
insert into ontology_relationships values (23796, "is_a", "AEO:0000208");
insert into ontology_definitions values (23796, 5, "EHDAA2:0000310", NULL, 1);
insert into ontology_terms values (50080, 23797, "iliac artery common", 0, 0, 0, 0);
insert into ontology_relationships values (23797, "is_a", "AEO:0000208");
insert into ontology_definitions values (23797, 5, "EHDAA2:0000311", NULL, 1);
insert into ontology_terms values (50081, 23798, "connecting stalk", 0, 0, 0, 0);
insert into ontology_relationships values (23798, "is_a", "CARO:0000042");
insert into ontology_relationships values (23798, "is_a", "CARO:0000055");
insert into ontology_definitions values (23798, 5, "EHDAA2:0000312", NULL, 1);
insert into ontology_terms values (50082, 23799, "connecting stalk blood vessels", 0, 0, 0, 0);
insert into ontology_relationships values (23799, "is_a", "CARO:0000011");
insert into ontology_relationships values (23799, "is_a", "CARO:0000042");
insert into ontology_definitions values (23799, 5, "EHDAA2:0000313", NULL, 1);
insert into ontology_terms values (50083, 23800, "connecting stalk mesenchyme", 0, 0, 0, 0);
insert into ontology_relationships values (23800, "is_a", "AEO:0000146");
insert into ontology_relationships values (23800, "is_a", "CARO:0000042");
insert into ontology_definitions values (23800, 5, "EHDAA2:0000314", NULL, 1);
insert into ontology_terms values (50084, 23801, "conus medullaris", 0, 0, 0, 0);
insert into ontology_relationships values (23801, "is_a", "AEO:0000123");
insert into ontology_definitions values (23801, 5, "EHDAA2:0000315", NULL, 1);
insert into ontology_terms values (50085, 23802, "cornea", 0, 0, 0, 0);
insert into ontology_relationships values (23802, "is_a", "CARO:0000055");
insert into ontology_definitions values (23802, 5, "EHDAA2:0000316", NULL, 1);
insert into ontology_terms values (50086, 23803, "cornea posterior epithelium", 0, 0, 0, 0);
insert into ontology_relationships values (23803, "is_a", "CARO:0000070");
insert into ontology_definitions values (23803, 5, "EHDAA2:0000317", NULL, 1);
insert into ontology_terms values (50087, 23804, "corneal stroma mesenchyme", 0, 0, 0, 0);
insert into ontology_relationships values (23804, "is_a", "AEO:0000145");
insert into ontology_definitions values (23804, 5, "EHDAA2:0000318", NULL, 1);
insert into ontology_terms values (50088, 23805, "cornea surface epithelium", 0, 0, 0, 0);
insert into ontology_relationships values (23805, "is_a", "CARO:0000073");
insert into ontology_definitions values (23805, 5, "EHDAA2:0000319", NULL, 1);
insert into ontology_terms values (50089, 23806, "coronary sinus", 0, 0, 0, 0);
insert into ontology_relationships values (23806, "is_a", "AEO:0000209");
insert into ontology_definitions values (23806, 5, "EHDAA2:0000320", NULL, 1);
insert into ontology_terms values (50090, 23807, "costal pre-cartilage condensation group", 0, 0, 0, 0);
insert into ontology_relationships values (23807, "is_a", "AEO:0000150");
insert into ontology_relationships values (23807, "is_a", "AEO:0000210");
insert into ontology_definitions values (23807, 5, "EHDAA2:0000321", NULL, 1);
insert into ontology_terms values (50091, 23808, "cranial muscle system", 0, 0, 0, 0);
insert into ontology_relationships values (23808, "is_a", "CARO:0000011");
insert into ontology_definitions values (23808, 5, "EHDAA2:0000322", NULL, 1);
insert into ontology_terms values (50092, 23809, "cranial nerve system", 0, 0, 0, 0);
insert into ontology_relationships values (23809, "is_a", "CARO:0000011");
insert into ontology_definitions values (23809, 5, "EHDAA2:0000323", NULL, 1);
insert into ontology_terms values (50093, 23810, "cranium", 0, 0, 0, 0);
insert into ontology_relationships values (23810, "is_a", "CARO:0000011");
insert into ontology_definitions values (23810, 5, "EHDAA2:0000325", NULL, 1);
insert into ontology_terms values (50094, 23811, "cricoid cartilage", 0, 0, 0, 0);
insert into ontology_relationships values (23811, "is_a", "AEO:0000147");
insert into ontology_definitions values (23811, 5, "EHDAA2:0000326", NULL, 1);
insert into ontology_terms values (50095, 23812, "cricoid pre-cartilage condensation", 0, 0, 0, 0);
insert into ontology_relationships values (23812, "is_a", "AEO:0000150");
insert into ontology_definitions values (23812, 5, "EHDAA2:0000327", NULL, 1);
insert into ontology_terms values (50096, 23813, "crus commune", 0, 0, 0, 0);
insert into ontology_relationships values (23813, "is_a", "AEO:0000114");
insert into ontology_definitions values (23813, 5, "EHDAA2:0000330", NULL, 1);
insert into ontology_terms values (50097, 23814, "cystic duct", 0, 0, 0, 0);
insert into ontology_relationships values (23814, "is_a", "AEO:0000114");
insert into ontology_definitions values (23814, 5, "EHDAA2:0000333", NULL, 1);
insert into ontology_terms values (50098, 23815, "polar trophectoderm cytotrophoblast", 0, 0, 0, 0);
insert into ontology_relationships values (23815, "is_a", "CARO:0000042");
insert into ontology_relationships values (23815, "is_a", "CARO:0000069");
insert into ontology_definitions values (23815, 5, "EHDAA2:0000335", NULL, 1);
insert into ontology_terms values (50099, 23816, "mural trophectoderm cytotrophoblast", 0, 0, 0, 0);
insert into ontology_relationships values (23816, "is_a", "CARO:0000042");
insert into ontology_relationships values (23816, "is_a", "CARO:0000069");
insert into ontology_definitions values (23816, 5, "EHDAA2:0000336", NULL, 1);
insert into ontology_terms values (50100, 23817, "definitive endoderm", 0, 0, 0, 0);
insert into ontology_relationships values (23817, "is_a", "AEO:0000132");
insert into ontology_relationships values (23817, "is_a", "CARO:0000073");
insert into ontology_definitions values (23817, 5, "EHDAA2:0000337", NULL, 1);
insert into ontology_terms values (50101, 23818, "degenerating mesonephros", 0, 0, 0, 0);
insert into ontology_relationships values (23818, "is_a", "AEO:0000127");
insert into ontology_definitions values (23818, 5, "EHDAA2:0000338", NULL, 1);
insert into ontology_terms values (50102, 23819, "deltoid muscle", 0, 0, 0, 0);
insert into ontology_relationships values (23819, "is_a", "AEO:0000140");
insert into ontology_definitions values (23819, 5, "EHDAA2:0000339", NULL, 1);
insert into ontology_terms values (50103, 23820, "deltoid pre-muscle mass", 0, 0, 0, 0);
insert into ontology_relationships values (23820, "is_a", "AEO:0000149");
insert into ontology_definitions values (23820, 5, "EHDAA2:0000340", NULL, 1);
insert into ontology_terms values (50104, 23821, "dermomyotome 01", 0, 0, 0, 0);
insert into ontology_relationships values (23821, "is_a", "AEO:0000214");
insert into ontology_definitions values (23821, 5, "EHDAA2:0000341", NULL, 1);
insert into ontology_terms values (50105, 23822, "dermomyotome 02", 0, 0, 0, 0);
insert into ontology_relationships values (23822, "is_a", "AEO:0000214");
insert into ontology_definitions values (23822, 5, "EHDAA2:0000342", NULL, 1);
insert into ontology_terms values (50106, 23823, "dermomyotome 03", 0, 0, 0, 0);
insert into ontology_relationships values (23823, "is_a", "AEO:0000214");
insert into ontology_definitions values (23823, 5, "EHDAA2:0000343", NULL, 1);
insert into ontology_terms values (50107, 23824, "dermomyotome 04", 0, 0, 0, 0);
insert into ontology_relationships values (23824, "is_a", "AEO:0000214");
insert into ontology_definitions values (23824, 5, "EHDAA2:0000344", NULL, 1);
insert into ontology_terms values (50108, 23825, "dermomyotome 05", 0, 0, 0, 0);
insert into ontology_relationships values (23825, "is_a", "AEO:0000214");
insert into ontology_definitions values (23825, 5, "EHDAA2:0000345", NULL, 1);
insert into ontology_terms values (50109, 23826, "dermomyotome 06", 0, 0, 0, 0);
insert into ontology_relationships values (23826, "is_a", "AEO:0000214");
insert into ontology_definitions values (23826, 5, "EHDAA2:0000346", NULL, 1);
insert into ontology_terms values (50110, 23827, "dermomyotome 07", 0, 0, 0, 0);
insert into ontology_relationships values (23827, "is_a", "AEO:0000214");
insert into ontology_definitions values (23827, 5, "EHDAA2:0000347", NULL, 1);
insert into ontology_terms values (50111, 23828, "dermomyotome 08", 0, 0, 0, 0);
insert into ontology_relationships values (23828, "is_a", "AEO:0000214");
insert into ontology_definitions values (23828, 5, "EHDAA2:0000348", NULL, 1);
insert into ontology_terms values (50112, 23829, "dermomyotome 09", 0, 0, 0, 0);
insert into ontology_relationships values (23829, "is_a", "AEO:0000214");
insert into ontology_definitions values (23829, 5, "EHDAA2:0000349", NULL, 1);
insert into ontology_terms values (50113, 23830, "dermomyotome 10", 0, 0, 0, 0);
insert into ontology_relationships values (23830, "is_a", "AEO:0000214");
insert into ontology_definitions values (23830, 5, "EHDAA2:0000350", NULL, 1);
insert into ontology_terms values (50114, 23831, "dermomyotome 11", 0, 0, 0, 0);
insert into ontology_relationships values (23831, "is_a", "AEO:0000214");
insert into ontology_definitions values (23831, 5, "EHDAA2:0000351", NULL, 1);
insert into ontology_terms values (50115, 23832, "dermomyotome 12", 0, 0, 0, 0);
insert into ontology_relationships values (23832, "is_a", "AEO:0000214");
insert into ontology_definitions values (23832, 5, "EHDAA2:0000352", NULL, 1);
insert into ontology_terms values (50116, 23833, "dermomyotome 13", 0, 0, 0, 0);
insert into ontology_relationships values (23833, "is_a", "AEO:0000214");
insert into ontology_definitions values (23833, 5, "EHDAA2:0000353", NULL, 1);
insert into ontology_terms values (50117, 23834, "dermomyotome 14", 0, 0, 0, 0);
insert into ontology_relationships values (23834, "is_a", "AEO:0000214");
insert into ontology_definitions values (23834, 5, "EHDAA2:0000354", NULL, 1);
insert into ontology_terms values (50118, 23835, "dermomyotome 15", 0, 0, 0, 0);
insert into ontology_relationships values (23835, "is_a", "AEO:0000214");
insert into ontology_definitions values (23835, 5, "EHDAA2:0000355", NULL, 1);
insert into ontology_terms values (50119, 23836, "dermomyotome 16", 0, 0, 0, 0);
insert into ontology_relationships values (23836, "is_a", "AEO:0000214");
insert into ontology_definitions values (23836, 5, "EHDAA2:0000356", NULL, 1);
insert into ontology_terms values (50120, 23837, "dermomyotome 17", 0, 0, 0, 0);
insert into ontology_relationships values (23837, "is_a", "AEO:0000214");
insert into ontology_definitions values (23837, 5, "EHDAA2:0000357", NULL, 1);
insert into ontology_terms values (50121, 23838, "dermomyotome 18", 0, 0, 0, 0);
insert into ontology_relationships values (23838, "is_a", "AEO:0000214");
insert into ontology_definitions values (23838, 5, "EHDAA2:0000358", NULL, 1);
insert into ontology_terms values (50122, 23839, "dermomyotome 19", 0, 0, 0, 0);
insert into ontology_relationships values (23839, "is_a", "AEO:0000214");
insert into ontology_definitions values (23839, 5, "EHDAA2:0000359", NULL, 1);
insert into ontology_terms values (50123, 23840, "dermomyotome 20", 0, 0, 0, 0);
insert into ontology_relationships values (23840, "is_a", "AEO:0000214");
insert into ontology_definitions values (23840, 5, "EHDAA2:0000360", NULL, 1);
insert into ontology_terms values (50124, 23841, "dermomyotome 21", 0, 0, 0, 0);
insert into ontology_relationships values (23841, "is_a", "AEO:0000214");
insert into ontology_definitions values (23841, 5, "EHDAA2:0000361", NULL, 1);
insert into ontology_terms values (50125, 23842, "dermomyotome 22", 0, 0, 0, 0);
insert into ontology_relationships values (23842, "is_a", "AEO:0000214");
insert into ontology_definitions values (23842, 5, "EHDAA2:0000362", NULL, 1);
insert into ontology_terms values (50126, 23843, "dermomyotome 23", 0, 0, 0, 0);
insert into ontology_relationships values (23843, "is_a", "AEO:0000214");
insert into ontology_definitions values (23843, 5, "EHDAA2:0000363", NULL, 1);
insert into ontology_terms values (50127, 23844, "dermomyotome 24", 0, 0, 0, 0);
insert into ontology_relationships values (23844, "is_a", "AEO:0000214");
insert into ontology_definitions values (23844, 5, "EHDAA2:0000364", NULL, 1);
insert into ontology_terms values (50128, 23845, "dermomyotome 25", 0, 0, 0, 0);
insert into ontology_relationships values (23845, "is_a", "AEO:0000214");
insert into ontology_definitions values (23845, 5, "EHDAA2:0000365", NULL, 1);
insert into ontology_terms values (50129, 23846, "dermomyotome 26", 0, 0, 0, 0);
insert into ontology_relationships values (23846, "is_a", "AEO:0000214");
insert into ontology_definitions values (23846, 5, "EHDAA2:0000366", NULL, 1);
insert into ontology_terms values (50130, 23847, "dermomyotome 27", 0, 0, 0, 0);
insert into ontology_relationships values (23847, "is_a", "AEO:0000214");
insert into ontology_definitions values (23847, 5, "EHDAA2:0000367", NULL, 1);
insert into ontology_terms values (50131, 23848, "dermomyotome 28", 0, 0, 0, 0);
insert into ontology_relationships values (23848, "is_a", "AEO:0000214");
insert into ontology_definitions values (23848, 5, "EHDAA2:0000368", NULL, 1);
insert into ontology_terms values (50132, 23849, "dermomyotome 29", 0, 0, 0, 0);
insert into ontology_relationships values (23849, "is_a", "AEO:0000132");
insert into ontology_definitions values (23849, 5, "EHDAA2:0000369", NULL, 1);
insert into ontology_terms values (50133, 23850, "dermomyotome 30", 0, 0, 0, 0);
insert into ontology_relationships values (23850, "is_a", "AEO:0000214");
insert into ontology_definitions values (23850, 5, "EHDAA2:0000370", NULL, 1);
insert into ontology_terms values (50134, 23851, "dermomyotome 31", 0, 0, 0, 0);
insert into ontology_relationships values (23851, "is_a", "AEO:0000214");
insert into ontology_definitions values (23851, 5, "EHDAA2:0000371", NULL, 1);
insert into ontology_terms values (50135, 23852, "dermomyotome 32", 0, 0, 0, 0);
insert into ontology_relationships values (23852, "is_a", "AEO:0000214");
insert into ontology_definitions values (23852, 5, "EHDAA2:0000372", NULL, 1);
insert into ontology_terms values (50136, 23853, "dermomyotome 33", 0, 0, 0, 0);
insert into ontology_relationships values (23853, "is_a", "AEO:0000214");
insert into ontology_definitions values (23853, 5, "EHDAA2:0000373", NULL, 1);
insert into ontology_terms values (50137, 23854, "dermomyotome 34", 0, 0, 0, 0);
insert into ontology_relationships values (23854, "is_a", "AEO:0000214");
insert into ontology_definitions values (23854, 5, "EHDAA2:0000374", NULL, 1);
insert into ontology_terms values (50138, 23855, "dermomyotome 35", 0, 0, 0, 0);
insert into ontology_relationships values (23855, "is_a", "AEO:0000214");
insert into ontology_definitions values (23855, 5, "EHDAA2:0000375", NULL, 1);
insert into ontology_terms values (50139, 23856, "dermomyotome 36", 0, 0, 0, 0);
insert into ontology_relationships values (23856, "is_a", "AEO:0000214");
insert into ontology_definitions values (23856, 5, "EHDAA2:0000376", NULL, 1);
insert into ontology_terms values (50140, 23857, "dermomyotome 37", 0, 0, 0, 0);
insert into ontology_relationships values (23857, "is_a", "AEO:0000214");
insert into ontology_definitions values (23857, 5, "EHDAA2:0000377", NULL, 1);
insert into ontology_terms values (50141, 23858, "dermomyotome 38", 0, 0, 0, 0);
insert into ontology_relationships values (23858, "is_a", "AEO:0000214");
insert into ontology_definitions values (23858, 5, "EHDAA2:0000378", NULL, 1);
insert into ontology_terms values (50142, 23859, "dermomyotome 39", 0, 0, 0, 0);
insert into ontology_relationships values (23859, "is_a", "AEO:0000214");
insert into ontology_definitions values (23859, 5, "EHDAA2:0000379", NULL, 1);
insert into ontology_terms values (50143, 23860, "diencephalic part of interventricular foramen", 0, 0, 0, 0);
insert into ontology_relationships values (23860, "is_a", "AEO:0000080");
insert into ontology_definitions values (23860, 5, "EHDAA2:0000384", NULL, 1);
insert into ontology_terms values (50144, 23861, "diencephalon", 0, 0, 0, 0);
insert into ontology_relationships values (23861, "is_a", "CARO:0000055");
insert into ontology_definitions values (23861, 5, "EHDAA2:0000385", NULL, 1);
insert into ontology_terms values (50145, 23862, "diencephalon floor plate", 0, 0, 0, 0);
insert into ontology_relationships values (23862, "is_a", "CARO:0000068");
insert into ontology_definitions values (23862, 5, "EHDAA2:0000388", NULL, 1);
insert into ontology_terms values (50146, 23863, "diencephalon future arachnoid layer", 0, 0, 0, 0);
insert into ontology_relationships values (23863, "is_a", "AEO:0000146");
insert into ontology_definitions values (23863, 5, "EHDAA2:0000389", NULL, 1);
insert into ontology_terms values (50147, 23864, "diencephalon primary meninx future arachnoid layer", 0, 0, 0, 0);
insert into ontology_relationships values (23864, "is_a", "AEO:0000146");
insert into ontology_definitions values (23864, 5, "EHDAA2:0000390", NULL, 1);
insert into ontology_terms values (50148, 23865, "diencephalon future dura mater", 0, 0, 0, 0);
insert into ontology_relationships values (23865, "is_a", "AEO:0000146");
insert into ontology_definitions values (23865, 5, "EHDAA2:0000391", NULL, 1);
insert into ontology_terms values (50149, 23866, "diencephalon primary meninx future dura mater", 0, 0, 0, 0);
insert into ontology_relationships values (23866, "is_a", "AEO:0000146");
insert into ontology_definitions values (23866, 5, "EHDAA2:0000392", NULL, 1);
insert into ontology_terms values (50150, 23867, "diencephalon future subarachnoid space", 0, 0, 0, 0);
insert into ontology_relationships values (23867, "is_a", "AEO:0000221");
insert into ontology_definitions values (23867, 5, "EHDAA2:0000393", NULL, 1);
insert into ontology_terms values (50151, 23868, "diencephalon primary meninx future subarachnoid space", 0, 0, 0, 0);
insert into ontology_relationships values (23868, "is_a", "AEO:0000221");
insert into ontology_definitions values (23868, 5, "EHDAA2:0000394", NULL, 1);
insert into ontology_terms values (50152, 23869, "diencephalon glands", 0, 0, 0, 0);
insert into ontology_relationships values (23869, "is_a", "CARO:0000054");
insert into ontology_definitions values (23869, 5, "EHDAA2:0000395", NULL, 1);
insert into ontology_terms values (50153, 23870, "diencephalon lateral wall", 0, 0, 0, 0);
insert into ontology_relationships values (23870, "is_a", "AEO:0001008");
insert into ontology_relationships values (23870, "is_a", "CARO:0000055");
insert into ontology_definitions values (23870, 5, "EHDAA2:0000396", NULL, 1);
insert into ontology_terms values (50154, 23871, "diencephalon mantle layer", 0, 0, 0, 0);
insert into ontology_relationships values (23871, "is_a", "AEO:0001010");
insert into ontology_relationships values (23871, "is_a", "CARO:0000055");
insert into ontology_definitions values (23871, 5, "EHDAA2:0000397", NULL, 1);
insert into ontology_terms values (50155, 23872, "diencephalon marginal layer", 0, 0, 0, 0);
insert into ontology_relationships values (23872, "is_a", "AEO:0001011");
insert into ontology_definitions values (23872, 5, "EHDAA2:0000398", NULL, 1);
insert into ontology_terms values (50156, 23873, "diencephalon meninges", 0, 0, 0, 0);
insert into ontology_relationships values (23873, "is_a", "CARO:0000055");
insert into ontology_definitions values (23873, 5, "EHDAA2:0000399", NULL, 1);
insert into ontology_terms values (50157, 23874, "diencephalon pia mater", 0, 0, 0, 0);
insert into ontology_relationships values (23874, "is_a", "AEO:0000146");
insert into ontology_definitions values (23874, 5, "EHDAA2:0000400", NULL, 1);
insert into ontology_terms values (50158, 23875, "diencephalon primary meninx", 0, 0, 0, 0);
insert into ontology_relationships values (23875, "is_a", "AEO:0000151");
insert into ontology_definitions values (23875, 5, "EHDAA2:0000401", NULL, 1);
insert into ontology_terms values (50159, 23876, "diencephalon roof plate", 0, 0, 0, 0);
insert into ontology_relationships values (23876, "is_a", "CARO:0000073");
insert into ontology_definitions values (23876, 5, "EHDAA2:0000402", NULL, 1);
insert into ontology_terms values (50160, 23877, "diencephalon ventricular layer", 0, 0, 0, 0);
insert into ontology_relationships values (23877, "is_a", "AEO:0001009");
insert into ontology_definitions values (23877, 5, "EHDAA2:0000403", NULL, 1);
insert into ontology_terms values (50161, 23878, "digital region", 0, 0, 0, 0);
insert into ontology_relationships values (23878, "is_a", "CARO:0000041");
insert into ontology_definitions values (23878, 5, "EHDAA2:0000404", NULL, 1);
insert into ontology_terms values (50162, 23879, "digital region apical ectodermal ridge", 0, 0, 0, 0);
insert into ontology_relationships values (23879, "is_a", "CARO:0000068");
insert into ontology_definitions values (23879, 5, "EHDAA2:0000405", NULL, 1);
insert into ontology_terms values (50163, 23880, "digital region epithelium", 0, 0, 0, 0);
insert into ontology_relationships values (23880, "is_a", "CARO:0000073");
insert into ontology_definitions values (23880, 5, "EHDAA2:0000406", NULL, 1);
insert into ontology_terms values (50164, 23881, "digital region mesenchyme", 0, 0, 0, 0);
insert into ontology_relationships values (23881, "is_a", "AEO:0000145");
insert into ontology_definitions values (23881, 5, "EHDAA2:0000407", NULL, 1);
insert into ontology_terms values (50165, 23882, "dorsal 3rd arch pharyngeal pouch endoderm", 0, 0, 0, 0);
insert into ontology_relationships values (23882, "is_a", "CARO:0000073");
insert into ontology_definitions values (23882, 5, "EHDAA2:0000409", NULL, 1);
insert into ontology_terms values (50166, 23883, "paired dorsal aortae", 0, 0, 0, 0);
insert into ontology_relationships values (23883, "is_a", "CARO:0000055");
insert into ontology_definitions values (23883, 5, "EHDAA2:0000410", NULL, 1);
insert into ontology_terms values (50167, 23884, "dorsal mesocardium", 0, 0, 0, 0);
insert into ontology_relationships values (23884, "is_a", "AEO:0000145");
insert into ontology_definitions values (23884, 5, "EHDAA2:0000413", NULL, 1);
insert into ontology_terms values (50168, 23885, "dorsal mesogastrium", 0, 0, 0, 0);
insert into ontology_relationships values (23885, "is_a", "AEO:0000151");
insert into ontology_definitions values (23885, 5, "EHDAA2:0000416", NULL, 1);
insert into ontology_terms values (50169, 23886, "cervical dorsal root ganglions C1-7", 0, 0, 0, 0);
insert into ontology_relationships values (23886, "is_a", "AEO:0000135");
insert into ontology_definitions values (23886, 5, "EHDAA2:0000418", NULL, 1);
insert into ontology_terms values (50170, 23887, "ductus arteriosus", 0, 0, 0, 0);
insert into ontology_relationships values (23887, "is_a", "AEO:0000208");
insert into ontology_definitions values (23887, 5, "EHDAA2:0000420", NULL, 1);
insert into ontology_terms values (50171, 23888, "ductus venosus", 0, 0, 0, 0);
insert into ontology_relationships values (23888, "is_a", "AEO:0000209");
insert into ontology_definitions values (23888, 5, "EHDAA2:0000422", NULL, 1);
insert into ontology_terms values (50172, 23889, "ear", 0, 0, 0, 0);
insert into ontology_relationships values (23889, "is_a", "CARO:0000024");
insert into ontology_definitions values (23889, 5, "EHDAA2:0000423", NULL, 1);
insert into ontology_terms values (50173, 23890, "primitive heart tube endocardium", 0, 0, 0, 0);
insert into ontology_relationships values (23890, "is_a", "AEO:0000114");
insert into ontology_definitions values (23890, 5, "EHDAA2:0000426", NULL, 1);
insert into ontology_terms values (50174, 23891, "primitive heart tube myocardium", 0, 0, 0, 0);
insert into ontology_relationships values (23891, "is_a", "AEO:0000125");
insert into ontology_definitions values (23891, 5, "EHDAA2:0000427", NULL, 1);
insert into ontology_terms values (50175, 23892, "ectoderm", 0, 0, 0, 0);
insert into ontology_relationships values (23892, "is_a", "AEO:0000132");
insert into ontology_definitions values (23892, 5, "EHDAA2:0000428", NULL, 1);
insert into ontology_terms values (50176, 23893, "elbow", 0, 0, 0, 0);
insert into ontology_relationships values (23893, "is_a", "CARO:0000041");
insert into ontology_definitions values (23893, 5, "EHDAA2:0000429", NULL, 1);
insert into ontology_terms values (50177, 23894, "elbow epithelium", 0, 0, 0, 0);
insert into ontology_relationships values (23894, "is_a", "CARO:0000073");
insert into ontology_definitions values (23894, 5, "EHDAA2:0000430", NULL, 1);
insert into ontology_terms values (50178, 23895, "elbow joint primordium", 0, 0, 0, 0);
insert into ontology_relationships values (23895, "is_a", "AEO:0000148");
insert into ontology_definitions values (23895, 5, "EHDAA2:0000431", NULL, 1);
insert into ontology_terms values (50179, 23896, "elbow mesenchyme from somatopleure mesenchyme", 0, 0, 0, 0);
insert into ontology_relationships values (23896, "is_a", "AEO:0000145");
insert into ontology_definitions values (23896, 5, "EHDAA2:0000432", NULL, 1);
insert into ontology_terms values (50180, 23897, "atrioventricular cushion endocardium", 0, 0, 0, 0);
insert into ontology_relationships values (23897, "is_a", "CARO:0000073");
insert into ontology_definitions values (23897, 5, "EHDAA2:0000434", NULL, 1);
insert into ontology_terms values (50181, 23898, "endoderm", 0, 0, 0, 0);
insert into ontology_relationships values (23898, "is_a", "AEO:0000132");
insert into ontology_relationships values (23898, "is_a", "CARO:0000073");
insert into ontology_definitions values (23898, 5, "EHDAA2:0000436", NULL, 1);
insert into ontology_terms values (50182, 23899, "endolymphatic appendage", 0, 0, 0, 0);
insert into ontology_relationships values (23899, "is_a", "AEO:0000114");
insert into ontology_definitions values (23899, 5, "EHDAA2:0000437", NULL, 1);
insert into ontology_terms values (50183, 23900, "early endolymphatic appendage", 0, 0, 0, 0);
insert into ontology_relationships values (23900, "is_a", "CARO:0000055");
insert into ontology_definitions values (23900, 5, "EHDAA2:0000438", NULL, 1);
insert into ontology_terms values (50184, 23901, "endolymphatic sac", 0, 0, 0, 0);
insert into ontology_relationships values (23901, "is_a", "AEO:0000115");
insert into ontology_definitions values (23901, 5, "EHDAA2:0000441", NULL, 1);
insert into ontology_terms values (50185, 23902, "epiblast", 0, 0, 0, 0);
insert into ontology_relationships values (23902, "is_a", "AEO:0000132");
insert into ontology_relationships values (23902, "is_a", "AEO:0000206");
insert into ontology_relationships values (23902, "is_a", "CARO:0000068");
insert into ontology_definitions values (23902, 5, "EHDAA2:0000444", NULL, 1);
insert into ontology_terms values (50186, 23903, "epiploic foramen of Winslow", 0, 0, 0, 0);
insert into ontology_relationships values (23903, "is_a", "AEO:0000080");
insert into ontology_definitions values (23903, 5, "EHDAA2:0000447", NULL, 1);
insert into ontology_terms values (50187, 23904, "epithalamus", 0, 0, 0, 0);
insert into ontology_relationships values (23904, "is_a", "CARO:0000055");
insert into ontology_definitions values (23904, 5, "EHDAA2:0000448", NULL, 1);
insert into ontology_terms values (50188, 23905, "epithalamus mantle layer", 0, 0, 0, 0);
insert into ontology_relationships values (23905, "is_a", "AEO:0001010");
insert into ontology_relationships values (23905, "is_a", "CARO:0000055");
insert into ontology_definitions values (23905, 5, "EHDAA2:0000449", NULL, 1);
insert into ontology_terms values (50189, 23906, "epithalamus ventricular layer", 0, 0, 0, 0);
insert into ontology_relationships values (23906, "is_a", "AEO:0001009");
insert into ontology_definitions values (23906, 5, "EHDAA2:0000450", NULL, 1);
insert into ontology_terms values (50190, 23907, "erector spinae", 0, 0, 0, 0);
insert into ontology_relationships values (23907, "is_a", "AEO:0000140");
insert into ontology_definitions values (23907, 5, "EHDAA2:0000454", NULL, 1);
insert into ontology_terms values (50191, 23908, "erector spinae pre-muscle mass", 0, 0, 0, 0);
insert into ontology_relationships values (23908, "is_a", "AEO:0000149");
insert into ontology_definitions values (23908, 5, "EHDAA2:0000455", NULL, 1);
insert into ontology_terms values (50192, 23909, "ethmoid bone primordium", 0, 0, 0, 0);
insert into ontology_relationships values (23909, "is_a", "AEO:0000085");
insert into ontology_definitions values (23909, 5, "EHDAA2:0000456", NULL, 1);
insert into ontology_terms values (50193, 23910, "exoccipital pre-cartilage condensation", 0, 0, 0, 0);
insert into ontology_relationships values (23910, "is_a", "AEO:0000150");
insert into ontology_definitions values (23910, 5, "EHDAA2:0000457", NULL, 1);
insert into ontology_terms values (50194, 23911, "extensor leg muscle group", 0, 0, 0, 0);
insert into ontology_relationships values (23911, "is_a", "CARO:0000041");
insert into ontology_definitions values (23911, 5, "EHDAA2:0000458", NULL, 1);
insert into ontology_terms values (50195, 23912, "extensor pre-muscle mass", 0, 0, 0, 0);
insert into ontology_relationships values (23912, "is_a", "AEO:0000149");
insert into ontology_definitions values (23912, 5, "EHDAA2:0000459", NULL, 1);
insert into ontology_terms values (50196, 23913, "auditory meatus", 0, 0, 0, 0);
insert into ontology_relationships values (23913, "is_a", "AEO:0000204");
insert into ontology_definitions values (23913, 5, "EHDAA2:0000460", NULL, 1);
insert into ontology_terms values (50197, 23914, "external carotid artery", 0, 0, 0, 0);
insert into ontology_relationships values (23914, "is_a", "AEO:0000208");
insert into ontology_definitions values (23914, 5, "EHDAA2:0000461", NULL, 1);
insert into ontology_terms values (50198, 23915, "external ear", 0, 0, 0, 0);
insert into ontology_relationships values (23915, "is_a", "CARO:0000055");
insert into ontology_definitions values (23915, 5, "EHDAA2:0000462", NULL, 1);
insert into ontology_terms values (50199, 23916, "iliac artery external", 0, 0, 0, 0);
insert into ontology_relationships values (23916, "is_a", "AEO:0000208");
insert into ontology_definitions values (23916, 5, "EHDAA2:0000463", NULL, 1);
insert into ontology_terms values (50200, 23917, "external iliac vein", 0, 0, 0, 0);
insert into ontology_relationships values (23917, "is_a", "AEO:0000209");
insert into ontology_definitions values (23917, 5, "EHDAA2:0000464", NULL, 1);
insert into ontology_terms values (50201, 23918, "external intercostal muscle", 0, 0, 0, 0);
insert into ontology_relationships values (23918, "is_a", "AEO:0000140");
insert into ontology_definitions values (23918, 5, "EHDAA2:0000465", NULL, 1);
insert into ontology_terms values (50202, 23919, "external intercostal pre-muscle mass", 0, 0, 0, 0);
insert into ontology_relationships values (23919, "is_a", "AEO:0000149");
insert into ontology_definitions values (23919, 5, "EHDAA2:0000467", NULL, 1);
insert into ontology_terms values (50203, 23920, "external jugular vein", 0, 0, 0, 0);
insert into ontology_relationships values (23920, "is_a", "AEO:0000209");
insert into ontology_definitions values (23920, 5, "EHDAA2:0000468", NULL, 1);
insert into ontology_terms values (50204, 23921, "external oblique", 0, 0, 0, 0);
insert into ontology_relationships values (23921, "is_a", "AEO:0000140");
insert into ontology_definitions values (23921, 5, "EHDAA2:0000469", NULL, 1);
insert into ontology_terms values (50205, 23922, "external oblique pre-muscle mass", 0, 0, 0, 0);
insert into ontology_relationships values (23922, "is_a", "AEO:0000149");
insert into ontology_definitions values (23922, 5, "EHDAA2:0000470", NULL, 1);
insert into ontology_terms values (50206, 23923, "extraembryonic arterial system", 0, 0, 0, 0);
insert into ontology_relationships values (23923, "is_a", "CARO:0000041");
insert into ontology_relationships values (23923, "is_a", "CARO:0000042");
insert into ontology_definitions values (23923, 5, "EHDAA2:0000471", NULL, 1);
insert into ontology_terms values (50207, 23924, "extraembryonic cavities", 0, 0, 0, 0);
insert into ontology_relationships values (23924, "is_a", "CARO:0000042");
insert into ontology_definitions values (23924, 5, "EHDAA2:0000472", NULL, 1);
insert into ontology_terms values (50208, 23925, "extraembryonic endoderm", 0, 0, 0, 0);
insert into ontology_relationships values (23925, "is_a", "CARO:0000042");
insert into ontology_relationships values (23925, "is_a", "CARO:0000073");
insert into ontology_definitions values (23925, 5, "EHDAA2:0000473", NULL, 1);
insert into ontology_terms values (50209, 23926, "extraembryonic mesoderm", 0, 0, 0, 0);
insert into ontology_relationships values (23926, "is_a", "AEO:0000132");
insert into ontology_relationships values (23926, "is_a", "AEO:0000146");
insert into ontology_relationships values (23926, "is_a", "CARO:0000042");
insert into ontology_definitions values (23926, 5, "EHDAA2:0000474", NULL, 1);
insert into ontology_terms values (50210, 23927, "extraembryonic vascular system", 0, 0, 0, 0);
insert into ontology_relationships values (23927, "is_a", "CARO:0000041");
insert into ontology_relationships values (23927, "is_a", "CARO:0000042");
insert into ontology_definitions values (23927, 5, "EHDAA2:0000478", NULL, 1);
insert into ontology_terms values (50211, 23928, "extraembryonic venous system", 0, 0, 0, 0);
insert into ontology_relationships values (23928, "is_a", "CARO:0000041");
insert into ontology_relationships values (23928, "is_a", "CARO:0000042");
insert into ontology_definitions values (23928, 5, "EHDAA2:0000479", NULL, 1);
insert into ontology_terms values (50212, 23929, "extrinsic ocular muscle", 0, 0, 0, 0);
insert into ontology_relationships values (23929, "is_a", "AEO:0000140");
insert into ontology_definitions values (23929, 5, "EHDAA2:0000482", NULL, 1);
insert into ontology_terms values (50213, 23930, "extrinsic ocular pre-muscle mass", 0, 0, 0, 0);
insert into ontology_relationships values (23930, "is_a", "AEO:0000149");
insert into ontology_definitions values (23930, 5, "EHDAA2:0000483", NULL, 1);
insert into ontology_terms values (50214, 23931, "eye", 0, 0, 0, 0);
insert into ontology_relationships values (23931, "is_a", "AEO:0000094");
insert into ontology_definitions values (23931, 5, "EHDAA2:0000484", NULL, 1);
insert into ontology_terms values (50215, 23932, "eye mesenchyme", 0, 0, 0, 0);
insert into ontology_relationships values (23932, "is_a", "AEO:0000145");
insert into ontology_definitions values (23932, 5, "EHDAA2:0000485", NULL, 1);
insert into ontology_terms values (50216, 23933, "eye skeletal muscle group", 0, 0, 0, 0);
insert into ontology_relationships values (23933, "is_a", "CARO:0000054");
insert into ontology_definitions values (23933, 5, "EHDAA2:0000486", NULL, 1);
insert into ontology_terms values (50217, 23934, "eyelid region", 0, 0, 0, 0);
insert into ontology_relationships values (23934, "is_a", "CARO:0000041");
insert into ontology_definitions values (23934, 5, "EHDAA2:0000487", NULL, 1);
insert into ontology_terms values (50218, 23935, "facial bones primordia", 0, 0, 0, 0);
insert into ontology_relationships values (23935, "is_a", "AEO:0000085");
insert into ontology_definitions values (23935, 5, "EHDAA2:0000488", NULL, 1);
insert into ontology_terms values (50219, 23936, "facial VII nerve", 0, 0, 0, 0);
insert into ontology_relationships values (23936, "is_a", "AEO:0000137");
insert into ontology_definitions values (23936, 5, "EHDAA2:0000489", NULL, 1);
insert into ontology_terms values (50220, 23937, "facial VII nerve chorda tympani branch", 0, 0, 0, 0);
insert into ontology_relationships values (23937, "is_a", "AEO:0000137");
insert into ontology_definitions values (23937, 5, "EHDAA2:0000490", NULL, 1);
insert into ontology_terms values (50221, 23938, "facial VII ganglion", 0, 0, 0, 0);
insert into ontology_relationships values (23938, "is_a", "AEO:0000135");
insert into ontology_definitions values (23938, 5, "EHDAA2:0000491", NULL, 1);
insert into ontology_terms values (50222, 23939, "facio-acoustic neural crest", 0, 0, 0, 0);
insert into ontology_relationships values (23939, "is_a", "AEO:0000132");
insert into ontology_relationships values (23939, "is_a", "AEO:0000152");
insert into ontology_definitions values (23939, 5, "EHDAA2:0000492", NULL, 1);
insert into ontology_terms values (50223, 23940, "acoustico-facial VII-VIII ganglion complex", 0, 0, 0, 0);
insert into ontology_relationships values (23940, "is_a", "AEO:0000135");
insert into ontology_definitions values (23940, 5, "EHDAA2:0000494", NULL, 1);
insert into ontology_terms values (50224, 23941, "falciform ligament", 0, 0, 0, 0);
insert into ontology_relationships values (23941, "is_a", "AEO:0000151");
insert into ontology_definitions values (23941, 5, "EHDAA2:0000499", NULL, 1);
insert into ontology_terms values (50225, 23942, "female labial swelling", 0, 0, 0, 0);
insert into ontology_relationships values (23942, "is_a", "AEO:0000176");
insert into ontology_relationships values (23942, "is_a", "CARO:0000055");
insert into ontology_definitions values (23942, 5, "EHDAA2:0000501", NULL, 1);
insert into ontology_terms values (50226, 23943, "female nephric duct", 0, 0, 0, 0);
insert into ontology_relationships values (23943, "is_a", "AEO:0000114");
insert into ontology_relationships values (23943, "is_a", "AEO:0000176");
insert into ontology_definitions values (23943, 5, "EHDAA2:0000502", NULL, 1);
insert into ontology_terms values (50227, 23944, "female nephric duct lumen", 0, 0, 0, 0);
insert into ontology_relationships values (23944, "is_a", "AEO:0000078");
insert into ontology_definitions values (23944, 5, "EHDAA2:0000503", NULL, 1);
insert into ontology_terms values (50228, 23945, "female paramesonephric duct", 0, 0, 0, 0);
insert into ontology_relationships values (23945, "is_a", "AEO:0000114");
insert into ontology_relationships values (23945, "is_a", "AEO:0000176");
insert into ontology_definitions values (23945, 5, "EHDAA2:0000504", NULL, 1);
insert into ontology_terms values (50229, 23946, "female primordial germ cells", 0, 0, 0, 0);
insert into ontology_relationships values (23946, "is_a", "AEO:0000176");
insert into ontology_relationships values (23946, "is_a", "AEO:0001020");
insert into ontology_definitions values (23946, 5, "EHDAA2:0000505", NULL, 1);
insert into ontology_terms values (50230, 23947, "female reproductive system", 0, 0, 0, 0);
insert into ontology_relationships values (23947, "is_a", "AEO:0000176");
insert into ontology_relationships values (23947, "is_a", "CARO:0000011");
insert into ontology_definitions values (23947, 5, "EHDAA2:0000506", NULL, 1);
insert into ontology_terms values (50231, 23948, "femoral nerve", 0, 0, 0, 0);
insert into ontology_relationships values (23948, "is_a", "AEO:0000137");
insert into ontology_definitions values (23948, 5, "EHDAA2:0000507", NULL, 1);
insert into ontology_terms values (50232, 23949, "femur pre-cartilage condensation", 0, 0, 0, 0);
insert into ontology_relationships values (23949, "is_a", "AEO:0000150");
insert into ontology_definitions values (23949, 5, "EHDAA2:0000508", NULL, 1);
insert into ontology_terms values (50233, 23950, "fibula pre-cartilage condensation", 0, 0, 0, 0);
insert into ontology_relationships values (23950, "is_a", "AEO:0000150");
insert into ontology_definitions values (23950, 5, "EHDAA2:0000509", NULL, 1);
insert into ontology_terms values (50234, 23951, "filum terminale", 0, 0, 0, 0);
insert into ontology_relationships values (23951, "is_a", "AEO:0000081");
insert into ontology_definitions values (23951, 5, "EHDAA2:0000510", NULL, 1);
insert into ontology_terms values (50235, 23952, "finger 1", 0, 0, 0, 0);
insert into ontology_relationships values (23952, "is_a", "CARO:0000055");
insert into ontology_definitions values (23952, 5, "EHDAA2:0000511", NULL, 1);
insert into ontology_terms values (50236, 23953, "finger 1 epithelium", 0, 0, 0, 0);
insert into ontology_relationships values (23953, "is_a", "CARO:0000073");
insert into ontology_definitions values (23953, 5, "EHDAA2:0000512", NULL, 1);
insert into ontology_terms values (50237, 23954, "finger 1 mesenchyme", 0, 0, 0, 0);
insert into ontology_relationships values (23954, "is_a", "AEO:0000145");
insert into ontology_definitions values (23954, 5, "EHDAA2:0000513", NULL, 1);
insert into ontology_terms values (50238, 23955, "finger 1 metacarpus cartilage condensation", 0, 0, 0, 0);
insert into ontology_relationships values (23955, "is_a", "AEO:0000147");
insert into ontology_definitions values (23955, 5, "EHDAA2:0000514", NULL, 1);
insert into ontology_terms values (50239, 23956, "finger 1 metacarpus pre-cartilage condensation", 0, 0, 0, 0);
insert into ontology_relationships values (23956, "is_a", "AEO:0000150");
insert into ontology_definitions values (23956, 5, "EHDAA2:0000515", NULL, 1);
insert into ontology_terms values (50240, 23957, "finger 1 phalanx pre-cartilage condensation", 0, 0, 0, 0);
insert into ontology_relationships values (23957, "is_a", "AEO:0000150");
insert into ontology_definitions values (23957, 5, "EHDAA2:0000516", NULL, 1);
insert into ontology_terms values (50241, 23958, "finger 2", 0, 0, 0, 0);
insert into ontology_relationships values (23958, "is_a", "CARO:0000055");
insert into ontology_definitions values (23958, 5, "EHDAA2:0000517", NULL, 1);
insert into ontology_terms values (50242, 23959, "finger 2 epithelium", 0, 0, 0, 0);
insert into ontology_relationships values (23959, "is_a", "CARO:0000073");
insert into ontology_definitions values (23959, 5, "EHDAA2:0000518", NULL, 1);
insert into ontology_terms values (50243, 23960, "finger 2 mesenchyme", 0, 0, 0, 0);
insert into ontology_relationships values (23960, "is_a", "AEO:0000145");
insert into ontology_definitions values (23960, 5, "EHDAA2:0000519", NULL, 1);
insert into ontology_terms values (50244, 23961, "finger 2 metacarpus cartilage condensation", 0, 0, 0, 0);
insert into ontology_relationships values (23961, "is_a", "AEO:0000147");
insert into ontology_definitions values (23961, 5, "EHDAA2:0000520", NULL, 1);
insert into ontology_terms values (50245, 23962, "finger 2 metacarpus pre-cartilage condensation", 0, 0, 0, 0);
insert into ontology_relationships values (23962, "is_a", "AEO:0000150");
insert into ontology_definitions values (23962, 5, "EHDAA2:0000521", NULL, 1);
insert into ontology_terms values (50246, 23963, "finger 2 phalanx pre-cartilage condensation", 0, 0, 0, 0);
insert into ontology_relationships values (23963, "is_a", "AEO:0000150");
insert into ontology_definitions values (23963, 5, "EHDAA2:0000522", NULL, 1);
insert into ontology_terms values (50247, 23964, "finger 3", 0, 0, 0, 0);
insert into ontology_relationships values (23964, "is_a", "CARO:0000055");
insert into ontology_definitions values (23964, 5, "EHDAA2:0000523", NULL, 1);
insert into ontology_terms values (50248, 23965, "finger 3 epithelium", 0, 0, 0, 0);
insert into ontology_relationships values (23965, "is_a", "CARO:0000073");
insert into ontology_definitions values (23965, 5, "EHDAA2:0000524", NULL, 1);
insert into ontology_terms values (50249, 23966, "finger 3 mesenchyme", 0, 0, 0, 0);
insert into ontology_relationships values (23966, "is_a", "AEO:0000145");
insert into ontology_definitions values (23966, 5, "EHDAA2:0000525", NULL, 1);
insert into ontology_terms values (50250, 23967, "finger 3 metacarpus cartilage condensation", 0, 0, 0, 0);
insert into ontology_relationships values (23967, "is_a", "AEO:0000147");
insert into ontology_definitions values (23967, 5, "EHDAA2:0000526", NULL, 1);
insert into ontology_terms values (50251, 23968, "finger 3 metacarpus pre-cartilage condensation", 0, 0, 0, 0);
insert into ontology_relationships values (23968, "is_a", "AEO:0000150");
insert into ontology_definitions values (23968, 5, "EHDAA2:0000527", NULL, 1);
insert into ontology_terms values (50252, 23969, "finger 3 phalanx pre-cartilage condensation", 0, 0, 0, 0);
insert into ontology_relationships values (23969, "is_a", "AEO:0000150");
insert into ontology_definitions values (23969, 5, "EHDAA2:0000528", NULL, 1);
insert into ontology_terms values (50253, 23970, "finger 4", 0, 0, 0, 0);
insert into ontology_relationships values (23970, "is_a", "CARO:0000055");
insert into ontology_definitions values (23970, 5, "EHDAA2:0000529", NULL, 1);
insert into ontology_terms values (50254, 23971, "finger 4 epithelium", 0, 0, 0, 0);
insert into ontology_relationships values (23971, "is_a", "CARO:0000073");
insert into ontology_definitions values (23971, 5, "EHDAA2:0000530", NULL, 1);
insert into ontology_terms values (50255, 23972, "finger 4 mesenchyme", 0, 0, 0, 0);
insert into ontology_relationships values (23972, "is_a", "AEO:0000145");
insert into ontology_definitions values (23972, 5, "EHDAA2:0000531", NULL, 1);
insert into ontology_terms values (50256, 23973, "finger 4 metacarpus cartilage condensation", 0, 0, 0, 0);
insert into ontology_relationships values (23973, "is_a", "AEO:0000147");
insert into ontology_definitions values (23973, 5, "EHDAA2:0000532", NULL, 1);
insert into ontology_terms values (50257, 23974, "finger 4 metacarpus pre-cartilage condensation", 0, 0, 0, 0);
insert into ontology_relationships values (23974, "is_a", "AEO:0000150");
insert into ontology_definitions values (23974, 5, "EHDAA2:0000533", NULL, 1);
insert into ontology_terms values (50258, 23975, "finger 4 phalanx pre-cartilage condensation", 0, 0, 0, 0);
insert into ontology_relationships values (23975, "is_a", "AEO:0000150");
insert into ontology_definitions values (23975, 5, "EHDAA2:0000534", NULL, 1);
insert into ontology_terms values (50259, 23976, "finger 5", 0, 0, 0, 0);
insert into ontology_relationships values (23976, "is_a", "CARO:0000055");
insert into ontology_definitions values (23976, 5, "EHDAA2:0000535", NULL, 1);
insert into ontology_terms values (50260, 23977, "finger 5 epithelium", 0, 0, 0, 0);
insert into ontology_relationships values (23977, "is_a", "CARO:0000073");
insert into ontology_definitions values (23977, 5, "EHDAA2:0000536", NULL, 1);
insert into ontology_terms values (50261, 23978, "finger 5 mesenchyme", 0, 0, 0, 0);
insert into ontology_relationships values (23978, "is_a", "AEO:0000145");
insert into ontology_definitions values (23978, 5, "EHDAA2:0000537", NULL, 1);
insert into ontology_terms values (50262, 23979, "finger 5 metacarpus cartilage condensation", 0, 0, 0, 0);
insert into ontology_relationships values (23979, "is_a", "AEO:0000147");
insert into ontology_definitions values (23979, 5, "EHDAA2:0000538", NULL, 1);
insert into ontology_terms values (50263, 23980, "finger 5 metacarpus pre-cartilage condensation", 0, 0, 0, 0);
insert into ontology_relationships values (23980, "is_a", "AEO:0000150");
insert into ontology_definitions values (23980, 5, "EHDAA2:0000539", NULL, 1);
insert into ontology_terms values (50264, 23981, "finger 5 phalanx pre-cartilage condensation", 0, 0, 0, 0);
insert into ontology_relationships values (23981, "is_a", "AEO:0000150");
insert into ontology_definitions values (23981, 5, "EHDAA2:0000540", NULL, 1);
insert into ontology_terms values (50265, 23982, "first polar body", 0, 0, 0, 0);
insert into ontology_relationships values (23982, "is_a", "CARO:0000042");
insert into ontology_definitions values (23982, 5, "EHDAA2:0000541", NULL, 1);
insert into ontology_terms values (50266, 23983, "flexor leg muscle group", 0, 0, 0, 0);
insert into ontology_relationships values (23983, "is_a", "CARO:0000041");
insert into ontology_definitions values (23983, 5, "EHDAA2:0000542", NULL, 1);
insert into ontology_terms values (50267, 23984, "flexor pre-muscle mass", 0, 0, 0, 0);
insert into ontology_relationships values (23984, "is_a", "AEO:0000149");
insert into ontology_definitions values (23984, 5, "EHDAA2:0000543", NULL, 1);
insert into ontology_terms values (50268, 23985, "foot region", 0, 0, 0, 0);
insert into ontology_relationships values (23985, "is_a", "CARO:0000041");
insert into ontology_definitions values (23985, 5, "EHDAA2:0000546", NULL, 1);
insert into ontology_terms values (50269, 23986, "footplate apical ectodermal ridge", 0, 0, 0, 0);
insert into ontology_relationships values (23986, "is_a", "CARO:0000068");
insert into ontology_definitions values (23986, 5, "EHDAA2:0000547", NULL, 1);
insert into ontology_terms values (50270, 23987, "footplate epithelium", 0, 0, 0, 0);
insert into ontology_relationships values (23987, "is_a", "CARO:0000073");
insert into ontology_definitions values (23987, 5, "EHDAA2:0000548", NULL, 1);
insert into ontology_terms values (50271, 23988, "footplate mesenchyme", 0, 0, 0, 0);
insert into ontology_relationships values (23988, "is_a", "AEO:0000145");
insert into ontology_definitions values (23988, 5, "EHDAA2:0000549", NULL, 1);
insert into ontology_terms values (50272, 23989, "foramen caecum", 0, 0, 0, 0);
insert into ontology_relationships values (23989, "is_a", "AEO:0000204");
insert into ontology_definitions values (23989, 5, "EHDAA2:0000550", NULL, 1);
insert into ontology_terms values (50273, 23990, "foramen ovale of sphenoid", 0, 0, 0, 0);
insert into ontology_relationships values (23990, "is_a", "AEO:0000080");
insert into ontology_definitions values (23990, 5, "EHDAA2:0000551", NULL, 1);
insert into ontology_terms values (50274, 23991, "foramen rotundum", 0, 0, 0, 0);
insert into ontology_relationships values (23991, "is_a", "AEO:0000080");
insert into ontology_definitions values (23991, 5, "EHDAA2:0000552", NULL, 1);
insert into ontology_terms values (50275, 23992, "forearm", 0, 0, 0, 0);
insert into ontology_relationships values (23992, "is_a", "CARO:0000041");
insert into ontology_definitions values (23992, 5, "EHDAA2:0000553", NULL, 1);
insert into ontology_terms values (50276, 23993, "forearm epithelium", 0, 0, 0, 0);
insert into ontology_relationships values (23993, "is_a", "CARO:0000073");
insert into ontology_definitions values (23993, 5, "EHDAA2:0000554", NULL, 1);
insert into ontology_terms values (50277, 23994, "forearm mesenchyme", 0, 0, 0, 0);
insert into ontology_relationships values (23994, "is_a", "CARO:0000055");
insert into ontology_definitions values (23994, 5, "EHDAA2:0000555", NULL, 1);
insert into ontology_terms values (50278, 23995, "forebrain", 0, 0, 0, 0);
insert into ontology_relationships values (23995, "is_a", "CARO:0000024");
insert into ontology_definitions values (23995, 5, "EHDAA2:0000556", NULL, 1);
insert into ontology_terms values (50279, 23996, "foregut region", 0, 0, 0, 0);
insert into ontology_relationships values (23996, "is_a", "CARO:0000055");
insert into ontology_definitions values (23996, 5, "EHDAA2:0000557", NULL, 1);
insert into ontology_terms values (50280, 23997, "lower foregut region associated mesenchyme", 0, 0, 0, 0);
insert into ontology_relationships values (23997, "is_a", "AEO:0000146");
insert into ontology_definitions values (23997, 5, "EHDAA2:0000558", NULL, 1);
insert into ontology_terms values (50281, 23998, "foregut duodenum", 0, 0, 0, 0);
insert into ontology_relationships values (23998, "is_a", "CARO:0000055");
insert into ontology_definitions values (23998, 5, "EHDAA2:0000560", NULL, 1);
insert into ontology_terms values (50282, 23999, "foregut duodenum associated mesenchyme", 0, 0, 0, 0);
insert into ontology_relationships values (23999, "is_a", "AEO:0000146");
insert into ontology_definitions values (23999, 5, "EHDAA2:0000561", NULL, 1);
insert into ontology_terms values (50283, 24000, "foregut duodenum epithelium", 0, 0, 0, 0);
insert into ontology_relationships values (24000, "is_a", "CARO:0000073");
insert into ontology_definitions values (24000, 5, "EHDAA2:0000563", NULL, 1);
insert into ontology_terms values (50284, 24001, "foregut duodenum dorsal mesentery", 0, 0, 0, 0);
insert into ontology_relationships values (24001, "is_a", "AEO:0000151");
insert into ontology_definitions values (24001, 5, "EHDAA2:0000564", NULL, 1);
insert into ontology_terms values (50285, 24002, "lower foregut region endoderm", 0, 0, 0, 0);
insert into ontology_relationships values (24002, "is_a", "CARO:0000073");
insert into ontology_definitions values (24002, 5, "EHDAA2:0000566", NULL, 1);
insert into ontology_terms values (50286, 24003, "foregut gland", 0, 0, 0, 0);
insert into ontology_relationships values (24003, "is_a", "CARO:0000054");
insert into ontology_definitions values (24003, 5, "EHDAA2:0000567", NULL, 1);
insert into ontology_terms values (50287, 24004, "foregut-midgut junction region", 0, 0, 0, 0);
insert into ontology_relationships values (24004, "is_a", "CARO:0000041");
insert into ontology_definitions values (24004, 5, "EHDAA2:0000569", NULL, 1);
insert into ontology_terms values (50288, 24005, "foregut-midgut junction associated mesenchyme", 0, 0, 0, 0);
insert into ontology_relationships values (24005, "is_a", "AEO:0000146");
insert into ontology_definitions values (24005, 5, "EHDAA2:0000570", NULL, 1);
insert into ontology_terms values (50289, 24006, "foregut-midgut junction dorsal mesentery", 0, 0, 0, 0);
insert into ontology_relationships values (24006, "is_a", "AEO:0000151");
insert into ontology_definitions values (24006, 5, "EHDAA2:0000571", NULL, 1);
insert into ontology_terms values (50290, 24007, "foregut-midgut junction endoderm", 0, 0, 0, 0);
insert into ontology_relationships values (24007, "is_a", "CARO:0000073");
insert into ontology_definitions values (24007, 5, "EHDAA2:0000572", NULL, 1);
insert into ontology_terms values (50291, 24008, "foregut-midgut junction epithelium", 0, 0, 0, 0);
insert into ontology_relationships values (24008, "is_a", "CARO:0000073");
insert into ontology_definitions values (24008, 5, "EHDAA2:0000573", NULL, 1);
insert into ontology_terms values (50292, 24009, "foregut-midgut junction gland", 0, 0, 0, 0);
insert into ontology_relationships values (24009, "is_a", "AEO:0000096");
insert into ontology_definitions values (24009, 5, "EHDAA2:0000574", NULL, 1);
insert into ontology_terms values (50293, 24010, "foregut-midgut junction mesothelium", 0, 0, 0, 0);
insert into ontology_relationships values (24010, "is_a", "AEO:0000111");
insert into ontology_definitions values (24010, 5, "EHDAA2:0000575", NULL, 1);
insert into ontology_terms values (50294, 24011, "frontal bone primordium", 0, 0, 0, 0);
insert into ontology_relationships values (24011, "is_a", "AEO:0000085");
insert into ontology_definitions values (24011, 5, "EHDAA2:0000577", NULL, 1);
insert into ontology_terms values (50295, 24012, "frontonasal process", 0, 0, 0, 0);
insert into ontology_relationships values (24012, "is_a", "CARO:0000055");
insert into ontology_definitions values (24012, 5, "EHDAA2:0000578", NULL, 1);
insert into ontology_terms values (50296, 24013, "nasal process group", 0, 0, 0, 0);
insert into ontology_relationships values (24013, "is_a", "CARO:0000041");
insert into ontology_definitions values (24013, 5, "EHDAA2:0000581", NULL, 1);
insert into ontology_terms values (50297, 24014, "bladder epithelium", 0, 0, 0, 0);
insert into ontology_relationships values (24014, "is_a", "CARO:0000073");
insert into ontology_definitions values (24014, 5, "EHDAA2:0000582", NULL, 1);
insert into ontology_terms values (50298, 24015, "anterior communicating artery", 0, 0, 0, 0);
insert into ontology_relationships values (24015, "is_a", "AEO:0000208");
insert into ontology_definitions values (24015, 5, "EHDAA2:0000586", NULL, 1);
insert into ontology_terms values (50299, 24016, "anterior inferior cerebellar artery", 0, 0, 0, 0);
insert into ontology_relationships values (24016, "is_a", "AEO:0000208");
insert into ontology_definitions values (24016, 5, "EHDAA2:0000587", NULL, 1);
insert into ontology_terms values (50300, 24017, "appendix", 0, 0, 0, 0);
insert into ontology_relationships values (24017, "is_a", "CARO:0000055");
insert into ontology_definitions values (24017, 5, "EHDAA2:0000588", NULL, 1);
insert into ontology_terms values (50301, 24018, "brain neural ectoderm", 0, 0, 0, 0);
insert into ontology_relationships values (24018, "is_a", "CARO:0000068");
insert into ontology_definitions values (24018, 5, "EHDAA2:0000592", NULL, 1);
insert into ontology_terms values (50302, 24019, "future central tendon", 0, 0, 0, 0);
insert into ontology_relationships values (24019, "is_a", "CARO:0000055");
insert into ontology_definitions values (24019, 5, "EHDAA2:0000593", NULL, 1);
insert into ontology_terms values (50303, 24020, "future common hepatic duct", 0, 0, 0, 0);
insert into ontology_relationships values (24020, "is_a", "AEO:0000114");
insert into ontology_definitions values (24020, 5, "EHDAA2:0000595", NULL, 1);
insert into ontology_terms values (50304, 24021, "future corpus striatum", 0, 0, 0, 0);
insert into ontology_relationships values (24021, "is_a", "CARO:0000055");
insert into ontology_definitions values (24021, 5, "EHDAA2:0000596", NULL, 1);
insert into ontology_terms values (50305, 24022, "future crura", 0, 0, 0, 0);
insert into ontology_relationships values (24022, "is_a", "AEO:0000145");
insert into ontology_definitions values (24022, 5, "EHDAA2:0000597", NULL, 1);
insert into ontology_terms values (50306, 24023, "future dermis", 0, 0, 0, 0);
insert into ontology_relationships values (24023, "is_a", "AEO:0000145");
insert into ontology_definitions values (24023, 5, "EHDAA2:0000598", NULL, 1);
insert into ontology_terms values (50307, 24024, "future diaphragm", 0, 0, 0, 0);
insert into ontology_relationships values (24024, "is_a", "CARO:0000055");
insert into ontology_definitions values (24024, 5, "EHDAA2:0000599", NULL, 1);
insert into ontology_terms values (50308, 24025, "future diencephalon", 0, 0, 0, 0);
insert into ontology_relationships values (24025, "is_a", "CARO:0000055");
insert into ontology_definitions values (24025, 5, "EHDAA2:0000600", NULL, 1);
insert into ontology_terms values (50309, 24026, "future diencephalon D2 floor plate", 0, 0, 0, 0);
insert into ontology_relationships values (24026, "is_a", "CARO:0000068");
insert into ontology_definitions values (24026, 5, "EHDAA2:0000601", NULL, 1);
insert into ontology_terms values (50310, 24027, "future diencephalon D2 lateral wall", 0, 0, 0, 0);
insert into ontology_relationships values (24027, "is_a", "AEO:0001008");
insert into ontology_relationships values (24027, "is_a", "CARO:0000055");
insert into ontology_definitions values (24027, 5, "EHDAA2:0000602", NULL, 1);
insert into ontology_terms values (50311, 24028, "future diencephalon neural crest", 0, 0, 0, 0);
insert into ontology_relationships values (24028, "is_a", "AEO:0000132");
insert into ontology_definitions values (24028, 5, "EHDAA2:0000603", NULL, 1);
insert into ontology_terms values (50312, 24029, "future diencephalon D2 roof plate", 0, 0, 0, 0);
insert into ontology_relationships values (24029, "is_a", "CARO:0000073");
insert into ontology_definitions values (24029, 5, "EHDAA2:0000605", NULL, 1);
insert into ontology_terms values (50313, 24030, "future falx cerebri", 0, 0, 0, 0);
insert into ontology_relationships values (24030, "is_a", "AEO:0000146");
insert into ontology_definitions values (24030, 5, "EHDAA2:0000608", NULL, 1);
insert into ontology_terms values (50314, 24031, "future hindbrain meninges", 0, 0, 0, 0);
insert into ontology_relationships values (24031, "is_a", "AEO:0000146");
insert into ontology_definitions values (24031, 5, "EHDAA2:0000610", NULL, 1);
insert into ontology_terms values (50315, 24032, "inferior vena cava", 0, 0, 0, 0);
insert into ontology_relationships values (24032, "is_a", "AEO:0000209");
insert into ontology_definitions values (24032, 5, "EHDAA2:0000611", NULL, 1);
insert into ontology_terms values (50316, 24033, "inferior vena cava post-hepatic part", 0, 0, 0, 0);
insert into ontology_relationships values (24033, "is_a", "AEO:0000209");
insert into ontology_definitions values (24033, 5, "EHDAA2:0000612", NULL, 1);
insert into ontology_terms values (50317, 24034, "inferior vena cava pre-hepatic part", 0, 0, 0, 0);
insert into ontology_relationships values (24034, "is_a", "AEO:0000209");
insert into ontology_definitions values (24034, 5, "EHDAA2:0000613", NULL, 1);
insert into ontology_terms values (50318, 24035, "mesencephalon", 0, 0, 0, 0);
insert into ontology_relationships values (24035, "is_a", "CARO:0000055");
insert into ontology_definitions values (24035, 5, "EHDAA2:0000615", NULL, 1);
insert into ontology_terms values (50319, 24036, "mesencephalon floor plate", 0, 0, 0, 0);
insert into ontology_relationships values (24036, "is_a", "CARO:0000068");
insert into ontology_definitions values (24036, 5, "EHDAA2:0000616", NULL, 1);
insert into ontology_terms values (50320, 24037, "mesencephalon lateral wall", 0, 0, 0, 0);
insert into ontology_relationships values (24037, "is_a", "AEO:0001008");
insert into ontology_relationships values (24037, "is_a", "CARO:0000055");
insert into ontology_definitions values (24037, 5, "EHDAA2:0000617", NULL, 1);
insert into ontology_terms values (50321, 24038, "mesencephalon neural fold", 0, 0, 0, 0);
insert into ontology_relationships values (24038, "is_a", "CARO:0000068");
insert into ontology_definitions values (24038, 5, "EHDAA2:0000620", NULL, 1);
insert into ontology_terms values (50322, 24039, "mesencephalon roof plate", 0, 0, 0, 0);
insert into ontology_relationships values (24039, "is_a", "CARO:0000073");
insert into ontology_definitions values (24039, 5, "EHDAA2:0000621", NULL, 1);
insert into ontology_terms values (50323, 24040, "future metencephalon", 0, 0, 0, 0);
insert into ontology_relationships values (24040, "is_a", "CARO:0000055");
insert into ontology_definitions values (24040, 5, "EHDAA2:0000623", NULL, 1);
insert into ontology_terms values (50324, 24041, "future metencephalon alar plate", 0, 0, 0, 0);
insert into ontology_relationships values (24041, "is_a", "AEO:0001012");
insert into ontology_relationships values (24041, "is_a", "CARO:0000055");
insert into ontology_definitions values (24041, 5, "EHDAA2:0000625", NULL, 1);
insert into ontology_terms values (50325, 24042, "future metencephalon mantle layer", 0, 0, 0, 0);
insert into ontology_relationships values (24042, "is_a", "AEO:0001010");
insert into ontology_relationships values (24042, "is_a", "CARO:0000055");
insert into ontology_definitions values (24042, 5, "EHDAA2:0000626", NULL, 1);
insert into ontology_terms values (50326, 24043, "future metencephalon marginal layer", 0, 0, 0, 0);
insert into ontology_relationships values (24043, "is_a", "AEO:0001011");
insert into ontology_definitions values (24043, 5, "EHDAA2:0000627", NULL, 1);
insert into ontology_terms values (50327, 24044, "future metencephalon ventricular layer", 0, 0, 0, 0);
insert into ontology_relationships values (24044, "is_a", "AEO:0001009");
insert into ontology_definitions values (24044, 5, "EHDAA2:0000628", NULL, 1);
insert into ontology_terms values (50328, 24045, "future metencephalon basal plate", 0, 0, 0, 0);
insert into ontology_relationships values (24045, "is_a", "AEO:0001012");
insert into ontology_relationships values (24045, "is_a", "CARO:0000055");
insert into ontology_definitions values (24045, 5, "EHDAA2:0000629", NULL, 1);
insert into ontology_terms values (50329, 24046, "future metencephalon floor plate", 0, 0, 0, 0);
insert into ontology_relationships values (24046, "is_a", "CARO:0000068");
insert into ontology_definitions values (24046, 5, "EHDAA2:0000634", NULL, 1);
insert into ontology_terms values (50330, 24047, "future metencephalon lateral wall", 0, 0, 0, 0);
insert into ontology_relationships values (24047, "is_a", "AEO:0001008");
insert into ontology_relationships values (24047, "is_a", "CARO:0000055");
insert into ontology_definitions values (24047, 5, "EHDAA2:0000635", NULL, 1);
insert into ontology_terms values (50331, 24048, "future metencephalon roof plate", 0, 0, 0, 0);
insert into ontology_relationships values (24048, "is_a", "CARO:0000073");
insert into ontology_definitions values (24048, 5, "EHDAA2:0000637", NULL, 1);
insert into ontology_terms values (50332, 24049, "future metencephalon sulcus limitans", 0, 0, 0, 0);
insert into ontology_relationships values (24049, "is_a", "AEO:0000161");
insert into ontology_definitions values (24049, 5, "EHDAA2:0000638", NULL, 1);
insert into ontology_terms values (50333, 24050, "future myelencephalon", 0, 0, 0, 0);
insert into ontology_relationships values (24050, "is_a", "CARO:0000055");
insert into ontology_definitions values (24050, 5, "EHDAA2:0000640", NULL, 1);
insert into ontology_terms values (50334, 24051, "future myelencephalon alar plate", 0, 0, 0, 0);
insert into ontology_relationships values (24051, "is_a", "AEO:0001012");
insert into ontology_definitions values (24051, 5, "EHDAA2:0000642", NULL, 1);
insert into ontology_terms values (50335, 24052, "future myelencephalon basal plate", 0, 0, 0, 0);
insert into ontology_relationships values (24052, "is_a", "AEO:0001012");
insert into ontology_definitions values (24052, 5, "EHDAA2:0000646", NULL, 1);
insert into ontology_terms values (50336, 24053, "future myelencephalon mantle layer", 0, 0, 0, 0);
insert into ontology_relationships values (24053, "is_a", "AEO:0001010");
insert into ontology_relationships values (24053, "is_a", "CARO:0000055");
insert into ontology_definitions values (24053, 5, "EHDAA2:0000647", NULL, 1);
insert into ontology_terms values (50337, 24054, "future myelencephalon marginal layer", 0, 0, 0, 0);
insert into ontology_relationships values (24054, "is_a", "AEO:0001011");
insert into ontology_definitions values (24054, 5, "EHDAA2:0000648", NULL, 1);
insert into ontology_terms values (50338, 24055, "future myelencephalon ventricular layer", 0, 0, 0, 0);
insert into ontology_relationships values (24055, "is_a", "AEO:0001009");
insert into ontology_definitions values (24055, 5, "EHDAA2:0000649", NULL, 1);
insert into ontology_terms values (50339, 24056, "future myelencephalon floor plate", 0, 0, 0, 0);
insert into ontology_relationships values (24056, "is_a", "CARO:0000068");
insert into ontology_definitions values (24056, 5, "EHDAA2:0000650", NULL, 1);
insert into ontology_terms values (50340, 24057, "future myelencephalon lateral wall", 0, 0, 0, 0);
insert into ontology_relationships values (24057, "is_a", "AEO:0001008");
insert into ontology_relationships values (24057, "is_a", "CARO:0000055");
insert into ontology_definitions values (24057, 5, "EHDAA2:0000651", NULL, 1);
insert into ontology_terms values (50341, 24058, "future myelencephalon roof plate", 0, 0, 0, 0);
insert into ontology_relationships values (24058, "is_a", "CARO:0000073");
insert into ontology_definitions values (24058, 5, "EHDAA2:0000652", NULL, 1);
insert into ontology_terms values (50342, 24059, "future myelencephalon sulcus limitans", 0, 0, 0, 0);
insert into ontology_relationships values (24059, "is_a", "AEO:0000161");
insert into ontology_definitions values (24059, 5, "EHDAA2:0000653", NULL, 1);
insert into ontology_terms values (50343, 24060, "posterior cerebral artery", 0, 0, 0, 0);
insert into ontology_relationships values (24060, "is_a", "AEO:0000208");
insert into ontology_definitions values (24060, 5, "EHDAA2:0000659", NULL, 1);
insert into ontology_terms values (50344, 24061, "posterior inferior cerebellar artery", 0, 0, 0, 0);
insert into ontology_relationships values (24061, "is_a", "AEO:0000208");
insert into ontology_definitions values (24061, 5, "EHDAA2:0000660", NULL, 1);
insert into ontology_terms values (50345, 24062, "prosencephalon", 0, 0, 0, 0);
insert into ontology_relationships values (24062, "is_a", "CARO:0000055");
insert into ontology_definitions values (24062, 5, "EHDAA2:0000661", NULL, 1);
insert into ontology_terms values (50346, 24063, "future telencephalon floor plate", 0, 0, 0, 0);
insert into ontology_relationships values (24063, "is_a", "CARO:0000068");
insert into ontology_definitions values (24063, 5, "EHDAA2:0000662", NULL, 1);
insert into ontology_terms values (50347, 24064, "future telencephalon lateral wall", 0, 0, 0, 0);
insert into ontology_relationships values (24064, "is_a", "AEO:0001008");
insert into ontology_relationships values (24064, "is_a", "CARO:0000055");
insert into ontology_definitions values (24064, 5, "EHDAA2:0000663", NULL, 1);
insert into ontology_terms values (50348, 24065, "prosencephalon neural fold", 0, 0, 0, 0);
insert into ontology_relationships values (24065, "is_a", "CARO:0000068");
insert into ontology_definitions values (24065, 5, "EHDAA2:0000665", NULL, 1);
insert into ontology_terms values (50349, 24066, "future sigmoid sinus", 0, 0, 0, 0);
insert into ontology_relationships values (24066, "is_a", "AEO:0000209");
insert into ontology_definitions values (24066, 5, "EHDAA2:0000672", NULL, 1);
insert into ontology_terms values (50350, 24067, "future sphenopalatine parasympathetic ganglion", 0, 0, 0, 0);
insert into ontology_relationships values (24067, "is_a", "AEO:0000135");
insert into ontology_definitions values (24067, 5, "EHDAA2:0000673", NULL, 1);
insert into ontology_terms values (50351, 24068, "future spinal cord", 0, 0, 0, 0);
insert into ontology_relationships values (24068, "is_a", "CARO:0000055");
insert into ontology_definitions values (24068, 5, "EHDAA2:0000674", NULL, 1);
insert into ontology_terms values (50352, 24069, "caudal neuropore", 0, 0, 0, 0);
insert into ontology_relationships values (24069, "is_a", "AEO:0000080");
insert into ontology_definitions values (24069, 5, "EHDAA2:0000676", NULL, 1);
insert into ontology_terms values (50353, 24070, "early spinal cord meningeal covering", 0, 0, 0, 0);
insert into ontology_relationships values (24070, "is_a", "AEO:0000146");
insert into ontology_definitions values (24070, 5, "EHDAA2:0000677", NULL, 1);
insert into ontology_terms values (50354, 24071, "superior cerebellar artery", 0, 0, 0, 0);
insert into ontology_relationships values (24071, "is_a", "AEO:0000208");
insert into ontology_definitions values (24071, 5, "EHDAA2:0000681", NULL, 1);
insert into ontology_terms values (50355, 24072, "hindbrain future tentorium cerebelli", 0, 0, 0, 0);
insert into ontology_relationships values (24072, "is_a", "AEO:0000146");
insert into ontology_definitions values (24072, 5, "EHDAA2:0000690", NULL, 1);
insert into ontology_terms values (50356, 24073, "hindbrain primary meninx future tentorium cerebelli", 0, 0, 0, 0);
insert into ontology_relationships values (24073, "is_a", "AEO:0000146");
insert into ontology_definitions values (24073, 5, "EHDAA2:0000691", NULL, 1);
insert into ontology_terms values (50357, 24074, "dorsal thalamus", 0, 0, 0, 0);
insert into ontology_relationships values (24074, "is_a", "CARO:0000055");
insert into ontology_definitions values (24074, 5, "EHDAA2:0000692", NULL, 1);
insert into ontology_terms values (50358, 24075, "dorsal thalamus mantle layer", 0, 0, 0, 0);
insert into ontology_relationships values (24075, "is_a", "AEO:0001010");
insert into ontology_relationships values (24075, "is_a", "CARO:0000055");
insert into ontology_definitions values (24075, 5, "EHDAA2:0000693", NULL, 1);
insert into ontology_terms values (50359, 24076, "dorsal thalamus marginal layer", 0, 0, 0, 0);
insert into ontology_relationships values (24076, "is_a", "AEO:0001011");
insert into ontology_definitions values (24076, 5, "EHDAA2:0000694", NULL, 1);
insert into ontology_terms values (50360, 24077, "dorsal thalamus ventricular layer", 0, 0, 0, 0);
insert into ontology_relationships values (24077, "is_a", "AEO:0001009");
insert into ontology_definitions values (24077, 5, "EHDAA2:0000695", NULL, 1);
insert into ontology_terms values (50361, 24078, "future tongue", 0, 0, 0, 0);
insert into ontology_relationships values (24078, "is_a", "CARO:0000024");
insert into ontology_definitions values (24078, 5, "EHDAA2:0000696", NULL, 1);
insert into ontology_terms values (50362, 24079, "gall bladder", 0, 0, 0, 0);
insert into ontology_relationships values (24079, "is_a", "AEO:0000115");
insert into ontology_definitions values (24079, 5, "EHDAA2:0000699", NULL, 1);
insert into ontology_terms values (50363, 24080, "gall bladder primordium", 0, 0, 0, 0);
insert into ontology_relationships values (24080, "is_a", "AEO:0000115");
insert into ontology_definitions values (24080, 5, "EHDAA2:0000700", NULL, 1);
insert into ontology_terms values (50364, 24081, "gastrocnemius", 0, 0, 0, 0);
insert into ontology_relationships values (24081, "is_a", "AEO:0000140");
insert into ontology_definitions values (24081, 5, "EHDAA2:0000701", NULL, 1);
insert into ontology_terms values (50365, 24082, "gastrosplenic ligament", 0, 0, 0, 0);
insert into ontology_relationships values (24082, "is_a", "AEO:0000151");
insert into ontology_definitions values (24082, 5, "EHDAA2:0000702", NULL, 1);
insert into ontology_terms values (50366, 24083, "genioglossus", 0, 0, 0, 0);
insert into ontology_relationships values (24083, "is_a", "AEO:0000140");
insert into ontology_definitions values (24083, 5, "EHDAA2:0000704", NULL, 1);
insert into ontology_terms values (50367, 24084, "genital tubercle", 0, 0, 0, 0);
insert into ontology_relationships values (24084, "is_a", "CARO:0000055");
insert into ontology_definitions values (24084, 5, "EHDAA2:0000705", NULL, 1);
insert into ontology_terms values (50368, 24085, "glossopharyngeal IX nerve", 0, 0, 0, 0);
insert into ontology_relationships values (24085, "is_a", "AEO:0000137");
insert into ontology_definitions values (24085, 5, "EHDAA2:0000709", NULL, 1);
insert into ontology_terms values (50369, 24086, "glossopharyngeal IX ganglion", 0, 0, 0, 0);
insert into ontology_relationships values (24086, "is_a", "AEO:0000135");
insert into ontology_definitions values (24086, 5, "EHDAA2:0000710", NULL, 1);
insert into ontology_terms values (50370, 24087, "glossopharyngeal IX ganglion inferior ganglion", 0, 0, 0, 0);
insert into ontology_relationships values (24087, "is_a", "AEO:0000135");
insert into ontology_definitions values (24087, 5, "EHDAA2:0000711", NULL, 1);
insert into ontology_terms values (50371, 24088, "glossopharyngeal IX ganglion superior ganglion", 0, 0, 0, 0);
insert into ontology_relationships values (24088, "is_a", "AEO:0000135");
insert into ontology_definitions values (24088, 5, "EHDAA2:0000712", NULL, 1);
insert into ontology_terms values (50372, 24089, "glossopharyngeal neural crest", 0, 0, 0, 0);
insert into ontology_relationships values (24089, "is_a", "AEO:0000132");
insert into ontology_relationships values (24089, "is_a", "AEO:0000152");
insert into ontology_definitions values (24089, 5, "EHDAA2:0000714", NULL, 1);
insert into ontology_terms values (50373, 24090, "gluteal muscle mass", 0, 0, 0, 0);
insert into ontology_relationships values (24090, "is_a", "AEO:0000140");
insert into ontology_definitions values (24090, 5, "EHDAA2:0000715", NULL, 1);
insert into ontology_terms values (50374, 24091, "indifferent gonad", 0, 0, 0, 0);
insert into ontology_relationships values (24091, "is_a", "CARO:0000055");
insert into ontology_definitions values (24091, 5, "EHDAA2:0000716", NULL, 1);
insert into ontology_terms values (50375, 24092, "indifferent gonad associated mesenchyme", 0, 0, 0, 0);
insert into ontology_relationships values (24092, "is_a", "AEO:0000146");
insert into ontology_definitions values (24092, 5, "EHDAA2:0000717", NULL, 1);
insert into ontology_terms values (50376, 24093, "indifferent gonad mesothelium", 0, 0, 0, 0);
insert into ontology_relationships values (24093, "is_a", "AEO:0000111");
insert into ontology_definitions values (24093, 5, "EHDAA2:0000718", NULL, 1);
insert into ontology_terms values (50377, 24094, "gonadal vein", 0, 0, 0, 0);
insert into ontology_relationships values (24094, "is_a", "AEO:0000209");
insert into ontology_definitions values (24094, 5, "EHDAA2:0000719", NULL, 1);
insert into ontology_terms values (50378, 24095, "greater omentum", 0, 0, 0, 0);
insert into ontology_relationships values (24095, "is_a", "CARO:0000055");
insert into ontology_definitions values (24095, 5, "EHDAA2:0000720", NULL, 1);
insert into ontology_terms values (50379, 24096, "greater sac cavity", 0, 0, 0, 0);
insert into ontology_relationships values (24096, "is_a", "AEO:0000215");
insert into ontology_definitions values (24096, 5, "EHDAA2:0000724", NULL, 1);
insert into ontology_terms values (50380, 24097, "gut region", 0, 0, 0, 0);
insert into ontology_relationships values (24097, "is_a", "CARO:0000055");
insert into ontology_definitions values (24097, 5, "EHDAA2:0000726", NULL, 1);
insert into ontology_terms values (50381, 24098, "hamstring", 0, 0, 0, 0);
insert into ontology_relationships values (24098, "is_a", "AEO:0000140");
insert into ontology_definitions values (24098, 5, "EHDAA2:0000727", NULL, 1);
insert into ontology_terms values (50382, 24099, "hand region", 0, 0, 0, 0);
insert into ontology_relationships values (24099, "is_a", "CARO:0000041");
insert into ontology_definitions values (24099, 5, "EHDAA2:0000728", NULL, 1);
insert into ontology_terms values (50383, 24100, "handplate apical ectodermal ridge", 0, 0, 0, 0);
insert into ontology_relationships values (24100, "is_a", "CARO:0000068");
insert into ontology_definitions values (24100, 5, "EHDAA2:0000729", NULL, 1);
insert into ontology_terms values (50384, 24101, "handplate epithelium", 0, 0, 0, 0);
insert into ontology_relationships values (24101, "is_a", "CARO:0000073");
insert into ontology_definitions values (24101, 5, "EHDAA2:0000730", NULL, 1);
insert into ontology_terms values (50385, 24102, "handplate mesenchyme", 0, 0, 0, 0);
insert into ontology_relationships values (24102, "is_a", "CARO:0000055");
insert into ontology_definitions values (24102, 5, "EHDAA2:0000731", NULL, 1);
insert into ontology_terms values (50386, 24103, "head mesenchyme", 0, 0, 0, 0);
insert into ontology_relationships values (24103, "is_a", "CARO:0000054");
insert into ontology_definitions values (24103, 5, "EHDAA2:0000732", NULL, 1);
insert into ontology_terms values (50387, 24104, "head mesenchyme from head neural crest", 0, 0, 0, 0);
insert into ontology_relationships values (24104, "is_a", "AEO:0000132");
insert into ontology_relationships values (24104, "is_a", "AEO:0000146");
insert into ontology_relationships values (24104, "is_a", "CARO:0000054");
insert into ontology_definitions values (24104, 5, "EHDAA2:0000735", NULL, 1);
insert into ontology_terms values (50388, 24105, "head paraxial mesenchyme", 0, 0, 0, 0);
insert into ontology_relationships values (24105, "is_a", "AEO:0000132");
insert into ontology_relationships values (24105, "is_a", "AEO:0000146");
insert into ontology_definitions values (24105, 5, "EHDAA2:0000736", NULL, 1);
insert into ontology_terms values (50389, 24106, "head somite group", 0, 0, 0, 0);
insert into ontology_relationships values (24106, "is_a", "AEO:0000210");
insert into ontology_definitions values (24106, 5, "EHDAA2:0000737", NULL, 1);
insert into ontology_terms values (50390, 24107, "heart", 0, 0, 0, 0);
insert into ontology_relationships values (24107, "is_a", "CARO:0000024");
insert into ontology_definitions values (24107, 5, "EHDAA2:0000738", NULL, 1);
insert into ontology_terms values (50391, 24108, "hepatic diverticulum", 0, 0, 0, 0);
insert into ontology_relationships values (24108, "is_a", "AEO:0000115");
insert into ontology_definitions values (24108, 5, "EHDAA2:0000740", NULL, 1);
insert into ontology_terms values (50392, 24109, "hepatic duct", 0, 0, 0, 0);
insert into ontology_relationships values (24109, "is_a", "AEO:0000117");
insert into ontology_definitions values (24109, 5, "EHDAA2:0000741", NULL, 1);
insert into ontology_terms values (50393, 24110, "hepatic duct extrahepatic part", 0, 0, 0, 0);
insert into ontology_relationships values (24110, "is_a", "AEO:0000114");
insert into ontology_definitions values (24110, 5, "EHDAA2:0000742", NULL, 1);
insert into ontology_terms values (50394, 24111, "hepatic duct intrahepatic part", 0, 0, 0, 0);
insert into ontology_relationships values (24111, "is_a", "AEO:0000117");
insert into ontology_definitions values (24111, 5, "EHDAA2:0000743", NULL, 1);
insert into ontology_terms values (50395, 24112, "hepatic plate", 0, 0, 0, 0);
insert into ontology_relationships values (24112, "is_a", "CARO:0000068");
insert into ontology_definitions values (24112, 5, "EHDAA2:0000744", NULL, 1);
insert into ontology_terms values (50396, 24113, "hindbrain", 0, 0, 0, 0);
insert into ontology_relationships values (24113, "is_a", "CARO:0000024");
insert into ontology_definitions values (24113, 5, "EHDAA2:0000746", NULL, 1);
insert into ontology_terms values (50397, 24114, "hindbrain future arachnoid layer", 0, 0, 0, 0);
insert into ontology_relationships values (24114, "is_a", "AEO:0000146");
insert into ontology_definitions values (24114, 5, "EHDAA2:0000750", NULL, 1);
insert into ontology_terms values (50398, 24115, "hindbrain primary meninx future arachnoid layer", 0, 0, 0, 0);
insert into ontology_relationships values (24115, "is_a", "AEO:0000146");
insert into ontology_definitions values (24115, 5, "EHDAA2:0000751", NULL, 1);
insert into ontology_terms values (50399, 24116, "hindbrain future dura mater", 0, 0, 0, 0);
insert into ontology_relationships values (24116, "is_a", "AEO:0000146");
insert into ontology_definitions values (24116, 5, "EHDAA2:0000752", NULL, 1);
insert into ontology_terms values (50400, 24117, "hindbrain primary meninx future dura mater", 0, 0, 0, 0);
insert into ontology_relationships values (24117, "is_a", "AEO:0000146");
insert into ontology_definitions values (24117, 5, "EHDAA2:0000753", NULL, 1);
insert into ontology_terms values (50401, 24118, "hindbrain future subarachnoid space", 0, 0, 0, 0);
insert into ontology_relationships values (24118, "is_a", "AEO:0000221");
insert into ontology_definitions values (24118, 5, "EHDAA2:0000754", NULL, 1);
insert into ontology_terms values (50402, 24119, "hindbrain primary meninx future subarachnoid space", 0, 0, 0, 0);
insert into ontology_relationships values (24119, "is_a", "AEO:0000221");
insert into ontology_definitions values (24119, 5, "EHDAA2:0000755", NULL, 1);
insert into ontology_terms values (50403, 24120, "early isthmus", 0, 0, 0, 0);
insert into ontology_relationships values (24120, "is_a", "CARO:0000055");
insert into ontology_definitions values (24120, 5, "EHDAA2:0000757", NULL, 1);
insert into ontology_terms values (50404, 24121, "early isthmus floor plate", 0, 0, 0, 0);
insert into ontology_relationships values (24121, "is_a", "CARO:0000068");
insert into ontology_definitions values (24121, 5, "EHDAA2:0000758", NULL, 1);
insert into ontology_terms values (50405, 24122, "early isthmus lateral wall", 0, 0, 0, 0);
insert into ontology_relationships values (24122, "is_a", "AEO:0001008");
insert into ontology_relationships values (24122, "is_a", "CARO:0000055");
insert into ontology_definitions values (24122, 5, "EHDAA2:0000759", NULL, 1);
insert into ontology_terms values (50406, 24123, "early isthmus mantle layer", 0, 0, 0, 0);
insert into ontology_relationships values (24123, "is_a", "AEO:0001010");
insert into ontology_relationships values (24123, "is_a", "CARO:0000055");
insert into ontology_definitions values (24123, 5, "EHDAA2:0000760", NULL, 1);
insert into ontology_terms values (50407, 24124, "early isthmus marginal layer", 0, 0, 0, 0);
insert into ontology_relationships values (24124, "is_a", "AEO:0001011");
insert into ontology_definitions values (24124, 5, "EHDAA2:0000761", NULL, 1);
insert into ontology_terms values (50408, 24125, "early isthmus roof plate", 0, 0, 0, 0);
insert into ontology_relationships values (24125, "is_a", "CARO:0000073");
insert into ontology_definitions values (24125, 5, "EHDAA2:0000765", NULL, 1);
insert into ontology_terms values (50409, 24126, "early isthmus ventricular layer", 0, 0, 0, 0);
insert into ontology_relationships values (24126, "is_a", "AEO:0001009");
insert into ontology_definitions values (24126, 5, "EHDAA2:0000766", NULL, 1);
insert into ontology_terms values (50410, 24127, "hindbrain meninges", 0, 0, 0, 0);
insert into ontology_relationships values (24127, "is_a", "CARO:0000055");
insert into ontology_definitions values (24127, 5, "EHDAA2:0000770", NULL, 1);
insert into ontology_terms values (50411, 24128, "future hindbrain pia mater", 0, 0, 0, 0);
insert into ontology_relationships values (24128, "is_a", "AEO:0000146");
insert into ontology_definitions values (24128, 5, "EHDAA2:0000771", NULL, 1);
insert into ontology_terms values (50412, 24129, "hindbrain pia mater", 0, 0, 0, 0);
insert into ontology_relationships values (24129, "is_a", "AEO:0000146");
insert into ontology_definitions values (24129, 5, "EHDAA2:0000772", NULL, 1);
insert into ontology_terms values (50413, 24130, "hindbrain primary meninx", 0, 0, 0, 0);
insert into ontology_relationships values (24130, "is_a", "CARO:0000055");
insert into ontology_definitions values (24130, 5, "EHDAA2:0000773", NULL, 1);
insert into ontology_terms values (50414, 24131, "hindbrain venous sinus group", 0, 0, 0, 0);
insert into ontology_relationships values (24131, "is_a", "CARO:0000054");
insert into ontology_definitions values (24131, 5, "EHDAA2:0000775", NULL, 1);
insert into ontology_terms values (50415, 24132, "hindbrain venous system", 0, 0, 0, 0);
insert into ontology_relationships values (24132, "is_a", "CARO:0000011");
insert into ontology_definitions values (24132, 5, "EHDAA2:0000776", NULL, 1);
insert into ontology_terms values (50416, 24133, "hindgut region", 0, 0, 0, 0);
insert into ontology_relationships values (24133, "is_a", "CARO:0000041");
insert into ontology_definitions values (24133, 5, "EHDAA2:0000779", NULL, 1);
insert into ontology_terms values (50417, 24134, "early hindgut associated mesenchyme", 0, 0, 0, 0);
insert into ontology_relationships values (24134, "is_a", "AEO:0000146");
insert into ontology_definitions values (24134, 5, "EHDAA2:0000780", NULL, 1);
insert into ontology_terms values (50418, 24135, "early hindgut epithelium", 0, 0, 0, 0);
insert into ontology_relationships values (24135, "is_a", "CARO:0000073");
insert into ontology_definitions values (24135, 5, "EHDAA2:0000782", NULL, 1);
insert into ontology_terms values (50419, 24136, "hip", 0, 0, 0, 0);
insert into ontology_relationships values (24136, "is_a", "CARO:0000041");
insert into ontology_relationships values (24136, "is_a", "CARO:0000055");
insert into ontology_definitions values (24136, 5, "EHDAA2:0000783", NULL, 1);
insert into ontology_terms values (50420, 24137, "hip epithelium", 0, 0, 0, 0);
insert into ontology_relationships values (24137, "is_a", "CARO:0000073");
insert into ontology_definitions values (24137, 5, "EHDAA2:0000784", NULL, 1);
insert into ontology_terms values (50421, 24138, "hip joint primordium", 0, 0, 0, 0);
insert into ontology_relationships values (24138, "is_a", "AEO:0000146");
insert into ontology_definitions values (24138, 5, "EHDAA2:0000785", NULL, 1);
insert into ontology_terms values (50422, 24139, "hip mesenchyme", 0, 0, 0, 0);
insert into ontology_relationships values (24139, "is_a", "CARO:0000055");
insert into ontology_definitions values (24139, 5, "EHDAA2:0000786", NULL, 1);
insert into ontology_terms values (50423, 24140, "humerus cartilage condensation", 0, 0, 0, 0);
insert into ontology_relationships values (24140, "is_a", "AEO:0000147");
insert into ontology_definitions values (24140, 5, "EHDAA2:0000787", NULL, 1);
insert into ontology_terms values (50424, 24141, "humerus pre-cartilage condensation", 0, 0, 0, 0);
insert into ontology_relationships values (24141, "is_a", "AEO:0000150");
insert into ontology_definitions values (24141, 5, "EHDAA2:0000788", NULL, 1);
insert into ontology_terms values (50425, 24142, "hyaloid cavity", 0, 0, 0, 0);
insert into ontology_relationships values (24142, "is_a", "AEO:0000222");
insert into ontology_definitions values (24142, 5, "EHDAA2:0000789", NULL, 1);
insert into ontology_terms values (50426, 24143, "hyaloid vascular plexus", 0, 0, 0, 0);
insert into ontology_relationships values (24143, "is_a", "AEO:0000209");
insert into ontology_definitions values (24143, 5, "EHDAA2:0000790", NULL, 1);
insert into ontology_terms values (50427, 24144, "hyaloid vein", 0, 0, 0, 0);
insert into ontology_relationships values (24144, "is_a", "AEO:0000209");
insert into ontology_definitions values (24144, 5, "EHDAA2:0000791", NULL, 1);
insert into ontology_terms values (50428, 24145, "hyoid cartilage", 0, 0, 0, 0);
insert into ontology_relationships values (24145, "is_a", "AEO:0000087");
insert into ontology_definitions values (24145, 5, "EHDAA2:0000793", NULL, 1);
insert into ontology_terms values (50429, 24146, "hyoid muscle", 0, 0, 0, 0);
insert into ontology_relationships values (24146, "is_a", "AEO:0000140");
insert into ontology_definitions values (24146, 5, "EHDAA2:0000794", NULL, 1);
insert into ontology_terms values (50430, 24147, "hyoid pre-muscle mass", 0, 0, 0, 0);
insert into ontology_relationships values (24147, "is_a", "AEO:0000149");
insert into ontology_definitions values (24147, 5, "EHDAA2:0000795", NULL, 1);
insert into ontology_terms values (50431, 24148, "hypoblast", 0, 0, 0, 0);
insert into ontology_relationships values (24148, "is_a", "AEO:0000132");
insert into ontology_definitions values (24148, 5, "EHDAA2:0000796", NULL, 1);
insert into ontology_terms values (50432, 24149, "hypoglossal XII nerve", 0, 0, 0, 0);
insert into ontology_relationships values (24149, "is_a", "AEO:0000137");
insert into ontology_definitions values (24149, 5, "EHDAA2:0000798", NULL, 1);
insert into ontology_terms values (50433, 24150, "hypopharyngeal eminence", 0, 0, 0, 0);
insert into ontology_relationships values (24150, "is_a", "AEO:0000205");
insert into ontology_definitions values (24150, 5, "EHDAA2:0000799", NULL, 1);
insert into ontology_terms values (50434, 24151, "hypopharyngeal eminence associated mesenchyme", 0, 0, 0, 0);
insert into ontology_relationships values (24151, "is_a", "AEO:0000146");
insert into ontology_definitions values (24151, 5, "EHDAA2:0000800", NULL, 1);
insert into ontology_terms values (50435, 24152, "hypopharyngeal eminence epithelium", 0, 0, 0, 0);
insert into ontology_relationships values (24152, "is_a", "CARO:0000073");
insert into ontology_definitions values (24152, 5, "EHDAA2:0000801", NULL, 1);
insert into ontology_terms values (50436, 24153, "hypothalamus", 0, 0, 0, 0);
insert into ontology_relationships values (24153, "is_a", "CARO:0000055");
insert into ontology_definitions values (24153, 5, "EHDAA2:0000802", NULL, 1);
insert into ontology_terms values (50437, 24154, "hypothalamus mantle layer", 0, 0, 0, 0);
insert into ontology_relationships values (24154, "is_a", "AEO:0001010");
insert into ontology_relationships values (24154, "is_a", "CARO:0000055");
insert into ontology_definitions values (24154, 5, "EHDAA2:0000803", NULL, 1);
insert into ontology_terms values (50438, 24155, "hypothalamus marginal layer", 0, 0, 0, 0);
insert into ontology_relationships values (24155, "is_a", "AEO:0001011");
insert into ontology_definitions values (24155, 5, "EHDAA2:0000804", NULL, 1);
insert into ontology_terms values (50439, 24156, "hypothalamus ventricular layer", 0, 0, 0, 0);
insert into ontology_relationships values (24156, "is_a", "AEO:0001009");
insert into ontology_definitions values (24156, 5, "EHDAA2:0000805", NULL, 1);
insert into ontology_terms values (50440, 24157, "iliac anastomosis", 0, 0, 0, 0);
insert into ontology_relationships values (24157, "is_a", "AEO:0000209");
insert into ontology_definitions values (24157, 5, "EHDAA2:0000806", NULL, 1);
insert into ontology_terms values (50441, 24158, "iliac cartilage condensation", 0, 0, 0, 0);
insert into ontology_relationships values (24158, "is_a", "AEO:0000147");
insert into ontology_definitions values (24158, 5, "EHDAA2:0000808", NULL, 1);
insert into ontology_terms values (50442, 24159, "iliac pre-cartilage condensation", 0, 0, 0, 0);
insert into ontology_relationships values (24159, "is_a", "AEO:0000150");
insert into ontology_definitions values (24159, 5, "EHDAA2:0000809", NULL, 1);
insert into ontology_terms values (50443, 24160, "iliac sac", 0, 0, 0, 0);
insert into ontology_relationships values (24160, "is_a", "AEO:0000115");
insert into ontology_definitions values (24160, 5, "EHDAA2:0000810", NULL, 1);
insert into ontology_terms values (50444, 24161, "iliac vein", 0, 0, 0, 0);
insert into ontology_relationships values (24161, "is_a", "AEO:0000209");
insert into ontology_relationships values (24161, "is_a", "CARO:0000055");
insert into ontology_definitions values (24161, 5, "EHDAA2:0000811", NULL, 1);
insert into ontology_terms values (50445, 24162, "ilio-psoas", 0, 0, 0, 0);
insert into ontology_relationships values (24162, "is_a", "AEO:0000140");
insert into ontology_definitions values (24162, 5, "EHDAA2:0000812", NULL, 1);
insert into ontology_terms values (50446, 24163, "incus pre-cartilage condensation", 0, 0, 0, 0);
insert into ontology_relationships values (24163, "is_a", "AEO:0000150");
insert into ontology_definitions values (24163, 5, "EHDAA2:0000813", NULL, 1);
insert into ontology_terms values (50447, 24164, "inferior mesenteric artery", 0, 0, 0, 0);
insert into ontology_relationships values (24164, "is_a", "AEO:0000208");
insert into ontology_definitions values (24164, 5, "EHDAA2:0000817", NULL, 1);
insert into ontology_terms values (50448, 24165, "inferior mesenteric ganglion", 0, 0, 0, 0);
insert into ontology_relationships values (24165, "is_a", "AEO:0000135");
insert into ontology_definitions values (24165, 5, "EHDAA2:0000818", NULL, 1);
insert into ontology_terms values (50449, 24166, "mesenteric vein inferior", 0, 0, 0, 0);
insert into ontology_relationships values (24166, "is_a", "AEO:0000209");
insert into ontology_definitions values (24166, 5, "EHDAA2:0000819", NULL, 1);
insert into ontology_terms values (50450, 24167, "inferior parathyroid", 0, 0, 0, 0);
insert into ontology_relationships values (24167, "is_a", "AEO:0000098");
insert into ontology_definitions values (24167, 5, "EHDAA2:0000821", NULL, 1);
insert into ontology_terms values (50451, 24168, "inferior parathyroid associated mesenchyme", 0, 0, 0, 0);
insert into ontology_relationships values (24168, "is_a", "AEO:0000146");
insert into ontology_definitions values (24168, 5, "EHDAA2:0000823", NULL, 1);
insert into ontology_terms values (50452, 24169, "inferior parathyroid epithelium", 0, 0, 0, 0);
insert into ontology_relationships values (24169, "is_a", "CARO:0000069");
insert into ontology_definitions values (24169, 5, "EHDAA2:0000824", NULL, 1);
insert into ontology_terms values (50453, 24170, "inferior recess", 0, 0, 0, 0);
insert into ontology_relationships values (24170, "is_a", "AEO:0000215");
insert into ontology_definitions values (24170, 5, "EHDAA2:0000825", NULL, 1);
insert into ontology_terms values (50454, 24171, "infraspinatus", 0, 0, 0, 0);
insert into ontology_relationships values (24171, "is_a", "AEO:0000140");
insert into ontology_definitions values (24171, 5, "EHDAA2:0000826", NULL, 1);
insert into ontology_terms values (50455, 24172, "infundibular recess of 3rd ventricle", 0, 0, 0, 0);
insert into ontology_relationships values (24172, "is_a", "AEO:0000115");
insert into ontology_definitions values (24172, 5, "EHDAA2:0000827", NULL, 1);
insert into ontology_terms values (50456, 24173, "infundibulum", 0, 0, 0, 0);
insert into ontology_relationships values (24173, "is_a", "CARO:0000073");
insert into ontology_definitions values (24173, 5, "EHDAA2:0000828", NULL, 1);
insert into ontology_terms values (50457, 24174, "inner canthus", 0, 0, 0, 0);
insert into ontology_relationships values (24174, "is_a", "CARO:0000073");
insert into ontology_definitions values (24174, 5, "EHDAA2:0000829", NULL, 1);
insert into ontology_terms values (50458, 24175, "inner cell mass", 0, 0, 0, 0);
insert into ontology_relationships values (24175, "is_a", "AEO:0000132");
insert into ontology_definitions values (24175, 5, "EHDAA2:0000830", NULL, 1);
insert into ontology_terms values (50459, 24176, "inner ear", 0, 0, 0, 0);
insert into ontology_relationships values (24176, "is_a", "CARO:0000055");
insert into ontology_definitions values (24176, 5, "EHDAA2:0000831", NULL, 1);
insert into ontology_terms values (50460, 24177, "labyrinth vestibular component", 0, 0, 0, 0);
insert into ontology_relationships values (24177, "is_a", "CARO:0000055");
insert into ontology_definitions values (24177, 5, "EHDAA2:0000832", NULL, 1);
insert into ontology_terms values (50461, 24178, "otic capsule pre-cartilage condensation", 0, 0, 0, 0);
insert into ontology_relationships values (24178, "is_a", "AEO:0000146");
insert into ontology_definitions values (24178, 5, "EHDAA2:0000833", NULL, 1);
insert into ontology_terms values (50462, 24179, "brachicephalic artery", 0, 0, 0, 0);
insert into ontology_relationships values (24179, "is_a", "AEO:0000208");
insert into ontology_definitions values (24179, 5, "EHDAA2:0000835", NULL, 1);
insert into ontology_terms values (50463, 24180, "integumental system", 0, 0, 0, 0);
insert into ontology_relationships values (24180, "is_a", "CARO:0000011");
insert into ontology_definitions values (24180, 5, "EHDAA2:0000836", NULL, 1);
insert into ontology_terms values (50464, 24181, "integumental system gland", 0, 0, 0, 0);
insert into ontology_relationships values (24181, "is_a", "AEO:0000097");
insert into ontology_definitions values (24181, 5, "EHDAA2:0000837", NULL, 1);
insert into ontology_terms values (50465, 24182, "interatrial septum", 0, 0, 0, 0);
insert into ontology_relationships values (24182, "is_a", "CARO:0000055");
insert into ontology_definitions values (24182, 5, "EHDAA2:0000838", NULL, 1);
insert into ontology_terms values (50466, 24183, "interatrial septum foramen", 0, 0, 0, 0);
insert into ontology_relationships values (24183, "is_a", "AEO:0000080");
insert into ontology_definitions values (24183, 5, "EHDAA2:0000839", NULL, 1);
insert into ontology_terms values (50467, 24184, "intercostal artery", 0, 0, 0, 0);
insert into ontology_relationships values (24184, "is_a", "AEO:0000208");
insert into ontology_definitions values (24184, 5, "EHDAA2:0000840", NULL, 1);
insert into ontology_terms values (50468, 24185, "intercostal muscle", 0, 0, 0, 0);
insert into ontology_relationships values (24185, "is_a", "AEO:0000140");
insert into ontology_definitions values (24185, 5, "EHDAA2:0000841", NULL, 1);
insert into ontology_terms values (50469, 24186, "intercostal pre-muscle mass", 0, 0, 0, 0);
insert into ontology_relationships values (24186, "is_a", "AEO:0000149");
insert into ontology_definitions values (24186, 5, "EHDAA2:0000843", NULL, 1);
insert into ontology_terms values (50470, 24187, "interdigital region between fingers 1 and 2", 0, 0, 0, 0);
insert into ontology_relationships values (24187, "is_a", "CARO:0000055");
insert into ontology_definitions values (24187, 5, "EHDAA2:0000844", NULL, 1);
insert into ontology_terms values (50471, 24188, "interdigital region between fingers 1 and 2 epithelium", 0, 0, 0, 0);
insert into ontology_relationships values (24188, "is_a", "CARO:0000073");
insert into ontology_definitions values (24188, 5, "EHDAA2:0000845", NULL, 1);
insert into ontology_terms values (50472, 24189, "interdigital region between fingers 1 and 2 mesenchyme", 0, 0, 0, 0);
insert into ontology_relationships values (24189, "is_a", "AEO:0000145");
insert into ontology_definitions values (24189, 5, "EHDAA2:0000846", NULL, 1);
insert into ontology_terms values (50473, 24190, "interdigital region between fingers 2 and 3", 0, 0, 0, 0);
insert into ontology_relationships values (24190, "is_a", "CARO:0000055");
insert into ontology_definitions values (24190, 5, "EHDAA2:0000847", NULL, 1);
insert into ontology_terms values (50474, 24191, "interdigital region between fingers 2 and 3 epithelium", 0, 0, 0, 0);
insert into ontology_relationships values (24191, "is_a", "CARO:0000073");
insert into ontology_definitions values (24191, 5, "EHDAA2:0000848", NULL, 1);
insert into ontology_terms values (50475, 24192, "interdigital region between fingers 2 and 3 mesenchyme", 0, 0, 0, 0);
insert into ontology_relationships values (24192, "is_a", "AEO:0000145");
insert into ontology_definitions values (24192, 5, "EHDAA2:0000849", NULL, 1);
insert into ontology_terms values (50476, 24193, "interdigital region between fingers 3 and 4", 0, 0, 0, 0);
insert into ontology_relationships values (24193, "is_a", "CARO:0000055");
insert into ontology_definitions values (24193, 5, "EHDAA2:0000850", NULL, 1);
insert into ontology_terms values (50477, 24194, "interdigital region between fingers 3 and 4 epithelium", 0, 0, 0, 0);
insert into ontology_relationships values (24194, "is_a", "CARO:0000073");
insert into ontology_definitions values (24194, 5, "EHDAA2:0000851", NULL, 1);
insert into ontology_terms values (50478, 24195, "interdigital region between fingers 3 and 4 mesenchyme", 0, 0, 0, 0);
insert into ontology_relationships values (24195, "is_a", "AEO:0000145");
insert into ontology_definitions values (24195, 5, "EHDAA2:0000852", NULL, 1);
insert into ontology_terms values (50479, 24196, "interdigital region between fingers 4 and 5", 0, 0, 0, 0);
insert into ontology_relationships values (24196, "is_a", "CARO:0000055");
insert into ontology_definitions values (24196, 5, "EHDAA2:0000853", NULL, 1);
insert into ontology_terms values (50480, 24197, "interdigital region between fingers 4 and 5 epithelium", 0, 0, 0, 0);
insert into ontology_relationships values (24197, "is_a", "CARO:0000073");
insert into ontology_definitions values (24197, 5, "EHDAA2:0000854", NULL, 1);
insert into ontology_terms values (50481, 24198, "interdigital region between fingers 4 and 5 mesenchyme", 0, 0, 0, 0);
insert into ontology_relationships values (24198, "is_a", "AEO:0000145");
insert into ontology_definitions values (24198, 5, "EHDAA2:0000855", NULL, 1);
insert into ontology_terms values (50482, 24199, "interdigital region between toes 1 and 2", 0, 0, 0, 0);
insert into ontology_relationships values (24199, "is_a", "CARO:0000055");
insert into ontology_definitions values (24199, 5, "EHDAA2:0000856", NULL, 1);
insert into ontology_terms values (50483, 24200, "interdigital region between toes 1 and 2 epithelium", 0, 0, 0, 0);
insert into ontology_relationships values (24200, "is_a", "CARO:0000073");
insert into ontology_definitions values (24200, 5, "EHDAA2:0000857", NULL, 1);
insert into ontology_terms values (50484, 24201, "interdigital region between toes 1 and 2 mesenchyme", 0, 0, 0, 0);
insert into ontology_relationships values (24201, "is_a", "AEO:0000145");
insert into ontology_definitions values (24201, 5, "EHDAA2:0000858", NULL, 1);
insert into ontology_terms values (50485, 24202, "interdigital region between toes 2 and 3", 0, 0, 0, 0);
insert into ontology_relationships values (24202, "is_a", "CARO:0000055");
insert into ontology_definitions values (24202, 5, "EHDAA2:0000859", NULL, 1);
insert into ontology_terms values (50486, 24203, "interdigital region between toes 2 and 3 epithelium", 0, 0, 0, 0);
insert into ontology_relationships values (24203, "is_a", "CARO:0000073");
insert into ontology_definitions values (24203, 5, "EHDAA2:0000860", NULL, 1);
insert into ontology_terms values (50487, 24204, "interdigital region between toes 2 and 3 mesenchyme", 0, 0, 0, 0);
insert into ontology_relationships values (24204, "is_a", "AEO:0000145");
insert into ontology_definitions values (24204, 5, "EHDAA2:0000861", NULL, 1);
insert into ontology_terms values (50488, 24205, "interdigital region between toes 3 and 4", 0, 0, 0, 0);
insert into ontology_relationships values (24205, "is_a", "CARO:0000055");
insert into ontology_definitions values (24205, 5, "EHDAA2:0000862", NULL, 1);
insert into ontology_terms values (50489, 24206, "interdigital region between toes 3 and 4 epithelium", 0, 0, 0, 0);
insert into ontology_relationships values (24206, "is_a", "CARO:0000073");
insert into ontology_definitions values (24206, 5, "EHDAA2:0000863", NULL, 1);
insert into ontology_terms values (50490, 24207, "interdigital region between toes 3 and 4 mesenchyme", 0, 0, 0, 0);
insert into ontology_relationships values (24207, "is_a", "AEO:0000145");
insert into ontology_definitions values (24207, 5, "EHDAA2:0000864", NULL, 1);
insert into ontology_terms values (50491, 24208, "interdigital region between toes 4 and 5", 0, 0, 0, 0);
insert into ontology_relationships values (24208, "is_a", "CARO:0000055");
insert into ontology_definitions values (24208, 5, "EHDAA2:0000865", NULL, 1);
insert into ontology_terms values (50492, 24209, "interdigital region between toes 4 and 5 epithelium", 0, 0, 0, 0);
insert into ontology_relationships values (24209, "is_a", "CARO:0000073");
insert into ontology_definitions values (24209, 5, "EHDAA2:0000866", NULL, 1);
insert into ontology_terms values (50493, 24210, "interdigital region between toes 4 and 5 mesenchyme", 0, 0, 0, 0);
insert into ontology_relationships values (24210, "is_a", "AEO:0000145");
insert into ontology_definitions values (24210, 5, "EHDAA2:0000867", NULL, 1);
insert into ontology_terms values (50494, 24211, "intermaxillary process", 0, 0, 0, 0);
insert into ontology_relationships values (24211, "is_a", "CARO:0000055");
insert into ontology_definitions values (24211, 5, "EHDAA2:0000868", NULL, 1);
insert into ontology_terms values (50495, 24212, "intermaxillary process mesenchyme", 0, 0, 0, 0);
insert into ontology_relationships values (24212, "is_a", "AEO:0000145");
insert into ontology_definitions values (24212, 5, "EHDAA2:0000869", NULL, 1);
insert into ontology_terms values (50496, 24213, "intermaxillary process surface ectoderm", 0, 0, 0, 0);
insert into ontology_relationships values (24213, "is_a", "CARO:0000073");
insert into ontology_definitions values (24213, 5, "EHDAA2:0000870", NULL, 1);
insert into ontology_terms values (50497, 24214, "intermediate mesoderm", 0, 0, 0, 0);
insert into ontology_relationships values (24214, "is_a", "AEO:0000146");
insert into ontology_definitions values (24214, 5, "EHDAA2:0000871", NULL, 1);
insert into ontology_terms values (50498, 24215, "internal carotid artery", 0, 0, 0, 0);
insert into ontology_relationships values (24215, "is_a", "AEO:0000208");
insert into ontology_definitions values (24215, 5, "EHDAA2:0000873", NULL, 1);
insert into ontology_terms values (50499, 24216, "internal iliac vein", 0, 0, 0, 0);
insert into ontology_relationships values (24216, "is_a", "AEO:0000209");
insert into ontology_definitions values (24216, 5, "EHDAA2:0000874", NULL, 1);
insert into ontology_terms values (50500, 24217, "internal intercostal muscle", 0, 0, 0, 0);
insert into ontology_relationships values (24217, "is_a", "AEO:0000140");
insert into ontology_definitions values (24217, 5, "EHDAA2:0000875", NULL, 1);
insert into ontology_terms values (50501, 24218, "internal intercostal pre-muscle mass", 0, 0, 0, 0);
insert into ontology_relationships values (24218, "is_a", "AEO:0000149");
insert into ontology_definitions values (24218, 5, "EHDAA2:0000876", NULL, 1);
insert into ontology_terms values (50502, 24219, "internal jugular vein", 0, 0, 0, 0);
insert into ontology_relationships values (24219, "is_a", "AEO:0000209");
insert into ontology_definitions values (24219, 5, "EHDAA2:0000877", NULL, 1);
insert into ontology_terms values (50503, 24220, "internal oblique", 0, 0, 0, 0);
insert into ontology_relationships values (24220, "is_a", "AEO:0000140");
insert into ontology_definitions values (24220, 5, "EHDAA2:0000879", NULL, 1);
insert into ontology_terms values (50504, 24221, "internal thoracic artery", 0, 0, 0, 0);
insert into ontology_relationships values (24221, "is_a", "AEO:0000208");
insert into ontology_definitions values (24221, 5, "EHDAA2:0000880", NULL, 1);
insert into ontology_terms values (50505, 24222, "interparietal bone primordium", 0, 0, 0, 0);
insert into ontology_relationships values (24222, "is_a", "AEO:0000085");
insert into ontology_definitions values (24222, 5, "EHDAA2:0000881", NULL, 1);
insert into ontology_terms values (50506, 24223, "intersegmental arteries", 0, 0, 0, 0);
insert into ontology_relationships values (24223, "is_a", "AEO:0000208");
insert into ontology_definitions values (24223, 5, "EHDAA2:0000882", NULL, 1);
insert into ontology_terms values (50507, 24224, "intersubcardinal venous anastomosis", 0, 0, 0, 0);
insert into ontology_relationships values (24224, "is_a", "AEO:0000209");
insert into ontology_definitions values (24224, 5, "EHDAA2:0000883", NULL, 1);
insert into ontology_terms values (50508, 24225, "muscular interventricular septum", 0, 0, 0, 0);
insert into ontology_relationships values (24225, "is_a", "CARO:0000055");
insert into ontology_definitions values (24225, 5, "EHDAA2:0000885", NULL, 1);
insert into ontology_terms values (50509, 24226, "muscular interventricular septum endocardium", 0, 0, 0, 0);
insert into ontology_relationships values (24226, "is_a", "CARO:0000073");
insert into ontology_definitions values (24226, 5, "EHDAA2:0000886", NULL, 1);
insert into ontology_terms values (50510, 24227, "membranous interventricular septum endocardium", 0, 0, 0, 0);
insert into ontology_relationships values (24227, "is_a", "CARO:0000069");
insert into ontology_definitions values (24227, 5, "EHDAA2:0000887", NULL, 1);
insert into ontology_terms values (50511, 24228, "intraretinal space", 0, 0, 0, 0);
insert into ontology_relationships values (24228, "is_a", "AEO:0000222");
insert into ontology_definitions values (24228, 5, "EHDAA2:0000889", NULL, 1);
insert into ontology_terms values (50512, 24229, "ischial cartilage condensation", 0, 0, 0, 0);
insert into ontology_relationships values (24229, "is_a", "AEO:0000147");
insert into ontology_definitions values (24229, 5, "EHDAA2:0000890", NULL, 1);
insert into ontology_terms values (50513, 24230, "ischial pre-cartilage condensation", 0, 0, 0, 0);
insert into ontology_relationships values (24230, "is_a", "AEO:0000150");
insert into ontology_definitions values (24230, 5, "EHDAA2:0000891", NULL, 1);
insert into ontology_terms values (50514, 24231, "jugular foramen", 0, 0, 0, 0);
insert into ontology_relationships values (24231, "is_a", "AEO:0000080");
insert into ontology_definitions values (24231, 5, "EHDAA2:0000893", NULL, 1);
insert into ontology_terms values (50515, 24232, "jugular sac", 0, 0, 0, 0);
insert into ontology_relationships values (24232, "is_a", "AEO:0000115");
insert into ontology_definitions values (24232, 5, "EHDAA2:0000894", NULL, 1);
insert into ontology_terms values (50516, 24233, "knee", 0, 0, 0, 0);
insert into ontology_relationships values (24233, "is_a", "CARO:0000041");
insert into ontology_definitions values (24233, 5, "EHDAA2:0000895", NULL, 1);
insert into ontology_terms values (50517, 24234, "knee epithelium", 0, 0, 0, 0);
insert into ontology_relationships values (24234, "is_a", "CARO:0000073");
insert into ontology_definitions values (24234, 5, "EHDAA2:0000896", NULL, 1);
insert into ontology_terms values (50518, 24235, "knee joint primordium", 0, 0, 0, 0);
insert into ontology_relationships values (24235, "is_a", "AEO:0000148");
insert into ontology_definitions values (24235, 5, "EHDAA2:0000897", NULL, 1);
insert into ontology_terms values (50519, 24236, "knee mesenchyme from somatopleure mesenchyme", 0, 0, 0, 0);
insert into ontology_relationships values (24236, "is_a", "AEO:0000145");
insert into ontology_definitions values (24236, 5, "EHDAA2:0000898", NULL, 1);
insert into ontology_terms values (50520, 24237, "future membranous labyrinth", 0, 0, 0, 0);
insert into ontology_relationships values (24237, "is_a", "CARO:0000055");
insert into ontology_definitions values (24237, 5, "EHDAA2:0000899", NULL, 1);
insert into ontology_terms values (50521, 24238, "lamina terminalis", 0, 0, 0, 0);
insert into ontology_relationships values (24238, "is_a", "CARO:0000068");
insert into ontology_relationships values (24238, "is_a", "CARO:0000070");
insert into ontology_definitions values (24238, 5, "EHDAA2:0000903", NULL, 1);
insert into ontology_terms values (50522, 24239, "laryngeal cartilage system", 0, 0, 0, 0);
insert into ontology_relationships values (24239, "is_a", "CARO:0000011");
insert into ontology_definitions values (24239, 5, "EHDAA2:0000904", NULL, 1);
insert into ontology_terms values (50523, 24240, "lateral canthus", 0, 0, 0, 0);
insert into ontology_relationships values (24240, "is_a", "CARO:0000073");
insert into ontology_definitions values (24240, 5, "EHDAA2:0000910", NULL, 1);
insert into ontology_terms values (50524, 24241, "lateral lingual swelling", 0, 0, 0, 0);
insert into ontology_relationships values (24241, "is_a", "CARO:0000055");
insert into ontology_definitions values (24241, 5, "EHDAA2:0000911", NULL, 1);
insert into ontology_terms values (50525, 24242, "lateral lingual swelling associated mesenchyme", 0, 0, 0, 0);
insert into ontology_relationships values (24242, "is_a", "AEO:0000146");
insert into ontology_definitions values (24242, 5, "EHDAA2:0000912", NULL, 1);
insert into ontology_terms values (50526, 24243, "lateral lingual swelling epithelium", 0, 0, 0, 0);
insert into ontology_relationships values (24243, "is_a", "CARO:0000073");
insert into ontology_definitions values (24243, 5, "EHDAA2:0000913", NULL, 1);
insert into ontology_terms values (50527, 24244, "lateral migration pathway NC-derived mesenchyme", 0, 0, 0, 0);
insert into ontology_relationships values (24244, "is_a", "AEO:0000132");
insert into ontology_relationships values (24244, "is_a", "AEO:0000152");
insert into ontology_definitions values (24244, 5, "EHDAA2:0000915", NULL, 1);
insert into ontology_terms values (50528, 24245, "lateral nasal process", 0, 0, 0, 0);
insert into ontology_relationships values (24245, "is_a", "CARO:0000055");
insert into ontology_definitions values (24245, 5, "EHDAA2:0000916", NULL, 1);
insert into ontology_terms values (50529, 24246, "lateral nasal process mesenchyme", 0, 0, 0, 0);
insert into ontology_relationships values (24246, "is_a", "AEO:0000146");
insert into ontology_definitions values (24246, 5, "EHDAA2:0000917", NULL, 1);
insert into ontology_terms values (50530, 24247, "lateral nasal process surface ectoderm", 0, 0, 0, 0);
insert into ontology_relationships values (24247, "is_a", "CARO:0000073");
insert into ontology_definitions values (24247, 5, "EHDAA2:0000918", NULL, 1);
insert into ontology_terms values (50531, 24248, "lateral plate mesoderm", 0, 0, 0, 0);
insert into ontology_relationships values (24248, "is_a", "AEO:0000146");
insert into ontology_relationships values (24248, "is_a", "CARO:0000055");
insert into ontology_definitions values (24248, 5, "EHDAA2:0000919", NULL, 1);
insert into ontology_terms values (50532, 24249, "lateral semicircular canal", 0, 0, 0, 0);
insert into ontology_relationships values (24249, "is_a", "AEO:0000114");
insert into ontology_definitions values (24249, 5, "EHDAA2:0000920", NULL, 1);
insert into ontology_terms values (50533, 24250, "myelencephalon lateral wall", 0, 0, 0, 0);
insert into ontology_relationships values (24250, "is_a", "AEO:0001008");
insert into ontology_relationships values (24250, "is_a", "CARO:0000055");
insert into ontology_definitions values (24250, 5, "EHDAA2:0000923", NULL, 1);
insert into ontology_terms values (50534, 24251, "myelencephalon alar plate", 0, 0, 0, 0);
insert into ontology_relationships values (24251, "is_a", "AEO:0001012");
insert into ontology_definitions values (24251, 5, "EHDAA2:0000924", NULL, 1);
insert into ontology_terms values (50535, 24252, "myelencephalon marginal layer", 0, 0, 0, 0);
insert into ontology_relationships values (24252, "is_a", "AEO:0001011");
insert into ontology_definitions values (24252, 5, "EHDAA2:0000926", NULL, 1);
insert into ontology_terms values (50536, 24253, "myelencephalon ventricular layer", 0, 0, 0, 0);
insert into ontology_relationships values (24253, "is_a", "AEO:0001009");
insert into ontology_definitions values (24253, 5, "EHDAA2:0000927", NULL, 1);
insert into ontology_terms values (50537, 24254, "myelencephalon basal plate", 0, 0, 0, 0);
insert into ontology_relationships values (24254, "is_a", "AEO:0001012");
insert into ontology_definitions values (24254, 5, "EHDAA2:0000929", NULL, 1);
insert into ontology_terms values (50538, 24255, "myelencephalon mantle layer", 0, 0, 0, 0);
insert into ontology_relationships values (24255, "is_a", "AEO:0001010");
insert into ontology_relationships values (24255, "is_a", "CARO:0000055");
insert into ontology_definitions values (24255, 5, "EHDAA2:0000930", NULL, 1);
insert into ontology_terms values (50539, 24256, "latissimus dorsi", 0, 0, 0, 0);
insert into ontology_relationships values (24256, "is_a", "AEO:0000140");
insert into ontology_definitions values (24256, 5, "EHDAA2:0000932", NULL, 1);
insert into ontology_terms values (50540, 24257, "latissimus dorsi pre-muscle mass", 0, 0, 0, 0);
insert into ontology_relationships values (24257, "is_a", "AEO:0000149");
insert into ontology_definitions values (24257, 5, "EHDAA2:0000933", NULL, 1);
insert into ontology_terms values (50541, 24258, "left atrioventricular canal", 0, 0, 0, 0);
insert into ontology_relationships values (24258, "is_a", "AEO:0000078");
insert into ontology_definitions values (24258, 5, "EHDAA2:0000935", NULL, 1);
insert into ontology_terms values (50542, 24259, "left dorsal aorta", 0, 0, 0, 0);
insert into ontology_relationships values (24259, "is_a", "AEO:0000208");
insert into ontology_relationships values (24259, "is_a", "CARO:0000055");
insert into ontology_definitions values (24259, 5, "EHDAA2:0000936", NULL, 1);
insert into ontology_terms values (50543, 24260, "extraembryonic umbilical artery left", 0, 0, 0, 0);
insert into ontology_relationships values (24260, "is_a", "AEO:0000208");
insert into ontology_relationships values (24260, "is_a", "CARO:0000042");
insert into ontology_definitions values (24260, 5, "EHDAA2:0000937", NULL, 1);
insert into ontology_terms values (50544, 24261, "extraembryonic umbilical vein left", 0, 0, 0, 0);
insert into ontology_relationships values (24261, "is_a", "AEO:0000209");
insert into ontology_relationships values (24261, "is_a", "CARO:0000042");
insert into ontology_definitions values (24261, 5, "EHDAA2:0000938", NULL, 1);
insert into ontology_terms values (50545, 24262, "extraembryonic vitelline artery left", 0, 0, 0, 0);
insert into ontology_relationships values (24262, "is_a", "AEO:0000208");
insert into ontology_relationships values (24262, "is_a", "CARO:0000042");
insert into ontology_definitions values (24262, 5, "EHDAA2:0000939", NULL, 1);
insert into ontology_terms values (50546, 24263, "extraembryonic vitelline vein left", 0, 0, 0, 0);
insert into ontology_relationships values (24263, "is_a", "AEO:0000209");
insert into ontology_relationships values (24263, "is_a", "CARO:0000042");
insert into ontology_definitions values (24263, 5, "EHDAA2:0000940", NULL, 1);
insert into ontology_terms values (50547, 24264, "left hepatic duct", 0, 0, 0, 0);
insert into ontology_relationships values (24264, "is_a", "AEO:0000117");
insert into ontology_definitions values (24264, 5, "EHDAA2:0000941", NULL, 1);
insert into ontology_terms values (50548, 24265, "hepato-cardiac vein left", 0, 0, 0, 0);
insert into ontology_relationships values (24265, "is_a", "AEO:0000209");
insert into ontology_definitions values (24265, 5, "EHDAA2:0000942", NULL, 1);
insert into ontology_terms values (50549, 24266, "left lung", 0, 0, 0, 0);
insert into ontology_relationships values (24266, "is_a", "CARO:0000024");
insert into ontology_definitions values (24266, 5, "EHDAA2:0000943", NULL, 1);
insert into ontology_terms values (50550, 24267, "left lung associated mesenchyme", 0, 0, 0, 0);
insert into ontology_relationships values (24267, "is_a", "AEO:0000146");
insert into ontology_definitions values (24267, 5, "EHDAA2:0000944", NULL, 1);
insert into ontology_terms values (50551, 24268, "left lung lower lobe", 0, 0, 0, 0);
insert into ontology_relationships values (24268, "is_a", "CARO:0000055");
insert into ontology_definitions values (24268, 5, "EHDAA2:0000945", NULL, 1);
insert into ontology_terms values (50552, 24269, "left lung lower lobe associated mesenchyme", 0, 0, 0, 0);
insert into ontology_relationships values (24269, "is_a", "AEO:0000146");
insert into ontology_definitions values (24269, 5, "EHDAA2:0000946", NULL, 1);
insert into ontology_terms values (50553, 24270, "left lung lower lobe bronchiole", 0, 0, 0, 0);
insert into ontology_relationships values (24270, "is_a", "AEO:0000114");
insert into ontology_definitions values (24270, 5, "EHDAA2:0000947", NULL, 1);
insert into ontology_terms values (50554, 24271, "left lung lower lobe epithelium", 0, 0, 0, 0);
insert into ontology_relationships values (24271, "is_a", "AEO:0000117");
insert into ontology_definitions values (24271, 5, "EHDAA2:0000949", NULL, 1);
insert into ontology_terms values (50555, 24272, "left lung lower lobe lobar bronchus", 0, 0, 0, 0);
insert into ontology_relationships values (24272, "is_a", "AEO:0000114");
insert into ontology_definitions values (24272, 5, "EHDAA2:0000950", NULL, 1);
insert into ontology_terms values (50556, 24273, "left lung lower lobe segmental bronchi", 0, 0, 0, 0);
insert into ontology_relationships values (24273, "is_a", "AEO:0000114");
insert into ontology_definitions values (24273, 5, "EHDAA2:0000951", NULL, 1);
insert into ontology_terms values (50557, 24274, "left lung lower lobe segmental bronchus", 0, 0, 0, 0);
insert into ontology_relationships values (24274, "is_a", "AEO:0000114");
insert into ontology_definitions values (24274, 5, "EHDAA2:0000952", NULL, 1);
insert into ontology_terms values (50558, 24275, "left lung upper lobe", 0, 0, 0, 0);
insert into ontology_relationships values (24275, "is_a", "CARO:0000055");
insert into ontology_definitions values (24275, 5, "EHDAA2:0000953", NULL, 1);
insert into ontology_terms values (50559, 24276, "left lung upper lobe associated mesenchyme", 0, 0, 0, 0);
insert into ontology_relationships values (24276, "is_a", "AEO:0000146");
insert into ontology_definitions values (24276, 5, "EHDAA2:0000954", NULL, 1);
insert into ontology_terms values (50560, 24277, "left lung upper lobe bronchiole", 0, 0, 0, 0);
insert into ontology_relationships values (24277, "is_a", "AEO:0000114");
insert into ontology_definitions values (24277, 5, "EHDAA2:0000955", NULL, 1);
insert into ontology_terms values (50561, 24278, "left lung upper lobe epithelium", 0, 0, 0, 0);
insert into ontology_relationships values (24278, "is_a", "AEO:0000117");
insert into ontology_definitions values (24278, 5, "EHDAA2:0000957", NULL, 1);
insert into ontology_terms values (50562, 24279, "left lung upper lobe lobar bronchus", 0, 0, 0, 0);
insert into ontology_relationships values (24279, "is_a", "AEO:0000114");
insert into ontology_definitions values (24279, 5, "EHDAA2:0000958", NULL, 1);
insert into ontology_terms values (50563, 24280, "left lung upper lobe segmental bronchi", 0, 0, 0, 0);
insert into ontology_relationships values (24280, "is_a", "AEO:0000114");
insert into ontology_definitions values (24280, 5, "EHDAA2:0000959", NULL, 1);
insert into ontology_terms values (50564, 24281, "left lung upper lobe segmental bronchus", 0, 0, 0, 0);
insert into ontology_relationships values (24281, "is_a", "AEO:0000114");
insert into ontology_definitions values (24281, 5, "EHDAA2:0000960", NULL, 1);
insert into ontology_terms values (50565, 24282, "left lung epithelium", 0, 0, 0, 0);
insert into ontology_relationships values (24282, "is_a", "AEO:0000117");
insert into ontology_definitions values (24282, 5, "EHDAA2:0000961", NULL, 1);
insert into ontology_terms values (50566, 24283, "left lung hilus", 0, 0, 0, 0);
insert into ontology_relationships values (24283, "is_a", "AEO:0000204");
insert into ontology_definitions values (24283, 5, "EHDAA2:0000962", NULL, 1);
insert into ontology_terms values (50567, 24284, "left lung vascular element", 0, 0, 0, 0);
insert into ontology_relationships values (24284, "is_a", "AEO:0000209");
insert into ontology_definitions values (24284, 5, "EHDAA2:0000963", NULL, 1);
insert into ontology_terms values (50568, 24285, "left thyroid lobe", 0, 0, 0, 0);
insert into ontology_relationships values (24285, "is_a", "CARO:0000069");
insert into ontology_definitions values (24285, 5, "EHDAA2:0000965", NULL, 1);
insert into ontology_terms values (50569, 24286, "umbilical artery left", 0, 0, 0, 0);
insert into ontology_relationships values (24286, "is_a", "AEO:0000208");
insert into ontology_definitions values (24286, 5, "EHDAA2:0000966", NULL, 1);
insert into ontology_terms values (50570, 24287, "umbilical vein left", 0, 0, 0, 0);
insert into ontology_relationships values (24287, "is_a", "AEO:0000209");
insert into ontology_definitions values (24287, 5, "EHDAA2:0000967", NULL, 1);
insert into ontology_terms values (50571, 24288, "left venous valve", 0, 0, 0, 0);
insert into ontology_relationships values (24288, "is_a", "EHDAA2:0004046");
insert into ontology_definitions values (24288, 5, "EHDAA2:0000968", NULL, 1);
insert into ontology_terms values (50572, 24289, "vitelline arterial plexus left", 0, 0, 0, 0);
insert into ontology_relationships values (24289, "is_a", "AEO:0000209");
insert into ontology_definitions values (24289, 5, "EHDAA2:0000969", NULL, 1);
insert into ontology_terms values (50573, 24290, "vitelline artery left", 0, 0, 0, 0);
insert into ontology_relationships values (24290, "is_a", "AEO:0000208");
insert into ontology_definitions values (24290, 5, "EHDAA2:0000970", NULL, 1);
insert into ontology_terms values (50574, 24291, "vitelline vein left", 0, 0, 0, 0);
insert into ontology_relationships values (24291, "is_a", "AEO:0000209");
insert into ontology_definitions values (24291, 5, "EHDAA2:0000971", NULL, 1);
insert into ontology_terms values (50575, 24292, "leg", 0, 0, 0, 0);
insert into ontology_relationships values (24292, "is_a", "CARO:0000041");
insert into ontology_definitions values (24292, 5, "EHDAA2:0000972", NULL, 1);
insert into ontology_terms values (50576, 24293, "leg muscle system", 0, 0, 0, 0);
insert into ontology_relationships values (24293, "is_a", "CARO:0000011");
insert into ontology_definitions values (24293, 5, "EHDAA2:0000973", NULL, 1);
insert into ontology_terms values (50577, 24294, "lens capsule", 0, 0, 0, 0);
insert into ontology_relationships values (24294, "is_a", "CARO:0000040");
insert into ontology_definitions values (24294, 5, "EHDAA2:0000977", NULL, 1);
insert into ontology_terms values (50578, 24295, "early lens fibres", 0, 0, 0, 0);
insert into ontology_relationships values (24295, "is_a", "CARO:0000068");
insert into ontology_definitions values (24295, 5, "EHDAA2:0000980", NULL, 1);
insert into ontology_terms values (50579, 24296, "lens pit", 0, 0, 0, 0);
insert into ontology_relationships values (24296, "is_a", "AEO:0000204");
insert into ontology_definitions values (24296, 5, "EHDAA2:0000981", NULL, 1);
insert into ontology_terms values (50580, 24297, "lens placode", 0, 0, 0, 0);
insert into ontology_relationships values (24297, "is_a", "AEO:0000218");
insert into ontology_definitions values (24297, 5, "EHDAA2:0000982", NULL, 1);
insert into ontology_terms values (50581, 24298, "lens", 0, 0, 0, 0);
insert into ontology_relationships values (24298, "is_a", "CARO:0000055");
insert into ontology_definitions values (24298, 5, "EHDAA2:0000983", NULL, 1);
insert into ontology_terms values (50582, 24299, "lens anterior epithelium", 0, 0, 0, 0);
insert into ontology_relationships values (24299, "is_a", "CARO:0000073");
insert into ontology_definitions values (24299, 5, "EHDAA2:0000984", NULL, 1);
insert into ontology_terms values (50583, 24300, "lens cavity", 0, 0, 0, 0);
insert into ontology_relationships values (24300, "is_a", "AEO:0000079");
insert into ontology_definitions values (24300, 5, "EHDAA2:0000986", NULL, 1);
insert into ontology_terms values (50584, 24301, "lens epithelium", 0, 0, 0, 0);
insert into ontology_relationships values (24301, "is_a", "CARO:0000073");
insert into ontology_definitions values (24301, 5, "EHDAA2:0000987", NULL, 1);
insert into ontology_terms values (50585, 24302, "lesser omentum", 0, 0, 0, 0);
insert into ontology_relationships values (24302, "is_a", "AEO:0000151");
insert into ontology_definitions values (24302, 5, "EHDAA2:0000991", NULL, 1);
insert into ontology_terms values (50586, 24303, "levator scapulae", 0, 0, 0, 0);
insert into ontology_relationships values (24303, "is_a", "AEO:0000140");
insert into ontology_definitions values (24303, 5, "EHDAA2:0000992", NULL, 1);
insert into ontology_terms values (50587, 24304, "levator scapulae pre-muscle mass", 0, 0, 0, 0);
insert into ontology_relationships values (24304, "is_a", "AEO:0000149");
insert into ontology_definitions values (24304, 5, "EHDAA2:0000993", NULL, 1);
insert into ontology_terms values (50588, 24305, "limb system", 0, 0, 0, 0);
insert into ontology_relationships values (24305, "is_a", "CARO:0000011");
insert into ontology_definitions values (24305, 5, "EHDAA2:0000994", NULL, 1);
insert into ontology_terms values (50589, 24306, "limb muscle system", 0, 0, 0, 0);
insert into ontology_relationships values (24306, "is_a", "CARO:0000011");
insert into ontology_definitions values (24306, 5, "EHDAA2:0000995", NULL, 1);
insert into ontology_terms values (50590, 24307, "lingual swelling", 0, 0, 0, 0);
insert into ontology_relationships values (24307, "is_a", "AEO:0000205");
insert into ontology_definitions values (24307, 5, "EHDAA2:0000996", NULL, 1);
insert into ontology_terms values (50591, 24308, "liver", 0, 0, 0, 0);
insert into ontology_relationships values (24308, "is_a", "AEO:0000097");
insert into ontology_relationships values (24308, "is_a", "AEO:0000098");
insert into ontology_relationships values (24308, "is_a", "CARO:0000024");
insert into ontology_definitions values (24308, 5, "EHDAA2:0000997", NULL, 1);
insert into ontology_terms values (50592, 24309, "liver and biliary system", 0, 0, 0, 0);
insert into ontology_relationships values (24309, "is_a", "CARO:0000011");
insert into ontology_definitions values (24309, 5, "EHDAA2:0000998", NULL, 1);
insert into ontology_terms values (50593, 24310, "early liver hepatic sinusoids", 0, 0, 0, 0);
insert into ontology_relationships values (24310, "is_a", "AEO:0000221");
insert into ontology_definitions values (24310, 5, "EHDAA2:0000999", NULL, 1);
insert into ontology_terms values (50594, 24311, "liver left lobe", 0, 0, 0, 0);
insert into ontology_relationships values (24311, "is_a", "CARO:0000055");
insert into ontology_definitions values (24311, 5, "EHDAA2:0001000", NULL, 1);
insert into ontology_terms values (50595, 24312, "liver left lobe hepatic sinusoids", 0, 0, 0, 0);
insert into ontology_relationships values (24312, "is_a", "AEO:0000221");
insert into ontology_definitions values (24312, 5, "EHDAA2:0001001", NULL, 1);
insert into ontology_terms values (50596, 24313, "liver left lobe parenchyma", 0, 0, 0, 0);
insert into ontology_relationships values (24313, "is_a", "CARO:0000043");
insert into ontology_definitions values (24313, 5, "EHDAA2:0001002", NULL, 1);
insert into ontology_terms values (50597, 24314, "liver left lobe primitive bare area", 0, 0, 0, 0);
insert into ontology_relationships values (24314, "is_a", "CARO:0000010");
insert into ontology_definitions values (24314, 5, "EHDAA2:0001003", NULL, 1);
insert into ontology_terms values (50598, 24315, "early liver parenchyma", 0, 0, 0, 0);
insert into ontology_relationships values (24315, "is_a", "CARO:0000043");
insert into ontology_definitions values (24315, 5, "EHDAA2:0001004", NULL, 1);
insert into ontology_terms values (50599, 24316, "liver right caudate lobe", 0, 0, 0, 0);
insert into ontology_relationships values (24316, "is_a", "CARO:0000055");
insert into ontology_definitions values (24316, 5, "EHDAA2:0001005", NULL, 1);
insert into ontology_terms values (50600, 24317, "liver right caudate lobe hepatic sinusoids", 0, 0, 0, 0);
insert into ontology_relationships values (24317, "is_a", "AEO:0000221");
insert into ontology_definitions values (24317, 5, "EHDAA2:0001006", NULL, 1);
insert into ontology_terms values (50601, 24318, "liver right caudate lobe parenchyma", 0, 0, 0, 0);
insert into ontology_relationships values (24318, "is_a", "CARO:0000043");
insert into ontology_definitions values (24318, 5, "EHDAA2:0001007", NULL, 1);
insert into ontology_terms values (50602, 24319, "liver right lobe", 0, 0, 0, 0);
insert into ontology_relationships values (24319, "is_a", "CARO:0000055");
insert into ontology_definitions values (24319, 5, "EHDAA2:0001008", NULL, 1);
insert into ontology_terms values (50603, 24320, "liver right lobe hepatic sinusoids", 0, 0, 0, 0);
insert into ontology_relationships values (24320, "is_a", "AEO:0000221");
insert into ontology_definitions values (24320, 5, "EHDAA2:0001009", NULL, 1);
insert into ontology_terms values (50604, 24321, "liver right lobe parenchyma", 0, 0, 0, 0);
insert into ontology_relationships values (24321, "is_a", "CARO:0000043");
insert into ontology_definitions values (24321, 5, "EHDAA2:0001010", NULL, 1);
insert into ontology_terms values (50605, 24322, "liver right lobe primitive bare area", 0, 0, 0, 0);
insert into ontology_relationships values (24322, "is_a", "CARO:0000010");
insert into ontology_definitions values (24322, 5, "EHDAA2:0001011", NULL, 1);
insert into ontology_terms values (50606, 24323, "liver right quadrate lobe", 0, 0, 0, 0);
insert into ontology_relationships values (24323, "is_a", "CARO:0000055");
insert into ontology_definitions values (24323, 5, "EHDAA2:0001012", NULL, 1);
insert into ontology_terms values (50607, 24324, "liver right quadrate lobe hepatic sinusoids", 0, 0, 0, 0);
insert into ontology_relationships values (24324, "is_a", "AEO:0000221");
insert into ontology_definitions values (24324, 5, "EHDAA2:0001013", NULL, 1);
insert into ontology_terms values (50608, 24325, "liver right quadrate lobe parenchyma", 0, 0, 0, 0);
insert into ontology_relationships values (24325, "is_a", "CARO:0000043");
insert into ontology_definitions values (24325, 5, "EHDAA2:0001014", NULL, 1);
insert into ontology_terms values (50609, 24326, "lower eyelid", 0, 0, 0, 0);
insert into ontology_relationships values (24326, "is_a", "CARO:0000055");
insert into ontology_definitions values (24326, 5, "EHDAA2:0001015", NULL, 1);
insert into ontology_terms values (50610, 24327, "lower eyelid epithelium", 0, 0, 0, 0);
insert into ontology_relationships values (24327, "is_a", "CARO:0000073");
insert into ontology_definitions values (24327, 5, "EHDAA2:0001016", NULL, 1);
insert into ontology_terms values (50611, 24328, "lower eyelid mesenchyme", 0, 0, 0, 0);
insert into ontology_relationships values (24328, "is_a", "AEO:0000145");
insert into ontology_definitions values (24328, 5, "EHDAA2:0001017", NULL, 1);
insert into ontology_terms values (50612, 24329, "lower jaw region", 0, 0, 0, 0);
insert into ontology_relationships values (24329, "is_a", "CARO:0000041");
insert into ontology_definitions values (24329, 5, "EHDAA2:0001018", NULL, 1);
insert into ontology_terms values (50613, 24330, "lower jaw epithelium", 0, 0, 0, 0);
insert into ontology_relationships values (24330, "is_a", "CARO:0000073");
insert into ontology_definitions values (24330, 5, "EHDAA2:0001019", NULL, 1);
insert into ontology_terms values (50614, 24331, "lower jaw future lip", 0, 0, 0, 0);
insert into ontology_relationships values (24331, "is_a", "CARO:0000073");
insert into ontology_definitions values (24331, 5, "EHDAA2:0001020", NULL, 1);
insert into ontology_terms values (50615, 24332, "lower jaw incisor", 0, 0, 0, 0);
insert into ontology_relationships values (24332, "is_a", "AEO:0000220");
insert into ontology_definitions values (24332, 5, "EHDAA2:0001021", NULL, 1);
insert into ontology_terms values (50616, 24333, "lower jaw incisor epithelium", 0, 0, 0, 0);
insert into ontology_relationships values (24333, "is_a", "CARO:0000073");
insert into ontology_definitions values (24333, 5, "EHDAA2:0001022", NULL, 1);
insert into ontology_terms values (50617, 24334, "lower jaw incisor dental papilla", 0, 0, 0, 0);
insert into ontology_relationships values (24334, "is_a", "AEO:0000148");
insert into ontology_definitions values (24334, 5, "EHDAA2:0001023", NULL, 1);
insert into ontology_terms values (50618, 24335, "lower jaw mesenchyme", 0, 0, 0, 0);
insert into ontology_relationships values (24335, "is_a", "CARO:0000055");
insert into ontology_definitions values (24335, 5, "EHDAA2:0001024", NULL, 1);
insert into ontology_terms values (50619, 24336, "lower jaw molar", 0, 0, 0, 0);
insert into ontology_relationships values (24336, "is_a", "AEO:0000220");
insert into ontology_definitions values (24336, 5, "EHDAA2:0001025", NULL, 1);
insert into ontology_terms values (50620, 24337, "lower jaw molar epithelium", 0, 0, 0, 0);
insert into ontology_relationships values (24337, "is_a", "CARO:0000073");
insert into ontology_definitions values (24337, 5, "EHDAA2:0001026", NULL, 1);
insert into ontology_terms values (50621, 24338, "lower jaw molar dental papilla", 0, 0, 0, 0);
insert into ontology_relationships values (24338, "is_a", "AEO:0000148");
insert into ontology_definitions values (24338, 5, "EHDAA2:0001027", NULL, 1);
insert into ontology_terms values (50622, 24339, "lower jaw teeth", 0, 0, 0, 0);
insert into ontology_relationships values (24339, "is_a", "CARO:0000041");
insert into ontology_definitions values (24339, 5, "EHDAA2:0001029", NULL, 1);
insert into ontology_terms values (50623, 24340, "lower leg", 0, 0, 0, 0);
insert into ontology_relationships values (24340, "is_a", "CARO:0000041");
insert into ontology_definitions values (24340, 5, "EHDAA2:0001030", NULL, 1);
insert into ontology_terms values (50624, 24341, "lower leg epithelium", 0, 0, 0, 0);
insert into ontology_relationships values (24341, "is_a", "CARO:0000073");
insert into ontology_definitions values (24341, 5, "EHDAA2:0001031", NULL, 1);
insert into ontology_terms values (50625, 24342, "lower leg mesenchyme", 0, 0, 0, 0);
insert into ontology_relationships values (24342, "is_a", "CARO:0000055");
insert into ontology_definitions values (24342, 5, "EHDAA2:0001032", NULL, 1);
insert into ontology_terms values (50626, 24343, "lower limb", 0, 0, 0, 0);
insert into ontology_relationships values (24343, "is_a", "AEO:0000172");
insert into ontology_definitions values (24343, 5, "EHDAA2:0001033", NULL, 1);
insert into ontology_terms values (50627, 24344, "lower limb bud ectoderm", 0, 0, 0, 0);
insert into ontology_relationships values (24344, "is_a", "CARO:0000073");
insert into ontology_definitions values (24344, 5, "EHDAA2:0001034", NULL, 1);
insert into ontology_terms values (50628, 24345, "lower limb bud mesenchyme", 0, 0, 0, 0);
insert into ontology_relationships values (24345, "is_a", "CARO:0000055");
insert into ontology_definitions values (24345, 5, "EHDAA2:0001035", NULL, 1);
insert into ontology_terms values (50629, 24346, "lower respiratory tract", 0, 0, 0, 0);
insert into ontology_relationships values (24346, "is_a", "CARO:0000055");
insert into ontology_definitions values (24346, 5, "EHDAA2:0001036", NULL, 1);
insert into ontology_terms values (50630, 24347, "lumbar skeleton", 0, 0, 0, 0);
insert into ontology_relationships values (24347, "is_a", "CARO:0000041");
insert into ontology_definitions values (24347, 5, "EHDAA2:0001037", NULL, 1);
insert into ontology_terms values (50631, 24348, "lumbar vertebral cartilage condensation group", 0, 0, 0, 0);
insert into ontology_relationships values (24348, "is_a", "AEO:0000147");
insert into ontology_relationships values (24348, "is_a", "AEO:0000210");
insert into ontology_definitions values (24348, 5, "EHDAA2:0001038", NULL, 1);
insert into ontology_terms values (50632, 24349, "lumbar vertebral pre-cartilage condensation group", 0, 0, 0, 0);
insert into ontology_relationships values (24349, "is_a", "AEO:0000150");
insert into ontology_relationships values (24349, "is_a", "AEO:0000210");
insert into ontology_definitions values (24349, 5, "EHDAA2:0001039", NULL, 1);
insert into ontology_terms values (50633, 24350, "lumbosacral plexus", 0, 0, 0, 0);
insert into ontology_relationships values (24350, "is_a", "AEO:0000138");
insert into ontology_definitions values (24350, 5, "EHDAA2:0001040", NULL, 1);
insert into ontology_terms values (50634, 24351, "lung system", 0, 0, 0, 0);
insert into ontology_relationships values (24351, "is_a", "CARO:0000011");
insert into ontology_definitions values (24351, 5, "EHDAA2:0001042", NULL, 1);
insert into ontology_terms values (50635, 24352, "lymphoid system", 0, 0, 0, 0);
insert into ontology_relationships values (24352, "is_a", "CARO:0000011");
insert into ontology_definitions values (24352, 5, "EHDAA2:0001043", NULL, 1);
insert into ontology_terms values (50636, 24353, "main bronchus", 0, 0, 0, 0);
insert into ontology_relationships values (24353, "is_a", "CARO:0000055");
insert into ontology_definitions values (24353, 5, "EHDAA2:0001044", NULL, 1);
insert into ontology_terms values (50637, 24354, "main bronchus associated mesenchyme", 0, 0, 0, 0);
insert into ontology_relationships values (24354, "is_a", "AEO:0000146");
insert into ontology_definitions values (24354, 5, "EHDAA2:0001045", NULL, 1);
insert into ontology_terms values (50638, 24355, "main bronchus epithelium", 0, 0, 0, 0);
insert into ontology_relationships values (24355, "is_a", "AEO:0000114");
insert into ontology_definitions values (24355, 5, "EHDAA2:0001047", NULL, 1);
insert into ontology_terms values (50639, 24356, "male genital swelling", 0, 0, 0, 0);
insert into ontology_relationships values (24356, "is_a", "AEO:0000175");
insert into ontology_definitions values (24356, 5, "EHDAA2:0001049", NULL, 1);
insert into ontology_terms values (50640, 24357, "male nephric duct", 0, 0, 0, 0);
insert into ontology_relationships values (24357, "is_a", "AEO:0000114");
insert into ontology_relationships values (24357, "is_a", "AEO:0000175");
insert into ontology_definitions values (24357, 5, "EHDAA2:0001050", NULL, 1);
insert into ontology_terms values (50641, 24358, "male nephric duct lumen", 0, 0, 0, 0);
insert into ontology_relationships values (24358, "is_a", "AEO:0000078");
insert into ontology_definitions values (24358, 5, "EHDAA2:0001051", NULL, 1);
insert into ontology_terms values (50642, 24359, "male paramesonephric duct", 0, 0, 0, 0);
insert into ontology_relationships values (24359, "is_a", "AEO:0000114");
insert into ontology_relationships values (24359, "is_a", "AEO:0000175");
insert into ontology_definitions values (24359, 5, "EHDAA2:0001052", NULL, 1);
insert into ontology_terms values (50643, 24360, "male primordial germ cells", 0, 0, 0, 0);
insert into ontology_relationships values (24360, "is_a", "AEO:0000175");
insert into ontology_relationships values (24360, "is_a", "AEO:0001020");
insert into ontology_definitions values (24360, 5, "EHDAA2:0001053", NULL, 1);
insert into ontology_terms values (50644, 24361, "male reproductive system", 0, 0, 0, 0);
insert into ontology_relationships values (24361, "is_a", "AEO:0000175");
insert into ontology_relationships values (24361, "is_a", "CARO:0000011");
insert into ontology_definitions values (24361, 5, "EHDAA2:0001054", NULL, 1);
insert into ontology_terms values (50645, 24362, "malleus pre-cartilage condensation", 0, 0, 0, 0);
insert into ontology_relationships values (24362, "is_a", "AEO:0000150");
insert into ontology_definitions values (24362, 5, "EHDAA2:0001055", NULL, 1);
insert into ontology_terms values (50646, 24363, "mammary gland", 0, 0, 0, 0);
insert into ontology_relationships values (24363, "is_a", "AEO:0000097");
insert into ontology_definitions values (24363, 5, "EHDAA2:0001056", NULL, 1);
insert into ontology_terms values (50647, 24364, "mammary gland epithelium", 0, 0, 0, 0);
insert into ontology_relationships values (24364, "is_a", "AEO:0000117");
insert into ontology_definitions values (24364, 5, "EHDAA2:0001057", NULL, 1);
insert into ontology_terms values (50648, 24365, "mammary gland mesenchyme", 0, 0, 0, 0);
insert into ontology_relationships values (24365, "is_a", "AEO:0000146");
insert into ontology_definitions values (24365, 5, "EHDAA2:0001058", NULL, 1);
insert into ontology_terms values (50649, 24366, "mandible", 0, 0, 0, 0);
insert into ontology_relationships values (24366, "is_a", "AEO:0000085");
insert into ontology_definitions values (24366, 5, "EHDAA2:0001059", NULL, 1);
insert into ontology_terms values (50650, 24367, "mandibular artery", 0, 0, 0, 0);
insert into ontology_relationships values (24367, "is_a", "AEO:0000208");
insert into ontology_definitions values (24367, 5, "EHDAA2:0001060", NULL, 1);
insert into ontology_terms values (50651, 24368, "mandibular process", 0, 0, 0, 0);
insert into ontology_relationships values (24368, "is_a", "CARO:0000055");
insert into ontology_definitions values (24368, 5, "EHDAA2:0001061", NULL, 1);
insert into ontology_terms values (50652, 24369, "mandibular process mesenchyme", 0, 0, 0, 0);
insert into ontology_relationships values (24369, "is_a", "AEO:0000145");
insert into ontology_definitions values (24369, 5, "EHDAA2:0001062", NULL, 1);
insert into ontology_terms values (50653, 24370, "manubrium sterni pre-cartilage condensation", 0, 0, 0, 0);
insert into ontology_relationships values (24370, "is_a", "AEO:0000150");
insert into ontology_definitions values (24370, 5, "EHDAA2:0001063", NULL, 1);
insert into ontology_terms values (50654, 24371, "marginal sinus", 0, 0, 0, 0);
insert into ontology_relationships values (24371, "is_a", "AEO:0000209");
insert into ontology_definitions values (24371, 5, "EHDAA2:0001064", NULL, 1);
insert into ontology_terms values (50655, 24372, "masseter", 0, 0, 0, 0);
insert into ontology_relationships values (24372, "is_a", "AEO:0000140");
insert into ontology_definitions values (24372, 5, "EHDAA2:0001067", NULL, 1);
insert into ontology_terms values (50656, 24373, "maxilla", 0, 0, 0, 0);
insert into ontology_relationships values (24373, "is_a", "AEO:0000085");
insert into ontology_definitions values (24373, 5, "EHDAA2:0001068", NULL, 1);
insert into ontology_terms values (50657, 24374, "maxillary artery", 0, 0, 0, 0);
insert into ontology_relationships values (24374, "is_a", "AEO:0000208");
insert into ontology_definitions values (24374, 5, "EHDAA2:0001069", NULL, 1);
insert into ontology_terms values (50658, 24375, "maxillary process", 0, 0, 0, 0);
insert into ontology_relationships values (24375, "is_a", "CARO:0000055");
insert into ontology_definitions values (24375, 5, "EHDAA2:0001070", NULL, 1);
insert into ontology_terms values (50659, 24376, "maxillary process mesenchyme", 0, 0, 0, 0);
insert into ontology_relationships values (24376, "is_a", "AEO:0000145");
insert into ontology_definitions values (24376, 5, "EHDAA2:0001071", NULL, 1);
insert into ontology_terms values (50660, 24377, "Meckel's cartilage", 0, 0, 0, 0);
insert into ontology_relationships values (24377, "is_a", "AEO:0000180");
insert into ontology_definitions values (24377, 5, "EHDAA2:0001072", NULL, 1);
insert into ontology_terms values (50661, 24378, "Meckel's cartilage pre-cartilage condensation", 0, 0, 0, 0);
insert into ontology_relationships values (24378, "is_a", "AEO:0000150");
insert into ontology_definitions values (24378, 5, "EHDAA2:0001074", NULL, 1);
insert into ontology_terms values (50662, 24379, "medial migration pathway NC-derived mesenchyme", 0, 0, 0, 0);
insert into ontology_relationships values (24379, "is_a", "AEO:0000132");
insert into ontology_relationships values (24379, "is_a", "AEO:0000152");
insert into ontology_definitions values (24379, 5, "EHDAA2:0001075", NULL, 1);
insert into ontology_terms values (50663, 24380, "medial nasal process", 0, 0, 0, 0);
insert into ontology_relationships values (24380, "is_a", "CARO:0000055");
insert into ontology_definitions values (24380, 5, "EHDAA2:0001076", NULL, 1);
insert into ontology_terms values (50664, 24381, "medial nasal process mesenchyme", 0, 0, 0, 0);
insert into ontology_relationships values (24381, "is_a", "AEO:0000145");
insert into ontology_definitions values (24381, 5, "EHDAA2:0001077", NULL, 1);
insert into ontology_terms values (50665, 24382, "medial nasal process ectoderm", 0, 0, 0, 0);
insert into ontology_relationships values (24382, "is_a", "CARO:0000073");
insert into ontology_definitions values (24382, 5, "EHDAA2:0001078", NULL, 1);
insert into ontology_terms values (50666, 24383, "median eminence", 0, 0, 0, 0);
insert into ontology_relationships values (24383, "is_a", "CARO:0000073");
insert into ontology_definitions values (24383, 5, "EHDAA2:0001080", NULL, 1);
insert into ontology_terms values (50667, 24384, "median lingual swelling", 0, 0, 0, 0);
insert into ontology_relationships values (24384, "is_a", "CARO:0000055");
insert into ontology_definitions values (24384, 5, "EHDAA2:0001081", NULL, 1);
insert into ontology_terms values (50668, 24385, "median lingual swelling associated mesenchyme", 0, 0, 0, 0);
insert into ontology_relationships values (24385, "is_a", "AEO:0000146");
insert into ontology_definitions values (24385, 5, "EHDAA2:0001083", NULL, 1);
insert into ontology_terms values (50669, 24386, "median lingual swelling epithelium", 0, 0, 0, 0);
insert into ontology_relationships values (24386, "is_a", "CARO:0000073");
insert into ontology_definitions values (24386, 5, "EHDAA2:0001085", NULL, 1);
insert into ontology_terms values (50670, 24387, "median nerve", 0, 0, 0, 0);
insert into ontology_relationships values (24387, "is_a", "AEO:0000137");
insert into ontology_definitions values (24387, 5, "EHDAA2:0001086", NULL, 1);
insert into ontology_terms values (50671, 24388, "median sacral artery", 0, 0, 0, 0);
insert into ontology_relationships values (24388, "is_a", "AEO:0000208");
insert into ontology_definitions values (24388, 5, "EHDAA2:0001087", NULL, 1);
insert into ontology_terms values (50672, 24389, "medulla oblongata", 0, 0, 0, 0);
insert into ontology_relationships values (24389, "is_a", "CARO:0000024");
insert into ontology_definitions values (24389, 5, "EHDAA2:0001088", NULL, 1);
insert into ontology_terms values (50673, 24390, "medulla oblongata alar plate", 0, 0, 0, 0);
insert into ontology_relationships values (24390, "is_a", "AEO:0001012");
insert into ontology_definitions values (24390, 5, "EHDAA2:0001090", NULL, 1);
insert into ontology_terms values (50674, 24391, "medulla oblongata marginal layer", 0, 0, 0, 0);
insert into ontology_relationships values (24391, "is_a", "AEO:0001011");
insert into ontology_definitions values (24391, 5, "EHDAA2:0001091", NULL, 1);
insert into ontology_terms values (50675, 24392, "medulla oblongata mantle layer", 0, 0, 0, 0);
insert into ontology_relationships values (24392, "is_a", "AEO:0001010");
insert into ontology_relationships values (24392, "is_a", "CARO:0000055");
insert into ontology_definitions values (24392, 5, "EHDAA2:0001093", NULL, 1);
insert into ontology_terms values (50676, 24393, "medulla oblongata basal plate", 0, 0, 0, 0);
insert into ontology_relationships values (24393, "is_a", "AEO:0001012");
insert into ontology_definitions values (24393, 5, "EHDAA2:0001094", NULL, 1);
insert into ontology_terms values (50677, 24394, "medulla oblongata ventricular layer", 0, 0, 0, 0);
insert into ontology_relationships values (24394, "is_a", "AEO:0001009");
insert into ontology_definitions values (24394, 5, "EHDAA2:0001096", NULL, 1);
insert into ontology_terms values (50678, 24395, "medulla oblongata floor plate", 0, 0, 0, 0);
insert into ontology_relationships values (24395, "is_a", "CARO:0000068");
insert into ontology_definitions values (24395, 5, "EHDAA2:0001097", NULL, 1);
insert into ontology_terms values (50679, 24396, "medulla oblongata lateral wall", 0, 0, 0, 0);
insert into ontology_relationships values (24396, "is_a", "AEO:0001008");
insert into ontology_relationships values (24396, "is_a", "CARO:0000055");
insert into ontology_definitions values (24396, 5, "EHDAA2:0001098", NULL, 1);
insert into ontology_terms values (50680, 24397, "medulla oblongata roof plate", 0, 0, 0, 0);
insert into ontology_relationships values (24397, "is_a", "CARO:0000073");
insert into ontology_definitions values (24397, 5, "EHDAA2:0001099", NULL, 1);
insert into ontology_terms values (50681, 24398, "medulla oblongata sulcus limitans", 0, 0, 0, 0);
insert into ontology_relationships values (24398, "is_a", "AEO:0000161");
insert into ontology_definitions values (24398, 5, "EHDAA2:0001100", NULL, 1);
insert into ontology_terms values (50682, 24399, "mesencephalic neural crest", 0, 0, 0, 0);
insert into ontology_relationships values (24399, "is_a", "AEO:0000132");
insert into ontology_relationships values (24399, "is_a", "AEO:0000152");
insert into ontology_definitions values (24399, 5, "EHDAA2:0001101", NULL, 1);
insert into ontology_terms values (50683, 24400, "mesencephalic vesicle", 0, 0, 0, 0);
insert into ontology_relationships values (24400, "is_a", "AEO:0000221");
insert into ontology_definitions values (24400, 5, "EHDAA2:0001102", NULL, 1);
insert into ontology_terms values (50684, 24401, "midbrain vesicle", 0, 0, 0, 0);
insert into ontology_relationships values (24401, "is_a", "AEO:0000221");
insert into ontology_definitions values (24401, 5, "EHDAA2:0001103", NULL, 1);
insert into ontology_terms values (50685, 24402, "mesenchyme", 0, 0, 0, 0);
insert into ontology_relationships values (24402, "is_a", "CARO:0000054");
insert into ontology_definitions values (24402, 5, "EHDAA2:0001113", NULL, 1);
insert into ontology_terms values (50686, 24403, "head mesenchyme from mesoderm and endoderm", 0, 0, 0, 0);
insert into ontology_relationships values (24403, "is_a", "AEO:0000146");
insert into ontology_definitions values (24403, 5, "EHDAA2:0001118", NULL, 1);
insert into ontology_terms values (50687, 24404, "mesenchyme from somatopleure", 0, 0, 0, 0);
insert into ontology_relationships values (24404, "is_a", "AEO:0000146");
insert into ontology_definitions values (24404, 5, "EHDAA2:0001120", NULL, 1);
insert into ontology_terms values (50688, 24405, "mesenchyme from splanchnopleure", 0, 0, 0, 0);
insert into ontology_relationships values (24405, "is_a", "AEO:0000146");
insert into ontology_definitions values (24405, 5, "EHDAA2:0001122", NULL, 1);
insert into ontology_terms values (50689, 24406, "mesenteric artery", 0, 0, 0, 0);
insert into ontology_relationships values (24406, "is_a", "AEO:0000208");
insert into ontology_definitions values (24406, 5, "EHDAA2:0001123", NULL, 1);
insert into ontology_terms values (50690, 24407, "mesenteric sac", 0, 0, 0, 0);
insert into ontology_relationships values (24407, "is_a", "AEO:0000115");
insert into ontology_definitions values (24407, 5, "EHDAA2:0001124", NULL, 1);
insert into ontology_terms values (50691, 24408, "mesoderm", 0, 0, 0, 0);
insert into ontology_relationships values (24408, "is_a", "AEO:0000132");
insert into ontology_definitions values (24408, 5, "EHDAA2:0001128", NULL, 1);
insert into ontology_terms values (50692, 24409, "mesonephric artery", 0, 0, 0, 0);
insert into ontology_relationships values (24409, "is_a", "AEO:0000208");
insert into ontology_definitions values (24409, 5, "EHDAA2:0001129", NULL, 1);
insert into ontology_terms values (50693, 24410, "mesonephros", 0, 0, 0, 0);
insert into ontology_relationships values (24410, "is_a", "CARO:0000024");
insert into ontology_definitions values (24410, 5, "EHDAA2:0001130", NULL, 1);
insert into ontology_terms values (50694, 24411, "mesonephros mesenchyme", 0, 0, 0, 0);
insert into ontology_relationships values (24411, "is_a", "AEO:0000146");
insert into ontology_definitions values (24411, 5, "EHDAA2:0001132", NULL, 1);
insert into ontology_terms values (50695, 24412, "mesonephros tubule", 0, 0, 0, 0);
insert into ontology_relationships values (24412, "is_a", "AEO:0000114");
insert into ontology_definitions values (24412, 5, "EHDAA2:0001134", NULL, 1);
insert into ontology_terms values (50696, 24413, "metanephros", 0, 0, 0, 0);
insert into ontology_relationships values (24413, "is_a", "CARO:0000024");
insert into ontology_definitions values (24413, 5, "EHDAA2:0001137", NULL, 1);
insert into ontology_terms values (50697, 24414, "metanephros cortex mesenchyme", 0, 0, 0, 0);
insert into ontology_relationships values (24414, "is_a", "CARO:0000055");
insert into ontology_definitions values (24414, 5, "EHDAA2:0001140", NULL, 1);
insert into ontology_terms values (50698, 24415, "metanephros drainage component", 0, 0, 0, 0);
insert into ontology_relationships values (24415, "is_a", "AEO:0000117");
insert into ontology_definitions values (24415, 5, "EHDAA2:0001141", NULL, 1);
insert into ontology_terms values (50699, 24416, "metanephros excretory component", 0, 0, 0, 0);
insert into ontology_relationships values (24416, "is_a", "CARO:0000055");
insert into ontology_definitions values (24416, 5, "EHDAA2:0001142", NULL, 1);
insert into ontology_terms values (50700, 24417, "metanephros induced blastemal cells", 0, 0, 0, 0);
insert into ontology_relationships values (24417, "is_a", "AEO:0000131");
insert into ontology_relationships values (24417, "is_a", "AEO:0001021");
insert into ontology_definitions values (24417, 5, "EHDAA2:0001143", NULL, 1);
insert into ontology_terms values (50701, 24418, "metanephros medullary stroma", 0, 0, 0, 0);
insert into ontology_relationships values (24418, "is_a", "AEO:0000145");
insert into ontology_relationships values (24418, "is_a", "CARO:0000055");
insert into ontology_definitions values (24418, 5, "EHDAA2:0001145", NULL, 1);
insert into ontology_terms values (50702, 24419, "metanephros medullary tubules", 0, 0, 0, 0);
insert into ontology_relationships values (24419, "is_a", "AEO:0000114");
insert into ontology_definitions values (24419, 5, "EHDAA2:0001146", NULL, 1);
insert into ontology_terms values (50703, 24420, "metanephros primitive collecting ducts", 0, 0, 0, 0);
insert into ontology_relationships values (24420, "is_a", "AEO:0000117");
insert into ontology_definitions values (24420, 5, "EHDAA2:0001147", NULL, 1);
insert into ontology_terms values (50704, 24421, "metencephalon", 0, 0, 0, 0);
insert into ontology_relationships values (24421, "is_a", "CARO:0000024");
insert into ontology_definitions values (24421, 5, "EHDAA2:0001149", NULL, 1);
insert into ontology_terms values (50705, 24422, "pons alar plate", 0, 0, 0, 0);
insert into ontology_relationships values (24422, "is_a", "AEO:0001012");
insert into ontology_definitions values (24422, 5, "EHDAA2:0001150", NULL, 1);
insert into ontology_terms values (50706, 24423, "cerebellum mantle layer", 0, 0, 0, 0);
insert into ontology_relationships values (24423, "is_a", "AEO:0001010");
insert into ontology_definitions values (24423, 5, "EHDAA2:0001151", NULL, 1);
insert into ontology_terms values (50707, 24424, "cerebellum marginal layer", 0, 0, 0, 0);
insert into ontology_relationships values (24424, "is_a", "AEO:0001011");
insert into ontology_definitions values (24424, 5, "EHDAA2:0001152", NULL, 1);
insert into ontology_terms values (50708, 24425, "cerebellum ventricular layer", 0, 0, 0, 0);
insert into ontology_relationships values (24425, "is_a", "AEO:0001009");
insert into ontology_definitions values (24425, 5, "EHDAA2:0001153", NULL, 1);
insert into ontology_terms values (50709, 24426, "pons mantle layer", 0, 0, 0, 0);
insert into ontology_relationships values (24426, "is_a", "AEO:0001010");
insert into ontology_relationships values (24426, "is_a", "CARO:0000055");
insert into ontology_definitions values (24426, 5, "EHDAA2:0001154", NULL, 1);
insert into ontology_terms values (50710, 24427, "pons basal plate", 0, 0, 0, 0);
insert into ontology_relationships values (24427, "is_a", "AEO:0001012");
insert into ontology_definitions values (24427, 5, "EHDAA2:0001155", NULL, 1);
insert into ontology_terms values (50711, 24428, "pons marginal layer", 0, 0, 0, 0);
insert into ontology_relationships values (24428, "is_a", "AEO:0001011");
insert into ontology_definitions values (24428, 5, "EHDAA2:0001156", NULL, 1);
insert into ontology_terms values (50712, 24429, "pons ventricular layer", 0, 0, 0, 0);
insert into ontology_relationships values (24429, "is_a", "AEO:0001009");
insert into ontology_definitions values (24429, 5, "EHDAA2:0001157", NULL, 1);
insert into ontology_terms values (50713, 24430, "pons floor plate", 0, 0, 0, 0);
insert into ontology_relationships values (24430, "is_a", "CARO:0000068");
insert into ontology_definitions values (24430, 5, "EHDAA2:0001158", NULL, 1);
insert into ontology_terms values (50714, 24431, "pons lateral wall", 0, 0, 0, 0);
insert into ontology_relationships values (24431, "is_a", "AEO:0001008");
insert into ontology_relationships values (24431, "is_a", "CARO:0000055");
insert into ontology_definitions values (24431, 5, "EHDAA2:0001159", NULL, 1);
insert into ontology_terms values (50715, 24432, "pons roof plate", 0, 0, 0, 0);
insert into ontology_relationships values (24432, "is_a", "CARO:0000073");
insert into ontology_definitions values (24432, 5, "EHDAA2:0001160", NULL, 1);
insert into ontology_terms values (50716, 24433, "pons sulcus limitans", 0, 0, 0, 0);
insert into ontology_relationships values (24433, "is_a", "AEO:0000161");
insert into ontology_definitions values (24433, 5, "EHDAA2:0001161416", NULL, 1);
insert into ontology_terms values (50717, 24434, "midbrain", 0, 0, 0, 0);
insert into ontology_relationships values (24434, "is_a", "CARO:0000024");
insert into ontology_definitions values (24434, 5, "EHDAA2:0001162", NULL, 1);
insert into ontology_terms values (50718, 24435, "midbrain cerebral aqueduct", 0, 0, 0, 0);
insert into ontology_relationships values (24435, "is_a", "AEO:0000221");
insert into ontology_definitions values (24435, 5, "EHDAA2:0001163", NULL, 1);
insert into ontology_terms values (50719, 24436, "midbrain floor plate", 0, 0, 0, 0);
insert into ontology_relationships values (24436, "is_a", "CARO:0000068");
insert into ontology_definitions values (24436, 5, "EHDAA2:0001164", NULL, 1);
insert into ontology_terms values (50720, 24437, "midbrain future arachnoid layer", 0, 0, 0, 0);
insert into ontology_relationships values (24437, "is_a", "AEO:0000146");
insert into ontology_definitions values (24437, 5, "EHDAA2:0001165", NULL, 1);
insert into ontology_terms values (50721, 24438, "midbrain primary meninx future arachnoid layer", 0, 0, 0, 0);
insert into ontology_relationships values (24438, "is_a", "AEO:0000146");
insert into ontology_definitions values (24438, 5, "EHDAA2:0001166", NULL, 1);
insert into ontology_terms values (50722, 24439, "midbrain future dura mater", 0, 0, 0, 0);
insert into ontology_relationships values (24439, "is_a", "AEO:0000146");
insert into ontology_definitions values (24439, 5, "EHDAA2:0001167", NULL, 1);
insert into ontology_terms values (50723, 24440, "midbrain primary meninx future dura mater", 0, 0, 0, 0);
insert into ontology_relationships values (24440, "is_a", "AEO:0000146");
insert into ontology_definitions values (24440, 5, "EHDAA2:0001168", NULL, 1);
insert into ontology_terms values (50724, 24441, "midbrain future subarachnoid space", 0, 0, 0, 0);
insert into ontology_relationships values (24441, "is_a", "AEO:0000221");
insert into ontology_definitions values (24441, 5, "EHDAA2:0001169", NULL, 1);
insert into ontology_terms values (50725, 24442, "midbrain primary meninx future subarachnoid space", 0, 0, 0, 0);
insert into ontology_relationships values (24442, "is_a", "AEO:0000221");
insert into ontology_definitions values (24442, 5, "EHDAA2:0001170", NULL, 1);
insert into ontology_terms values (50726, 24443, "midbrain lateral wall", 0, 0, 0, 0);
insert into ontology_relationships values (24443, "is_a", "AEO:0001008");
insert into ontology_relationships values (24443, "is_a", "CARO:0000055");
insert into ontology_definitions values (24443, 5, "EHDAA2:0001171", NULL, 1);
insert into ontology_terms values (50727, 24444, "midbrain mantle layer", 0, 0, 0, 0);
insert into ontology_relationships values (24444, "is_a", "AEO:0001010");
insert into ontology_relationships values (24444, "is_a", "CARO:0000055");
insert into ontology_definitions values (24444, 5, "EHDAA2:0001172", NULL, 1);
insert into ontology_terms values (50728, 24445, "midbrain marginal layer", 0, 0, 0, 0);
insert into ontology_relationships values (24445, "is_a", "AEO:0001011");
insert into ontology_definitions values (24445, 5, "EHDAA2:0001173", NULL, 1);
insert into ontology_terms values (50729, 24446, "midbrain meninges", 0, 0, 0, 0);
insert into ontology_relationships values (24446, "is_a", "CARO:0000055");
insert into ontology_definitions values (24446, 5, "EHDAA2:0001174", NULL, 1);
insert into ontology_terms values (50730, 24447, "midbrain pia mater", 0, 0, 0, 0);
insert into ontology_relationships values (24447, "is_a", "AEO:0000146");
insert into ontology_definitions values (24447, 5, "EHDAA2:0001175", NULL, 1);
insert into ontology_terms values (50731, 24448, "midbrain primary meninx", 0, 0, 0, 0);
insert into ontology_relationships values (24448, "is_a", "AEO:0000151");
insert into ontology_definitions values (24448, 5, "EHDAA2:0001176", NULL, 1);
insert into ontology_terms values (50732, 24449, "midbrain roof plate", 0, 0, 0, 0);
insert into ontology_relationships values (24449, "is_a", "CARO:0000073");
insert into ontology_definitions values (24449, 5, "EHDAA2:0001177", NULL, 1);
insert into ontology_terms values (50733, 24450, "midbrain ventricular layer", 0, 0, 0, 0);
insert into ontology_relationships values (24450, "is_a", "AEO:0001009");
insert into ontology_definitions values (24450, 5, "EHDAA2:0001178", NULL, 1);
insert into ontology_terms values (50734, 24451, "middle cerebral artery", 0, 0, 0, 0);
insert into ontology_relationships values (24451, "is_a", "AEO:0000208");
insert into ontology_definitions values (24451, 5, "EHDAA2:0001179", NULL, 1);
insert into ontology_terms values (50735, 24452, "middle ear", 0, 0, 0, 0);
insert into ontology_relationships values (24452, "is_a", "CARO:0000055");
insert into ontology_definitions values (24452, 5, "EHDAA2:0001181", NULL, 1);
insert into ontology_terms values (50736, 24453, "middle ear associated mesenchyme", 0, 0, 0, 0);
insert into ontology_relationships values (24453, "is_a", "AEO:0000146");
insert into ontology_definitions values (24453, 5, "EHDAA2:0001182", NULL, 1);
insert into ontology_terms values (50737, 24454, "middle ear ossicles", 0, 0, 0, 0);
insert into ontology_relationships values (24454, "is_a", "CARO:0000041");
insert into ontology_definitions values (24454, 5, "EHDAA2:0001183", NULL, 1);
insert into ontology_terms values (50738, 24455, "middle sacral vein", 0, 0, 0, 0);
insert into ontology_relationships values (24455, "is_a", "AEO:0000209");
insert into ontology_definitions values (24455, 5, "EHDAA2:0001184", NULL, 1);
insert into ontology_terms values (50739, 24456, "midgut region", 0, 0, 0, 0);
insert into ontology_relationships values (24456, "is_a", "CARO:0000055");
insert into ontology_definitions values (24456, 5, "EHDAA2:0001185", NULL, 1);
insert into ontology_terms values (50740, 24457, "early midgut associated mesenchyme", 0, 0, 0, 0);
insert into ontology_relationships values (24457, "is_a", "AEO:0000146");
insert into ontology_definitions values (24457, 5, "EHDAA2:0001186", NULL, 1);
insert into ontology_terms values (50741, 24458, "midgut duodenum", 0, 0, 0, 0);
insert into ontology_relationships values (24458, "is_a", "CARO:0000055");
insert into ontology_definitions values (24458, 5, "EHDAA2:0001189", NULL, 1);
insert into ontology_terms values (50742, 24459, "midgut duodenum associated mesenchyme", 0, 0, 0, 0);
insert into ontology_relationships values (24459, "is_a", "AEO:0000146");
insert into ontology_definitions values (24459, 5, "EHDAA2:0001190", NULL, 1);
insert into ontology_terms values (50743, 24460, "midgut duodenum epithelium", 0, 0, 0, 0);
insert into ontology_relationships values (24460, "is_a", "AEO:0000114");
insert into ontology_relationships values (24460, "is_a", "CARO:0000073");
insert into ontology_definitions values (24460, 5, "EHDAA2:0001192", NULL, 1);
insert into ontology_terms values (50744, 24461, "midgut duodenum mesentery", 0, 0, 0, 0);
insert into ontology_relationships values (24461, "is_a", "AEO:0000151");
insert into ontology_definitions values (24461, 5, "EHDAA2:0001193", NULL, 1);
insert into ontology_terms values (50745, 24462, "early midgut epithelium", 0, 0, 0, 0);
insert into ontology_relationships values (24462, "is_a", "CARO:0000073");
insert into ontology_definitions values (24462, 5, "EHDAA2:0001195", NULL, 1);
insert into ontology_terms values (50746, 24463, "midgut dorsal mesentery", 0, 0, 0, 0);
insert into ontology_relationships values (24463, "is_a", "AEO:0000151");
insert into ontology_relationships values (24463, "is_a", "AEO:0000210");
insert into ontology_definitions values (24463, 5, "EHDAA2:0001202", NULL, 1);
insert into ontology_terms values (50747, 24464, "mural trophectoderm", 0, 0, 0, 0);
insert into ontology_relationships values (24464, "is_a", "CARO:0000042");
insert into ontology_relationships values (24464, "is_a", "CARO:0000073");
insert into ontology_definitions values (24464, 5, "EHDAA2:0001206", NULL, 1);
insert into ontology_terms values (50748, 24465, "myelencephalon", 0, 0, 0, 0);
insert into ontology_relationships values (24465, "is_a", "CARO:0000024");
insert into ontology_definitions values (24465, 5, "EHDAA2:0001207", NULL, 1);
insert into ontology_terms values (50749, 24466, "myelencephalon floor plate", 0, 0, 0, 0);
insert into ontology_relationships values (24466, "is_a", "CARO:0000068");
insert into ontology_definitions values (24466, 5, "EHDAA2:0001216", NULL, 1);
insert into ontology_terms values (50750, 24467, "myelencephalon roof plate", 0, 0, 0, 0);
insert into ontology_relationships values (24467, "is_a", "CARO:0000073");
insert into ontology_definitions values (24467, 5, "EHDAA2:0001218", NULL, 1);
insert into ontology_terms values (50751, 24468, "naris", 0, 0, 0, 0);
insert into ontology_relationships values (24468, "is_a", "AEO:0000080");
insert into ontology_definitions values (24468, 5, "EHDAA2:0001225", NULL, 1);
insert into ontology_terms values (50752, 24469, "open nasal cavity", 0, 0, 0, 0);
insert into ontology_relationships values (24469, "is_a", "AEO:0000078");
insert into ontology_definitions values (24469, 5, "EHDAA2:0001226", NULL, 1);
insert into ontology_terms values (50753, 24470, "nasal cavity epithelium", 0, 0, 0, 0);
insert into ontology_relationships values (24470, "is_a", "CARO:0000073");
insert into ontology_definitions values (24470, 5, "EHDAA2:0001227", NULL, 1);
insert into ontology_terms values (50754, 24471, "nasal cavity olfactory epithelium", 0, 0, 0, 0);
insert into ontology_relationships values (24471, "is_a", "AEO:0001008");
insert into ontology_definitions values (24471, 5, "EHDAA2:0001228", NULL, 1);
insert into ontology_terms values (50755, 24472, "nasal cavity respiratory epithelium", 0, 0, 0, 0);
insert into ontology_relationships values (24472, "is_a", "CARO:0000073");
insert into ontology_definitions values (24472, 5, "EHDAA2:0001230", NULL, 1);
insert into ontology_terms values (50756, 24473, "nasal mesenchyme", 0, 0, 0, 0);
insert into ontology_relationships values (24473, "is_a", "AEO:0000145");
insert into ontology_definitions values (24473, 5, "EHDAA2:0001231", NULL, 1);
insert into ontology_terms values (50757, 24474, "nasal placode", 0, 0, 0, 0);
insert into ontology_relationships values (24474, "is_a", "AEO:0000218");
insert into ontology_definitions values (24474, 5, "EHDAA2:0001232", NULL, 1);
insert into ontology_terms values (50758, 24475, "nasal septum condensation", 0, 0, 0, 0);
insert into ontology_relationships values (24475, "is_a", "AEO:0000148");
insert into ontology_definitions values (24475, 5, "EHDAA2:0001234", NULL, 1);
insert into ontology_terms values (50759, 24476, "nasal surface ectoderm", 0, 0, 0, 0);
insert into ontology_relationships values (24476, "is_a", "CARO:0000073");
insert into ontology_definitions values (24476, 5, "EHDAA2:0001235", NULL, 1);
insert into ontology_terms values (50760, 24477, "nasolacrimal duct", 0, 0, 0, 0);
insert into ontology_relationships values (24477, "is_a", "AEO:0000114");
insert into ontology_definitions values (24477, 5, "EHDAA2:0001237", NULL, 1);
insert into ontology_terms values (50761, 24478, "nasolacrimal groove", 0, 0, 0, 0);
insert into ontology_relationships values (24478, "is_a", "CARO:0000073");
insert into ontology_definitions values (24478, 5, "EHDAA2:0001238", NULL, 1);
insert into ontology_terms values (50762, 24479, "nasopharynx", 0, 0, 0, 0);
insert into ontology_relationships values (24479, "is_a", "CARO:0000055");
insert into ontology_definitions values (24479, 5, "EHDAA2:0001239", NULL, 1);
insert into ontology_terms values (50763, 24480, "nasopharynx associated mesenchyme", 0, 0, 0, 0);
insert into ontology_relationships values (24480, "is_a", "AEO:0000146");
insert into ontology_definitions values (24480, 5, "EHDAA2:0001240", NULL, 1);
insert into ontology_terms values (50764, 24481, "nasopharynx epithelium", 0, 0, 0, 0);
insert into ontology_relationships values (24481, "is_a", "CARO:0000073");
insert into ontology_definitions values (24481, 5, "EHDAA2:0001241", NULL, 1);
insert into ontology_terms values (50765, 24482, "nephric cord", 0, 0, 0, 0);
insert into ontology_relationships values (24482, "is_a", "AEO:0000145");
insert into ontology_definitions values (24482, 5, "EHDAA2:0001242", NULL, 1);
insert into ontology_terms values (50766, 24483, "nephric duct", 0, 0, 0, 0);
insert into ontology_relationships values (24483, "is_a", "AEO:0000114");
insert into ontology_definitions values (24483, 5, "EHDAA2:0001243", NULL, 1);
insert into ontology_terms values (50767, 24484, "nephric duct lumen", 0, 0, 0, 0);
insert into ontology_relationships values (24484, "is_a", "AEO:0000078");
insert into ontology_definitions values (24484, 5, "EHDAA2:0001244", NULL, 1);
insert into ontology_terms values (50768, 24485, "nephric vesicles", 0, 0, 0, 0);
insert into ontology_relationships values (24485, "is_a", "AEO:0000119");
insert into ontology_definitions values (24485, 5, "EHDAA2:0001245", NULL, 1);
insert into ontology_terms values (50769, 24486, "nervous system", 0, 0, 0, 0);
insert into ontology_relationships values (24486, "is_a", "CARO:0000011");
insert into ontology_definitions values (24486, 5, "EHDAA2:0001246", NULL, 1);
insert into ontology_terms values (50770, 24487, "neural ectoderm", 0, 0, 0, 0);
insert into ontology_relationships values (24487, "is_a", "AEO:0000132");
insert into ontology_relationships values (24487, "is_a", "CARO:0000068");
insert into ontology_definitions values (24487, 5, "EHDAA2:0001248", NULL, 1);
insert into ontology_terms values (50771, 24488, "neural fold", 0, 0, 0, 0);
insert into ontology_relationships values (24488, "is_a", "CARO:0000073");
insert into ontology_definitions values (24488, 5, "EHDAA2:0001249", NULL, 1);
insert into ontology_terms values (50772, 24489, "cervical neural crest", 0, 0, 0, 0);
insert into ontology_relationships values (24489, "is_a", "AEO:0000132");
insert into ontology_relationships values (24489, "is_a", "AEO:0000217");
insert into ontology_definitions values (24489, 5, "EHDAA2:0001250", NULL, 1);
insert into ontology_terms values (50773, 24490, "trunk neural ectoderm", 0, 0, 0, 0);
insert into ontology_relationships values (24490, "is_a", "CARO:0000068");
insert into ontology_definitions values (24490, 5, "EHDAA2:0001251", NULL, 1);
insert into ontology_terms values (50774, 24491, "neural retinal epithelium", 0, 0, 0, 0);
insert into ontology_relationships values (24491, "is_a", "AEO:0000123");
insert into ontology_relationships values (24491, "is_a", "AEO:0001008");
insert into ontology_definitions values (24491, 5, "EHDAA2:0001253", NULL, 1);
insert into ontology_terms values (50775, 24492, "neural tube", 0, 0, 0, 0);
insert into ontology_relationships values (24492, "is_a", "AEO:0000114");
insert into ontology_definitions values (24492, 5, "EHDAA2:0001254", NULL, 1);
insert into ontology_terms values (50776, 24493, "spinal cord", 0, 0, 0, 0);
insert into ontology_relationships values (24493, "is_a", "AEO:0000114");
insert into ontology_relationships values (24493, "is_a", "CARO:0000055");
insert into ontology_definitions values (24493, 5, "EHDAA2:0001255", NULL, 1);
insert into ontology_terms values (50777, 24494, "spinal cord floor plate", 0, 0, 0, 0);
insert into ontology_relationships values (24494, "is_a", "CARO:0000068");
insert into ontology_definitions values (24494, 5, "EHDAA2:0001256", NULL, 1);
insert into ontology_terms values (50778, 24495, "spinal cord lateral wall", 0, 0, 0, 0);
insert into ontology_relationships values (24495, "is_a", "AEO:0001008");
insert into ontology_relationships values (24495, "is_a", "CARO:0000055");
insert into ontology_definitions values (24495, 5, "EHDAA2:0001257", NULL, 1);
insert into ontology_terms values (50779, 24496, "neural tube lateral wall alar column", 0, 0, 0, 0);
insert into ontology_relationships values (24496, "is_a", "AEO:0001012");
insert into ontology_definitions values (24496, 5, "EHDAA2:0001259", NULL, 1);
insert into ontology_terms values (50780, 24497, "spinal cord lateral wall basal column", 0, 0, 0, 0);
insert into ontology_relationships values (24497, "is_a", "AEO:0001012");
insert into ontology_definitions values (24497, 5, "EHDAA2:0001260", NULL, 1);
insert into ontology_terms values (50781, 24498, "spinal cord lateral wall mantle layer", 0, 0, 0, 0);
insert into ontology_relationships values (24498, "is_a", "AEO:0001010");
insert into ontology_relationships values (24498, "is_a", "CARO:0000055");
insert into ontology_definitions values (24498, 5, "EHDAA2:0001261", NULL, 1);
insert into ontology_terms values (50782, 24499, "spinal cord lateral wall marginal layer", 0, 0, 0, 0);
insert into ontology_relationships values (24499, "is_a", "AEO:0001011");
insert into ontology_definitions values (24499, 5, "EHDAA2:0001263", NULL, 1);
insert into ontology_terms values (50783, 24500, "spinal cord lateral wall sulcus limitans", 0, 0, 0, 0);
insert into ontology_relationships values (24500, "is_a", "AEO:0000161");
insert into ontology_definitions values (24500, 5, "EHDAA2:0001265", NULL, 1);
insert into ontology_terms values (50784, 24501, "spinal cord lateral wall ventricular layer", 0, 0, 0, 0);
insert into ontology_relationships values (24501, "is_a", "AEO:0001009");
insert into ontology_definitions values (24501, 5, "EHDAA2:0001267", NULL, 1);
insert into ontology_terms values (50785, 24502, "spinal cord neural lumen", 0, 0, 0, 0);
insert into ontology_relationships values (24502, "is_a", "AEO:0000078");
insert into ontology_definitions values (24502, 5, "EHDAA2:0001269", NULL, 1);
insert into ontology_terms values (50786, 24503, "spinal cord roof plate", 0, 0, 0, 0);
insert into ontology_relationships values (24503, "is_a", "CARO:0000073");
insert into ontology_definitions values (24503, 5, "EHDAA2:0001270", NULL, 1);
insert into ontology_terms values (50787, 24504, "neurohypophysis", 0, 0, 0, 0);
insert into ontology_relationships values (24504, "is_a", "CARO:0000055");
insert into ontology_definitions values (24504, 5, "EHDAA2:0001271", NULL, 1);
insert into ontology_terms values (50788, 24505, "primitive node", 0, 0, 0, 0);
insert into ontology_relationships values (24505, "is_a", "AEO:0000132");
insert into ontology_relationships values (24505, "is_a", "AEO:0000205");
insert into ontology_definitions values (24505, 5, "EHDAA2:0001272", NULL, 1);
insert into ontology_terms values (50789, 24506, "nose", 0, 0, 0, 0);
insert into ontology_relationships values (24506, "is_a", "AEO:0000094");
insert into ontology_definitions values (24506, 5, "EHDAA2:0001274", NULL, 1);
insert into ontology_terms values (50790, 24507, "nostril", 0, 0, 0, 0);
insert into ontology_relationships values (24507, "is_a", "CARO:0000055");
insert into ontology_definitions values (24507, 5, "EHDAA2:0001275", NULL, 1);
insert into ontology_terms values (50791, 24508, "early nucleus pulposus", 0, 0, 0, 0);
insert into ontology_relationships values (24508, "is_a", "AEO:0000145");
insert into ontology_definitions values (24508, 5, "EHDAA2:0001276", NULL, 1);
insert into ontology_terms values (50792, 24509, "notochord", 0, 0, 0, 0);
insert into ontology_relationships values (24509, "is_a", "AEO:0000132");
insert into ontology_definitions values (24509, 5, "EHDAA2:0001277", NULL, 1);
insert into ontology_terms values (50793, 24510, "notochordal plate", 0, 0, 0, 0);
insert into ontology_relationships values (24510, "is_a", "AEO:0000132");
insert into ontology_relationships values (24510, "is_a", "CARO:0000073");
insert into ontology_definitions values (24510, 5, "EHDAA2:0001278", NULL, 1);
insert into ontology_terms values (50794, 24511, "notochordal process", 0, 0, 0, 0);
insert into ontology_relationships values (24511, "is_a", "CARO:0000073");
insert into ontology_definitions values (24511, 5, "EHDAA2:0001279", NULL, 1);
insert into ontology_terms values (50795, 24512, "obturator internis", 0, 0, 0, 0);
insert into ontology_relationships values (24512, "is_a", "AEO:0000140");
insert into ontology_definitions values (24512, 5, "EHDAA2:0001280", NULL, 1);
insert into ontology_terms values (50796, 24513, "obturator nerve", 0, 0, 0, 0);
insert into ontology_relationships values (24513, "is_a", "AEO:0000137");
insert into ontology_definitions values (24513, 5, "EHDAA2:0001282", NULL, 1);
insert into ontology_terms values (50797, 24514, "occipital neural crest", 0, 0, 0, 0);
insert into ontology_relationships values (24514, "is_a", "AEO:0000132");
insert into ontology_relationships values (24514, "is_a", "AEO:0000152");
insert into ontology_definitions values (24514, 5, "EHDAA2:0001283", NULL, 1);
insert into ontology_terms values (50798, 24515, "midbrain oculomotor III nerve", 0, 0, 0, 0);
insert into ontology_relationships values (24515, "is_a", "AEO:0000137");
insert into ontology_definitions values (24515, 5, "EHDAA2:0001284", NULL, 1);
insert into ontology_terms values (50799, 24516, "oesophagus", 0, 0, 0, 0);
insert into ontology_relationships values (24516, "is_a", "CARO:0000055");
insert into ontology_definitions values (24516, 5, "EHDAA2:0001285", NULL, 1);
insert into ontology_terms values (50800, 24517, "oesophagus associated mesenchyme", 0, 0, 0, 0);
insert into ontology_relationships values (24517, "is_a", "AEO:0000146");
insert into ontology_definitions values (24517, 5, "EHDAA2:0001286", NULL, 1);
insert into ontology_terms values (50801, 24518, "oesophagus epithelium", 0, 0, 0, 0);
insert into ontology_relationships values (24518, "is_a", "CARO:0000073");
insert into ontology_definitions values (24518, 5, "EHDAA2:0001287", NULL, 1);
insert into ontology_terms values (50802, 24519, "oesophagus dorsal mesentery", 0, 0, 0, 0);
insert into ontology_relationships values (24519, "is_a", "AEO:0000151");
insert into ontology_definitions values (24519, 5, "EHDAA2:0001288", NULL, 1);
insert into ontology_terms values (50803, 24520, "olfactory cortex", 0, 0, 0, 0);
insert into ontology_relationships values (24520, "is_a", "CARO:0000055");
insert into ontology_definitions values (24520, 5, "EHDAA2:0001289", NULL, 1);
insert into ontology_terms values (50804, 24521, "olfactory cortex mantle layer", 0, 0, 0, 0);
insert into ontology_relationships values (24521, "is_a", "AEO:0001010");
insert into ontology_relationships values (24521, "is_a", "CARO:0000055");
insert into ontology_definitions values (24521, 5, "EHDAA2:0001290", NULL, 1);
insert into ontology_terms values (50805, 24522, "olfactory cortx marginal layer", 0, 0, 0, 0);
insert into ontology_relationships values (24522, "is_a", "AEO:0001011");
insert into ontology_definitions values (24522, 5, "EHDAA2:0001291", NULL, 1);
insert into ontology_terms values (50806, 24523, "olfactory cortex ventricular layer", 0, 0, 0, 0);
insert into ontology_relationships values (24523, "is_a", "AEO:0001009");
insert into ontology_definitions values (24523, 5, "EHDAA2:0001292", NULL, 1);
insert into ontology_terms values (50807, 24524, "olfactory I nerve", 0, 0, 0, 0);
insert into ontology_relationships values (24524, "is_a", "AEO:0000137");
insert into ontology_definitions values (24524, 5, "EHDAA2:0001293", NULL, 1);
insert into ontology_terms values (50808, 24525, "olfactory pit", 0, 0, 0, 0);
insert into ontology_relationships values (24525, "is_a", "AEO:0000204");
insert into ontology_definitions values (24525, 5, "EHDAA2:0001295", NULL, 1);
insert into ontology_terms values (50809, 24526, "ophthalmic artery", 0, 0, 0, 0);
insert into ontology_relationships values (24526, "is_a", "AEO:0000208");
insert into ontology_definitions values (24526, 5, "EHDAA2:0001300", NULL, 1);
insert into ontology_terms values (50810, 24527, "optic chiasm", 0, 0, 0, 0);
insert into ontology_relationships values (24527, "is_a", "AEO:0000123");
insert into ontology_definitions values (24527, 5, "EHDAA2:0001302", NULL, 1);
insert into ontology_terms values (50811, 24528, "optic cup", 0, 0, 0, 0);
insert into ontology_relationships values (24528, "is_a", "CARO:0000055");
insert into ontology_definitions values (24528, 5, "EHDAA2:0001303", NULL, 1);
insert into ontology_terms values (50812, 24529, "optic cup retinal layer", 0, 0, 0, 0);
insert into ontology_relationships values (24529, "is_a", "CARO:0000073");
insert into ontology_definitions values (24529, 5, "EHDAA2:0001304", NULL, 1);
insert into ontology_terms values (50813, 24530, "optic cup intraretinal space", 0, 0, 0, 0);
insert into ontology_relationships values (24530, "is_a", "AEO:0000079");
insert into ontology_definitions values (24530, 5, "EHDAA2:0001305", NULL, 1);
insert into ontology_terms values (50814, 24531, "optic cup outer layer", 0, 0, 0, 0);
insert into ontology_relationships values (24531, "is_a", "CARO:0000073");
insert into ontology_definitions values (24531, 5, "EHDAA2:0001306", NULL, 1);
insert into ontology_terms values (50815, 24532, "optic disc", 0, 0, 0, 0);
insert into ontology_relationships values (24532, "is_a", "AEO:0000123");
insert into ontology_definitions values (24532, 5, "EHDAA2:0001307", NULL, 1);
insert into ontology_terms values (50816, 24533, "optic foramen", 0, 0, 0, 0);
insert into ontology_relationships values (24533, "is_a", "AEO:0000080");
insert into ontology_definitions values (24533, 5, "EHDAA2:0001312", NULL, 1);
insert into ontology_terms values (50817, 24534, "optic II nerve", 0, 0, 0, 0);
insert into ontology_relationships values (24534, "is_a", "AEO:0000137");
insert into ontology_definitions values (24534, 5, "EHDAA2:0001313", NULL, 1);
insert into ontology_terms values (50818, 24535, "optic (D1) neural crest", 0, 0, 0, 0);
insert into ontology_relationships values (24535, "is_a", "AEO:0000132");
insert into ontology_relationships values (24535, "is_a", "AEO:0000152");
insert into ontology_definitions values (24535, 5, "EHDAA2:0001315", NULL, 1);
insert into ontology_terms values (50819, 24536, "optic recess", 0, 0, 0, 0);
insert into ontology_relationships values (24536, "is_a", "AEO:0000215");
insert into ontology_definitions values (24536, 5, "EHDAA2:0001317", NULL, 1);
insert into ontology_terms values (50820, 24537, "optic stalk", 0, 0, 0, 0);
insert into ontology_relationships values (24537, "is_a", "AEO:0001008");
insert into ontology_definitions values (24537, 5, "EHDAA2:0001318", NULL, 1);
insert into ontology_terms values (50821, 24538, "optic stalk fissure", 0, 0, 0, 0);
insert into ontology_relationships values (24538, "is_a", "AEO:0000161");
insert into ontology_definitions values (24538, 5, "EHDAA2:0001319", NULL, 1);
insert into ontology_terms values (50822, 24539, "optic vesicle", 0, 0, 0, 0);
insert into ontology_relationships values (24539, "is_a", "CARO:0000055");
insert into ontology_definitions values (24539, 5, "EHDAA2:0001320", NULL, 1);
insert into ontology_terms values (50823, 24540, "retinal disc", 0, 0, 0, 0);
insert into ontology_relationships values (24540, "is_a", "AEO:0001008");
insert into ontology_definitions values (24540, 5, "EHDAA2:0001323", NULL, 1);
insert into ontology_terms values (50824, 24541, "oral cavity", 0, 0, 0, 0);
insert into ontology_relationships values (24541, "is_a", "AEO:0000221");
insert into ontology_definitions values (24541, 5, "EHDAA2:0001324", NULL, 1);
insert into ontology_terms values (50825, 24542, "oral epithelium", 0, 0, 0, 0);
insert into ontology_relationships values (24542, "is_a", "CARO:0000073");
insert into ontology_definitions values (24542, 5, "EHDAA2:0001325", NULL, 1);
insert into ontology_terms values (50826, 24543, "oral region", 0, 0, 0, 0);
insert into ontology_relationships values (24543, "is_a", "CARO:0000055");
insert into ontology_definitions values (24543, 5, "EHDAA2:0001326", NULL, 1);
insert into ontology_terms values (50827, 24544, "oral region gland group", 0, 0, 0, 0);
insert into ontology_relationships values (24544, "is_a", "CARO:0000054");
insert into ontology_definitions values (24544, 5, "EHDAA2:0001327", NULL, 1);
insert into ontology_terms values (50828, 24545, "orbital fissure", 0, 0, 0, 0);
insert into ontology_relationships values (24545, "is_a", "AEO:0000080");
insert into ontology_definitions values (24545, 5, "EHDAA2:0001328", NULL, 1);
insert into ontology_terms values (50829, 24546, "sphenoid lesser wing cartilage condensation", 0, 0, 0, 0);
insert into ontology_relationships values (24546, "is_a", "AEO:0000147");
insert into ontology_definitions values (24546, 5, "EHDAA2:0001329", NULL, 1);
insert into ontology_terms values (50830, 24547, "organ system group", 0, 0, 0, 0);
insert into ontology_relationships values (24547, "is_a", "CARO:0000011");
insert into ontology_definitions values (24547, 5, "EHDAA2:0001330", NULL, 1);
insert into ontology_terms values (50831, 24548, "oronasal cavity", 0, 0, 0, 0);
insert into ontology_relationships values (24548, "is_a", "AEO:0000215");
insert into ontology_definitions values (24548, 5, "EHDAA2:0001331", NULL, 1);
insert into ontology_terms values (50832, 24549, "otic capsule cartilage condensation", 0, 0, 0, 0);
insert into ontology_relationships values (24549, "is_a", "AEO:0000147");
insert into ontology_definitions values (24549, 5, "EHDAA2:0001333", NULL, 1);
insert into ontology_terms values (50833, 24550, "otic neural crest", 0, 0, 0, 0);
insert into ontology_relationships values (24550, "is_a", "AEO:0000132");
insert into ontology_relationships values (24550, "is_a", "AEO:0000152");
insert into ontology_definitions values (24550, 5, "EHDAA2:0001334", NULL, 1);
insert into ontology_terms values (50834, 24551, "otic parasympathetic ganglion", 0, 0, 0, 0);
insert into ontology_relationships values (24551, "is_a", "AEO:0000135");
insert into ontology_definitions values (24551, 5, "EHDAA2:0001335", NULL, 1);
insert into ontology_terms values (50835, 24552, "otic pit", 0, 0, 0, 0);
insert into ontology_relationships values (24552, "is_a", "AEO:0000204");
insert into ontology_definitions values (24552, 5, "EHDAA2:0001336", NULL, 1);
insert into ontology_terms values (50836, 24553, "otic placode", 0, 0, 0, 0);
insert into ontology_relationships values (24553, "is_a", "AEO:0000218");
insert into ontology_definitions values (24553, 5, "EHDAA2:0001339", NULL, 1);
insert into ontology_terms values (50837, 24554, "otic placode associated mesenchyme", 0, 0, 0, 0);
insert into ontology_relationships values (24554, "is_a", "AEO:0000146");
insert into ontology_definitions values (24554, 5, "EHDAA2:0001340", NULL, 1);
insert into ontology_terms values (50838, 24555, "otic placode epithelium", 0, 0, 0, 0);
insert into ontology_relationships values (24555, "is_a", "AEO:0000218");
insert into ontology_definitions values (24555, 5, "EHDAA2:0001341", NULL, 1);
insert into ontology_terms values (50839, 24556, "otocyst", 0, 0, 0, 0);
insert into ontology_relationships values (24556, "is_a", "CARO:0000055");
insert into ontology_definitions values (24556, 5, "EHDAA2:0001342", NULL, 1);
insert into ontology_terms values (50840, 24557, "otocyst associated mesenchyme", 0, 0, 0, 0);
insert into ontology_relationships values (24557, "is_a", "AEO:0000146");
insert into ontology_definitions values (24557, 5, "EHDAA2:0001343", NULL, 1);
insert into ontology_terms values (50841, 24558, "otocyst epithelium", 0, 0, 0, 0);
insert into ontology_relationships values (24558, "is_a", "AEO:0000119");
insert into ontology_definitions values (24558, 5, "EHDAA2:0001344", NULL, 1);
insert into ontology_terms values (50842, 24559, "otocyst pre-vestibular region", 0, 0, 0, 0);
insert into ontology_relationships values (24559, "is_a", "CARO:0000055");
insert into ontology_definitions values (24559, 5, "EHDAA2:0001345", NULL, 1);
insert into ontology_terms values (50843, 24560, "otocyst pre-vestibular region associated mesenchyme", 0, 0, 0, 0);
insert into ontology_relationships values (24560, "is_a", "AEO:0000146");
insert into ontology_definitions values (24560, 5, "EHDAA2:0001346", NULL, 1);
insert into ontology_terms values (50844, 24561, "otocyst pre-vestibular region epithelium", 0, 0, 0, 0);
insert into ontology_relationships values (24561, "is_a", "AEO:0000115");
insert into ontology_definitions values (24561, 5, "EHDAA2:0001347", NULL, 1);
insert into ontology_terms values (50845, 24562, "heart outflow", 0, 0, 0, 0);
insert into ontology_relationships values (24562, "is_a", "CARO:0000055");
insert into ontology_definitions values (24562, 5, "EHDAA2:0001351", NULL, 1);
insert into ontology_terms values (50846, 24563, "conus cordis", 0, 0, 0, 0);
insert into ontology_relationships values (24563, "is_a", "AEO:0000207");
insert into ontology_definitions values (24563, 5, "EHDAA2:0001352", NULL, 1);
insert into ontology_terms values (50847, 24564, "outflow tract ascending aorta", 0, 0, 0, 0);
insert into ontology_relationships values (24564, "is_a", "AEO:0000208");
insert into ontology_definitions values (24564, 5, "EHDAA2:0001353", NULL, 1);
insert into ontology_terms values (50848, 24565, "outflow tract cardiac jelly", 0, 0, 0, 0);
insert into ontology_relationships values (24565, "is_a", "CARO:0000040");
insert into ontology_definitions values (24565, 5, "EHDAA2:0001354", NULL, 1);
insert into ontology_terms values (50849, 24566, "outflow tract endocardium", 0, 0, 0, 0);
insert into ontology_relationships values (24566, "is_a", "AEO:0000208");
insert into ontology_definitions values (24566, 5, "EHDAA2:0001355", NULL, 1);
insert into ontology_terms values (50850, 24567, "outflow tract future ascending aorta", 0, 0, 0, 0);
insert into ontology_relationships values (24567, "is_a", "CARO:0000073");
insert into ontology_definitions values (24567, 5, "EHDAA2:0001356", NULL, 1);
insert into ontology_terms values (50851, 24568, "outflow tract future pulmonary artery", 0, 0, 0, 0);
insert into ontology_relationships values (24568, "is_a", "CARO:0000073");
insert into ontology_definitions values (24568, 5, "EHDAA2:0001357", NULL, 1);
insert into ontology_terms values (50852, 24569, "outflow tract muscle", 0, 0, 0, 0);
insert into ontology_relationships values (24569, "is_a", "AEO:0000142");
insert into ontology_definitions values (24569, 5, "EHDAA2:0001358", NULL, 1);
insert into ontology_terms values (50853, 24570, "outflow tract pulmonary artery", 0, 0, 0, 0);
insert into ontology_relationships values (24570, "is_a", "AEO:0000208");
insert into ontology_definitions values (24570, 5, "EHDAA2:0001359", NULL, 1);
insert into ontology_terms values (50854, 24571, "ovary", 0, 0, 0, 0);
insert into ontology_relationships values (24571, "is_a", "AEO:0000098");
insert into ontology_relationships values (24571, "is_a", "AEO:0000176");
insert into ontology_definitions values (24571, 5, "EHDAA2:0001360", NULL, 1);
insert into ontology_terms values (50855, 24572, "ovary mesenchyme", 0, 0, 0, 0);
insert into ontology_relationships values (24572, "is_a", "AEO:0000145");
insert into ontology_relationships values (24572, "is_a", "AEO:0000176");
insert into ontology_definitions values (24572, 5, "EHDAA2:0001362", NULL, 1);
insert into ontology_terms values (50856, 24573, "ovary primitive sex cords", 0, 0, 0, 0);
insert into ontology_relationships values (24573, "is_a", "AEO:0000176");
insert into ontology_relationships values (24573, "is_a", "AEO:0000216");
insert into ontology_definitions values (24573, 5, "EHDAA2:0001363", NULL, 1);
insert into ontology_terms values (50857, 24574, "secondary palatal shelf", 0, 0, 0, 0);
insert into ontology_relationships values (24574, "is_a", "CARO:0000055");
insert into ontology_definitions values (24574, 5, "EHDAA2:0001364", NULL, 1);
insert into ontology_terms values (50858, 24575, "secondary palatal shelf epithelium", 0, 0, 0, 0);
insert into ontology_relationships values (24575, "is_a", "CARO:0000073");
insert into ontology_definitions values (24575, 5, "EHDAA2:0001365", NULL, 1);
insert into ontology_terms values (50859, 24576, "secondary palatal shelf mesenchyme", 0, 0, 0, 0);
insert into ontology_relationships values (24576, "is_a", "AEO:0000151");
insert into ontology_definitions values (24576, 5, "EHDAA2:0001366", NULL, 1);
insert into ontology_terms values (50860, 24577, "pancreas", 0, 0, 0, 0);
insert into ontology_relationships values (24577, "is_a", "AEO:0000097");
insert into ontology_relationships values (24577, "is_a", "CARO:0000024");
insert into ontology_definitions values (24577, 5, "EHDAA2:0001367", NULL, 1);
insert into ontology_terms values (50861, 24578, "pancreas body", 0, 0, 0, 0);
insert into ontology_relationships values (24578, "is_a", "CARO:0000055");
insert into ontology_definitions values (24578, 5, "EHDAA2:0001368", NULL, 1);
insert into ontology_terms values (50862, 24579, "pancreas body dorsal duct", 0, 0, 0, 0);
insert into ontology_relationships values (24579, "is_a", "AEO:0000114");
insert into ontology_definitions values (24579, 5, "EHDAA2:0001369", NULL, 1);
insert into ontology_terms values (50863, 24580, "pancreas body parenchyma", 0, 0, 0, 0);
insert into ontology_relationships values (24580, "is_a", "AEO:0000117");
insert into ontology_definitions values (24580, 5, "EHDAA2:0001370", NULL, 1);
insert into ontology_terms values (50864, 24581, "dorsal pancreas", 0, 0, 0, 0);
insert into ontology_relationships values (24581, "is_a", "AEO:0000097");
insert into ontology_definitions values (24581, 5, "EHDAA2:0001371", NULL, 1);
insert into ontology_terms values (50865, 24582, "dorsal pancreas duct", 0, 0, 0, 0);
insert into ontology_relationships values (24582, "is_a", "AEO:0000115");
insert into ontology_definitions values (24582, 5, "EHDAA2:0001372", NULL, 1);
insert into ontology_terms values (50866, 24583, "dorsal pancreas parenchyma", 0, 0, 0, 0);
insert into ontology_relationships values (24583, "is_a", "AEO:0000117");
insert into ontology_definitions values (24583, 5, "EHDAA2:0001373", NULL, 1);
insert into ontology_terms values (50867, 24584, "pancreas head", 0, 0, 0, 0);
insert into ontology_relationships values (24584, "is_a", "AEO:0000097");
insert into ontology_definitions values (24584, 5, "EHDAA2:0001374", NULL, 1);
insert into ontology_terms values (50868, 24585, "dorsal pancreas head", 0, 0, 0, 0);
insert into ontology_relationships values (24585, "is_a", "AEO:0000097");
insert into ontology_definitions values (24585, 5, "EHDAA2:0001375", NULL, 1);
insert into ontology_terms values (50869, 24586, "dorsal pancreas head parenchyma", 0, 0, 0, 0);
insert into ontology_relationships values (24586, "is_a", "AEO:0000117");
insert into ontology_definitions values (24586, 5, "EHDAA2:0001376", NULL, 1);
insert into ontology_terms values (50870, 24587, "ventral pancreas head", 0, 0, 0, 0);
insert into ontology_relationships values (24587, "is_a", "AEO:0000097");
insert into ontology_definitions values (24587, 5, "EHDAA2:0001377", NULL, 1);
insert into ontology_terms values (50871, 24588, "ventral pancreas head duct", 0, 0, 0, 0);
insert into ontology_relationships values (24588, "is_a", "AEO:0000115");
insert into ontology_definitions values (24588, 5, "EHDAA2:0001380", NULL, 1);
insert into ontology_terms values (50872, 24589, "ventral pancreas head parenchyma", 0, 0, 0, 0);
insert into ontology_relationships values (24589, "is_a", "AEO:0000117");
insert into ontology_definitions values (24589, 5, "EHDAA2:0001381", NULL, 1);
insert into ontology_terms values (50873, 24590, "pancreas primordium", 0, 0, 0, 0);
insert into ontology_relationships values (24590, "is_a", "AEO:0000171");
insert into ontology_relationships values (24590, "is_a", "CARO:0000055");
insert into ontology_definitions values (24590, 5, "EHDAA2:0001382", NULL, 1);
insert into ontology_terms values (50874, 24591, "pancreas dorsal primordium", 0, 0, 0, 0);
insert into ontology_relationships values (24591, "is_a", "AEO:0000097");
insert into ontology_relationships values (24591, "is_a", "AEO:0000171");
insert into ontology_definitions values (24591, 5, "EHDAA2:0001384", NULL, 1);
insert into ontology_terms values (50875, 24592, "pancreas dorsal primordium duct bud", 0, 0, 0, 0);
insert into ontology_relationships values (24592, "is_a", "AEO:0000115");
insert into ontology_definitions values (24592, 5, "EHDAA2:0001385", NULL, 1);
insert into ontology_terms values (50876, 24593, "pancreas dorsal primordium parenchyma", 0, 0, 0, 0);
insert into ontology_relationships values (24593, "is_a", "AEO:0000117");
insert into ontology_definitions values (24593, 5, "EHDAA2:0001386", NULL, 1);
insert into ontology_terms values (50877, 24594, "pancreas ventral primordium", 0, 0, 0, 0);
insert into ontology_relationships values (24594, "is_a", "AEO:0000097");
insert into ontology_relationships values (24594, "is_a", "AEO:0000171");
insert into ontology_definitions values (24594, 5, "EHDAA2:0001387", NULL, 1);
insert into ontology_terms values (50878, 24595, "pancreas ventral primordium parenchyma", 0, 0, 0, 0);
insert into ontology_relationships values (24595, "is_a", "AEO:0000117");
insert into ontology_definitions values (24595, 5, "EHDAA2:0001388", NULL, 1);
insert into ontology_terms values (50879, 24596, "pancreas ventral primordium duct bud", 0, 0, 0, 0);
insert into ontology_relationships values (24596, "is_a", "AEO:0000115");
insert into ontology_definitions values (24596, 5, "EHDAA2:0001389", NULL, 1);
insert into ontology_terms values (50880, 24597, "pancreas tail", 0, 0, 0, 0);
insert into ontology_relationships values (24597, "is_a", "AEO:0000097");
insert into ontology_definitions values (24597, 5, "EHDAA2:0001390", NULL, 1);
insert into ontology_terms values (50881, 24598, "pancreas tail dorsal pancreatic duct", 0, 0, 0, 0);
insert into ontology_relationships values (24598, "is_a", "AEO:0000115");
insert into ontology_definitions values (24598, 5, "EHDAA2:0001391", NULL, 1);
insert into ontology_terms values (50882, 24599, "pancreas tail parenchyma", 0, 0, 0, 0);
insert into ontology_relationships values (24599, "is_a", "AEO:0000117");
insert into ontology_definitions values (24599, 5, "EHDAA2:0001392", NULL, 1);
insert into ontology_terms values (50883, 24600, "ventral pancreas", 0, 0, 0, 0);
insert into ontology_relationships values (24600, "is_a", "AEO:0000097");
insert into ontology_definitions values (24600, 5, "EHDAA2:0001393", NULL, 1);
insert into ontology_terms values (50884, 24601, "ventral pancreas parenchyma", 0, 0, 0, 0);
insert into ontology_relationships values (24601, "is_a", "AEO:0000117");
insert into ontology_definitions values (24601, 5, "EHDAA2:0001394", NULL, 1);
insert into ontology_terms values (50885, 24602, "ventral pancreas duct", 0, 0, 0, 0);
insert into ontology_relationships values (24602, "is_a", "AEO:0000115");
insert into ontology_definitions values (24602, 5, "EHDAA2:0001396", NULL, 1);
insert into ontology_terms values (50886, 24603, "left ventricle papillary muscles", 0, 0, 0, 0);
insert into ontology_relationships values (24603, "is_a", "AEO:0000142");
insert into ontology_definitions values (24603, 5, "EHDAA2:0001398", NULL, 1);
insert into ontology_terms values (50887, 24604, "parasympathetic ganglion group", 0, 0, 0, 0);
insert into ontology_relationships values (24604, "is_a", "CARO:0000054");
insert into ontology_definitions values (24604, 5, "EHDAA2:0001400", NULL, 1);
insert into ontology_terms values (50888, 24605, "parasympathetic nerve system", 0, 0, 0, 0);
insert into ontology_relationships values (24605, "is_a", "CARO:0000011");
insert into ontology_definitions values (24605, 5, "EHDAA2:0001401", NULL, 1);
insert into ontology_terms values (50889, 24606, "parasympathetic peripheral nervous system", 0, 0, 0, 0);
insert into ontology_relationships values (24606, "is_a", "CARO:0000011");
insert into ontology_definitions values (24606, 5, "EHDAA2:0001402", NULL, 1);
insert into ontology_terms values (50890, 24607, "sympathetic chain ganglion", 0, 0, 0, 0);
insert into ontology_relationships values (24607, "is_a", "AEO:0000135");
insert into ontology_definitions values (24607, 5, "EHDAA2:0001403", NULL, 1);
insert into ontology_terms values (50891, 24608, "parietal bone primordium", 0, 0, 0, 0);
insert into ontology_relationships values (24608, "is_a", "AEO:0000085");
insert into ontology_definitions values (24608, 5, "EHDAA2:0001404", NULL, 1);
insert into ontology_terms values (50892, 24609, "greater sac lining", 0, 0, 0, 0);
insert into ontology_relationships values (24609, "is_a", "AEO:0000111");
insert into ontology_relationships values (24609, "is_a", "CARO:0000055");
insert into ontology_definitions values (24609, 5, "EHDAA2:0001406", NULL, 1);
insert into ontology_terms values (50893, 24610, "parietal pericardial cavity mesothelium", 0, 0, 0, 0);
insert into ontology_relationships values (24610, "is_a", "AEO:0000111");
insert into ontology_definitions values (24610, 5, "EHDAA2:0001408", NULL, 1);
insert into ontology_terms values (50894, 24611, "parietal pericardio-peritoneal canal mesothelium", 0, 0, 0, 0);
insert into ontology_definitions values (24611, 5, "EHDAA2:0001409", NULL, 1);
insert into ontology_terms values (50895, 24612, "parietal pleural cavity mesothelium", 0, 0, 0, 0);
insert into ontology_relationships values (24612, "is_a", "AEO:0000111");
insert into ontology_definitions values (24612, 5, "EHDAA2:0001412", NULL, 1);
insert into ontology_terms values (50896, 24613, "parotid gland primordium", 0, 0, 0, 0);
insert into ontology_relationships values (24613, "is_a", "AEO:0000171");
insert into ontology_definitions values (24613, 5, "EHDAA2:0001413", NULL, 1);
insert into ontology_terms values (50897, 24614, "parotid gland primordium epithelium", 0, 0, 0, 0);
insert into ontology_relationships values (24614, "is_a", "AEO:0000117");
insert into ontology_definitions values (24614, 5, "EHDAA2:0001414", NULL, 1);
insert into ontology_terms values (50898, 24615, "parotid gland primordium mesenchyme", 0, 0, 0, 0);
insert into ontology_relationships values (24615, "is_a", "AEO:0000146");
insert into ontology_definitions values (24615, 5, "EHDAA2:0001415", NULL, 1);
insert into ontology_terms values (50899, 24616, "pars distalis", 0, 0, 0, 0);
insert into ontology_relationships values (24616, "is_a", "CARO:0000073");
insert into ontology_definitions values (24616, 5, "EHDAA2:0001416", NULL, 1);
insert into ontology_terms values (50900, 24617, "pars intermedia", 0, 0, 0, 0);
insert into ontology_relationships values (24617, "is_a", "CARO:0000073");
insert into ontology_definitions values (24617, 5, "EHDAA2:0001417", NULL, 1);
insert into ontology_terms values (50901, 24618, "pars nervosa", 0, 0, 0, 0);
insert into ontology_relationships values (24618, "is_a", "CARO:0000073");
insert into ontology_definitions values (24618, 5, "EHDAA2:0001418", NULL, 1);
insert into ontology_terms values (50902, 24619, "pars tuberalis", 0, 0, 0, 0);
insert into ontology_relationships values (24619, "is_a", "CARO:0000073");
insert into ontology_definitions values (24619, 5, "EHDAA2:0001419", NULL, 1);
insert into ontology_terms values (50903, 24620, "pectoral girdle", 0, 0, 0, 0);
insert into ontology_relationships values (24620, "is_a", "CARO:0000055");
insert into ontology_definitions values (24620, 5, "EHDAA2:0001420", NULL, 1);
insert into ontology_terms values (50904, 24621, "pectoral girdle and thoracic body wall muscle system", 0, 0, 0, 0);
insert into ontology_relationships values (24621, "is_a", "CARO:0000011");
insert into ontology_definitions values (24621, 5, "EHDAA2:0001421", NULL, 1);
insert into ontology_terms values (50905, 24622, "pectoral pre-muscle mass", 0, 0, 0, 0);
insert into ontology_relationships values (24622, "is_a", "AEO:0000149");
insert into ontology_definitions values (24622, 5, "EHDAA2:0001423", NULL, 1);
insert into ontology_terms values (50906, 24623, "pectoralis major", 0, 0, 0, 0);
insert into ontology_relationships values (24623, "is_a", "AEO:0000140");
insert into ontology_definitions values (24623, 5, "EHDAA2:0001424", NULL, 1);
insert into ontology_terms values (50907, 24624, "pectoralis minor", 0, 0, 0, 0);
insert into ontology_relationships values (24624, "is_a", "AEO:0000140");
insert into ontology_definitions values (24624, 5, "EHDAA2:0001425", NULL, 1);
insert into ontology_terms values (50908, 24625, "pelvic girdle", 0, 0, 0, 0);
insert into ontology_relationships values (24625, "is_a", "CARO:0000055");
insert into ontology_definitions values (24625, 5, "EHDAA2:0001426", NULL, 1);
insert into ontology_terms values (50909, 24626, "pelvic girdle muscle system", 0, 0, 0, 0);
insert into ontology_relationships values (24626, "is_a", "CARO:0000011");
insert into ontology_definitions values (24626, 5, "EHDAA2:0001429", NULL, 1);
insert into ontology_terms values (50910, 24627, "pelvic splanchnic parasympathetic nerve", 0, 0, 0, 0);
insert into ontology_relationships values (24627, "is_a", "AEO:0000137");
insert into ontology_definitions values (24627, 5, "EHDAA2:0001432", NULL, 1);
insert into ontology_terms values (50911, 24628, "penis", 0, 0, 0, 0);
insert into ontology_relationships values (24628, "is_a", "AEO:0000175");
insert into ontology_definitions values (24628, 5, "EHDAA2:0001433", NULL, 1);
insert into ontology_terms values (50912, 24629, "pericardial cavity lumen", 0, 0, 0, 0);
insert into ontology_relationships values (24629, "is_a", "AEO:0000215");
insert into ontology_definitions values (24629, 5, "EHDAA2:0001434", NULL, 1);
insert into ontology_terms values (50913, 24630, "pericardio-peritoneal canal", 0, 0, 0, 0);
insert into ontology_relationships values (24630, "is_a", "AEO:0000114");
insert into ontology_relationships values (24630, "is_a", "CARO:0000055");
insert into ontology_definitions values (24630, 5, "EHDAA2:0001440", NULL, 1);
insert into ontology_terms values (50914, 24631, "pericardio-peritoneal canal cavity", 0, 0, 0, 0);
insert into ontology_relationships values (24631, "is_a", "AEO:0000078");
insert into ontology_definitions values (24631, 5, "EHDAA2:0001441", NULL, 1);
insert into ontology_terms values (50915, 24632, "pericardio-peritoneal canal mesothelium", 0, 0, 0, 0);
insert into ontology_relationships values (24632, "is_a", "AEO:0000111");
insert into ontology_definitions values (24632, 5, "EHDAA2:0001442", NULL, 1);
insert into ontology_terms values (50916, 24633, "peripheral nervous system", 0, 0, 0, 0);
insert into ontology_relationships values (24633, "is_a", "CARO:0000011");
insert into ontology_definitions values (24633, 5, "EHDAA2:0001445", NULL, 1);
insert into ontology_terms values (50917, 24634, "peritoneal cavity lumen", 0, 0, 0, 0);
insert into ontology_relationships values (24634, "is_a", "AEO:0000215");
insert into ontology_definitions values (24634, 5, "EHDAA2:0001446", NULL, 1);
insert into ontology_terms values (50918, 24635, "peritoneal cavity lining", 0, 0, 0, 0);
insert into ontology_relationships values (24635, "is_a", "AEO:0000111");
insert into ontology_definitions values (24635, 5, "EHDAA2:0001447", NULL, 1);
insert into ontology_terms values (50919, 24636, "peroneus", 0, 0, 0, 0);
insert into ontology_relationships values (24636, "is_a", "AEO:0000140");
insert into ontology_definitions values (24636, 5, "EHDAA2:0001450", NULL, 1);
insert into ontology_terms values (50920, 24637, "petrous part of temporal bone", 0, 0, 0, 0);
insert into ontology_relationships values (24637, "is_a", "AEO:0000085");
insert into ontology_definitions values (24637, 5, "EHDAA2:0001452", NULL, 1);
insert into ontology_terms values (50921, 24638, "early pharyngeal arch endoderm", 0, 0, 0, 0);
insert into ontology_relationships values (24638, "is_a", "CARO:0000073");
insert into ontology_definitions values (24638, 5, "EHDAA2:0001457", NULL, 1);
insert into ontology_terms values (50922, 24639, "pharynx", 0, 0, 0, 0);
insert into ontology_relationships values (24639, "is_a", "CARO:0000055");
insert into ontology_definitions values (24639, 5, "EHDAA2:0001458", NULL, 1);
insert into ontology_terms values (50923, 24640, "pharyngeal arch associated mesenchyme", 0, 0, 0, 0);
insert into ontology_relationships values (24640, "is_a", "AEO:0000146");
insert into ontology_definitions values (24640, 5, "EHDAA2:0001459", NULL, 1);
insert into ontology_terms values (50924, 24641, "pharynx gland", 0, 0, 0, 0);
insert into ontology_relationships values (24641, "is_a", "CARO:0000041");
insert into ontology_definitions values (24641, 5, "EHDAA2:0001461", NULL, 1);
insert into ontology_terms values (50925, 24642, "philtrum", 0, 0, 0, 0);
insert into ontology_relationships values (24642, "is_a", "AEO:0000161");
insert into ontology_definitions values (24642, 5, "EHDAA2:0001462", NULL, 1);
insert into ontology_terms values (50926, 24643, "phrenic nerve trunk", 0, 0, 0, 0);
insert into ontology_relationships values (24643, "is_a", "AEO:0000139");
insert into ontology_definitions values (24643, 5, "EHDAA2:0001463", NULL, 1);
insert into ontology_terms values (50927, 24644, "pigmented retinal epithelium", 0, 0, 0, 0);
insert into ontology_relationships values (24644, "is_a", "CARO:0000073");
insert into ontology_definitions values (24644, 5, "EHDAA2:0001465", NULL, 1);
insert into ontology_terms values (50928, 24645, "pineal gland", 0, 0, 0, 0);
insert into ontology_relationships values (24645, "is_a", "AEO:0000098");
insert into ontology_definitions values (24645, 5, "EHDAA2:0001466", NULL, 1);
insert into ontology_terms values (50929, 24646, "pinna", 0, 0, 0, 0);
insert into ontology_relationships values (24646, "is_a", "CARO:0000055");
insert into ontology_definitions values (24646, 5, "EHDAA2:0001467", NULL, 1);
insert into ontology_terms values (50930, 24647, "pinna pre-cartilage condensation", 0, 0, 0, 0);
insert into ontology_relationships values (24647, "is_a", "AEO:0000150");
insert into ontology_definitions values (24647, 5, "EHDAA2:0001468", NULL, 1);
insert into ontology_terms values (50931, 24648, "pinna mesenchyme", 0, 0, 0, 0);
insert into ontology_relationships values (24648, "is_a", "AEO:0000146");
insert into ontology_definitions values (24648, 5, "EHDAA2:0001469", NULL, 1);
insert into ontology_terms values (50932, 24649, "pinna surface epithelium", 0, 0, 0, 0);
insert into ontology_relationships values (24649, "is_a", "CARO:0000073");
insert into ontology_definitions values (24649, 5, "EHDAA2:0001470", NULL, 1);
insert into ontology_terms values (50933, 24650, "pituitary", 0, 0, 0, 0);
insert into ontology_relationships values (24650, "is_a", "AEO:0000098");
insert into ontology_definitions values (24650, 5, "EHDAA2:0001471", NULL, 1);
insert into ontology_terms values (50934, 24651, "pituitary primordium", 0, 0, 0, 0);
insert into ontology_relationships values (24651, "is_a", "AEO:0000171");
insert into ontology_definitions values (24651, 5, "EHDAA2:0001472", NULL, 1);
insert into ontology_terms values (50935, 24652, "Rathkes pouch epithelium", 0, 0, 0, 0);
insert into ontology_relationships values (24652, "is_a", "AEO:0000115");
insert into ontology_definitions values (24652, 5, "EHDAA2:0001473", NULL, 1);
insert into ontology_terms values (50936, 24653, "platysma", 0, 0, 0, 0);
insert into ontology_relationships values (24653, "is_a", "AEO:0000140");
insert into ontology_definitions values (24653, 5, "EHDAA2:0001474", NULL, 1);
insert into ontology_terms values (50937, 24654, "pleural cavity lumen", 0, 0, 0, 0);
insert into ontology_relationships values (24654, "is_a", "AEO:0000215");
insert into ontology_definitions values (24654, 5, "EHDAA2:0001475", NULL, 1);
insert into ontology_terms values (50938, 24655, "pleural cavity lining", 0, 0, 0, 0);
insert into ontology_relationships values (24655, "is_a", "CARO:0000055");
insert into ontology_definitions values (24655, 5, "EHDAA2:0001476", NULL, 1);
insert into ontology_terms values (50939, 24656, "pleuropericardial canal lining", 0, 0, 0, 0);
insert into ontology_relationships values (24656, "is_a", "AEO:0000111");
insert into ontology_definitions values (24656, 5, "EHDAA2:0001478", NULL, 1);
insert into ontology_terms values (50940, 24657, "pleuropericardial canal lumen", 0, 0, 0, 0);
insert into ontology_relationships values (24657, "is_a", "AEO:0000078");
insert into ontology_definitions values (24657, 5, "EHDAA2:0001479", NULL, 1);
insert into ontology_terms values (50941, 24658, "pleuropericardial folds", 0, 0, 0, 0);
insert into ontology_relationships values (24658, "is_a", "AEO:0000145");
insert into ontology_definitions values (24658, 5, "EHDAA2:0001480", NULL, 1);
insert into ontology_terms values (50942, 24659, "pleuroperitoneal canal", 0, 0, 0, 0);
insert into ontology_relationships values (24659, "is_a", "AEO:0000114");
insert into ontology_relationships values (24659, "is_a", "CARO:0000055");
insert into ontology_definitions values (24659, 5, "EHDAA2:0001481", NULL, 1);
insert into ontology_terms values (50943, 24660, "pleuroperitoneal canal mesothelium", 0, 0, 0, 0);
insert into ontology_relationships values (24660, "is_a", "AEO:0000111");
insert into ontology_definitions values (24660, 5, "EHDAA2:0001482", NULL, 1);
insert into ontology_terms values (50944, 24661, "pleuroperitoneal membranes", 0, 0, 0, 0);
insert into ontology_relationships values (24661, "is_a", "AEO:0000145");
insert into ontology_definitions values (24661, 5, "EHDAA2:0001483", NULL, 1);
insert into ontology_terms values (50945, 24662, "polar trophectoderm", 0, 0, 0, 0);
insert into ontology_relationships values (24662, "is_a", "AEO:0000132");
insert into ontology_relationships values (24662, "is_a", "CARO:0000042");
insert into ontology_definitions values (24662, 5, "EHDAA2:0001484", NULL, 1);
insert into ontology_terms values (50946, 24663, "portal vein", 0, 0, 0, 0);
insert into ontology_relationships values (24663, "is_a", "AEO:0000209");
insert into ontology_definitions values (24663, 5, "EHDAA2:0001485", NULL, 1);
insert into ontology_terms values (50947, 24664, "posterior cardinal vein left", 0, 0, 0, 0);
insert into ontology_relationships values (24664, "is_a", "AEO:0000209");
insert into ontology_definitions values (24664, 5, "EHDAA2:0001486", NULL, 1);
insert into ontology_terms values (50948, 24665, "posterior semicircular canal", 0, 0, 0, 0);
insert into ontology_relationships values (24665, "is_a", "AEO:0000114");
insert into ontology_definitions values (24665, 5, "EHDAA2:0001489", NULL, 1);
insert into ontology_terms values (50949, 24666, "prechordal plate", 0, 0, 0, 0);
insert into ontology_relationships values (24666, "is_a", "AEO:0000132");
insert into ontology_definitions values (24666, 5, "EHDAA2:0001493", NULL, 1);
insert into ontology_terms values (50950, 24667, "early premaxilla", 0, 0, 0, 0);
insert into ontology_relationships values (24667, "is_a", "AEO:0000085");
insert into ontology_definitions values (24667, 5, "EHDAA2:0001495", NULL, 1);
insert into ontology_terms values (50951, 24668, "primary palate", 0, 0, 0, 0);
insert into ontology_relationships values (24668, "is_a", "CARO:0000055");
insert into ontology_definitions values (24668, 5, "EHDAA2:0001496", NULL, 1);
insert into ontology_terms values (50952, 24669, "prevertebral ganglia", 0, 0, 0, 0);
insert into ontology_relationships values (24669, "is_a", "CARO:0000054");
insert into ontology_definitions values (24669, 5, "EHDAA2:0001497", NULL, 1);
insert into ontology_terms values (50953, 24670, "primary head vein", 0, 0, 0, 0);
insert into ontology_relationships values (24670, "is_a", "AEO:0000209");
insert into ontology_definitions values (24670, 5, "EHDAA2:0001498", NULL, 1);
insert into ontology_terms values (50954, 24671, "primary palate process", 0, 0, 0, 0);
insert into ontology_relationships values (24671, "is_a", "CARO:0000055");
insert into ontology_definitions values (24671, 5, "EHDAA2:0001499", NULL, 1);
insert into ontology_terms values (50955, 24672, "primary palate process epithelium", 0, 0, 0, 0);
insert into ontology_relationships values (24672, "is_a", "CARO:0000073");
insert into ontology_definitions values (24672, 5, "EHDAA2:0001500", NULL, 1);
insert into ontology_terms values (50956, 24673, "primary palate process mesenchyme", 0, 0, 0, 0);
insert into ontology_relationships values (24673, "is_a", "AEO:0000145");
insert into ontology_definitions values (24673, 5, "EHDAA2:0001501", NULL, 1);
insert into ontology_terms values (50957, 24674, "primary vitreous humour", 0, 0, 0, 0);
insert into ontology_relationships values (24674, "is_a", "CARO:0000040");
insert into ontology_definitions values (24674, 5, "EHDAA2:0001502", NULL, 1);
insert into ontology_terms values (50958, 24675, "primary yolk sac cavity", 0, 0, 0, 0);
insert into ontology_relationships values (24675, "is_a", "AEO:0000079");
insert into ontology_definitions values (24675, 5, "EHDAA2:0001503", NULL, 1);
insert into ontology_terms values (50959, 24676, "allantoic diverticulum", 0, 0, 0, 0);
insert into ontology_relationships values (24676, "is_a", "CARO:0000042");
insert into ontology_relationships values (24676, "is_a", "CARO:0000055");
insert into ontology_definitions values (24676, 5, "EHDAA2:0001504", NULL, 1);
insert into ontology_terms values (50960, 24677, "primitive groove", 0, 0, 0, 0);
insert into ontology_relationships values (24677, "is_a", "AEO:0000161");
insert into ontology_definitions values (24677, 5, "EHDAA2:0001511", NULL, 1);
insert into ontology_terms values (50961, 24678, "primitive heart tube", 0, 0, 0, 0);
insert into ontology_relationships values (24678, "is_a", "CARO:0000055");
insert into ontology_definitions values (24678, 5, "EHDAA2:0001512", NULL, 1);
insert into ontology_terms values (50962, 24679, "primitive marginal sinus", 0, 0, 0, 0);
insert into ontology_relationships values (24679, "is_a", "AEO:0000209");
insert into ontology_definitions values (24679, 5, "EHDAA2:0001514", NULL, 1);
insert into ontology_terms values (50963, 24680, "primitive nephrons", 0, 0, 0, 0);
insert into ontology_relationships values (24680, "is_a", "AEO:0000114");
insert into ontology_definitions values (24680, 5, "EHDAA2:0001516", NULL, 1);
insert into ontology_terms values (50964, 24681, "primitive pelvis of ureter", 0, 0, 0, 0);
insert into ontology_relationships values (24681, "is_a", "AEO:0000114");
insert into ontology_definitions values (24681, 5, "EHDAA2:0001519", NULL, 1);
insert into ontology_terms values (50965, 24682, "primitive pit", 0, 0, 0, 0);
insert into ontology_relationships values (24682, "is_a", "AEO:0000204");
insert into ontology_definitions values (24682, 5, "EHDAA2:0001521", NULL, 1);
insert into ontology_terms values (50966, 24683, "primitive straight sinus", 0, 0, 0, 0);
insert into ontology_relationships values (24683, "is_a", "AEO:0000209");
insert into ontology_definitions values (24683, 5, "EHDAA2:0001524", NULL, 1);
insert into ontology_terms values (50967, 24684, "primitive streak", 0, 0, 0, 0);
insert into ontology_relationships values (24684, "is_a", "CARO:0000055");
insert into ontology_relationships values (24684, "is_a", "CARO:0000068");
insert into ontology_definitions values (24684, 5, "EHDAA2:0001525", NULL, 1);
insert into ontology_terms values (50968, 24685, "primitive superior sagittal sinus", 0, 0, 0, 0);
insert into ontology_relationships values (24685, "is_a", "AEO:0000209");
insert into ontology_definitions values (24685, 5, "EHDAA2:0001527", NULL, 1);
insert into ontology_terms values (50969, 24686, "primitive transverse sinus", 0, 0, 0, 0);
insert into ontology_relationships values (24686, "is_a", "AEO:0000209");
insert into ontology_definitions values (24686, 5, "EHDAA2:0001528", NULL, 1);
insert into ontology_terms values (50970, 24687, "primitive left ventricle endocardium", 0, 0, 0, 0);
insert into ontology_relationships values (24687, "is_a", "AEO:0000207");
insert into ontology_definitions values (24687, 5, "EHDAA2:0001531", NULL, 1);
insert into ontology_terms values (50971, 24688, "primitive heart tube visceral pericardium", 0, 0, 0, 0);
insert into ontology_relationships values (24688, "is_a", "AEO:0000111");
insert into ontology_definitions values (24688, 5, "EHDAA2:0001533", NULL, 1);
insert into ontology_terms values (50972, 24689, "indifferent gonad primordial germ cells", 0, 0, 0, 0);
insert into ontology_relationships values (24689, "is_a", "AEO:0001020");
insert into ontology_definitions values (24689, 5, "EHDAA2:0001536", NULL, 1);
insert into ontology_terms values (50973, 24690, "hindgut primordial germ cells", 0, 0, 0, 0);
insert into ontology_relationships values (24690, "is_a", "AEO:0000217");
insert into ontology_relationships values (24690, "is_a", "AEO:0001020");
insert into ontology_definitions values (24690, 5, "EHDAA2:0001537", NULL, 1);
insert into ontology_terms values (50974, 24691, "allantois primordial germ cells", 0, 0, 0, 0);
insert into ontology_relationships values (24691, "is_a", "AEO:0000152");
insert into ontology_relationships values (24691, "is_a", "AEO:0001020");
insert into ontology_definitions values (24691, 5, "EHDAA2:0001539", NULL, 1);
insert into ontology_terms values (50975, 24692, "yolk sac primordial germ cells", 0, 0, 0, 0);
insert into ontology_relationships values (24692, "is_a", "AEO:0001020");
insert into ontology_definitions values (24692, 5, "EHDAA2:0001541", NULL, 1);
insert into ontology_terms values (50976, 24693, "axial vein of lower limb", 0, 0, 0, 0);
insert into ontology_relationships values (24693, "is_a", "AEO:0000209");
insert into ontology_definitions values (24693, 5, "EHDAA2:0001542", NULL, 1);
insert into ontology_terms values (50977, 24694, "axial vein of upper limb", 0, 0, 0, 0);
insert into ontology_relationships values (24694, "is_a", "AEO:0000209");
insert into ontology_definitions values (24694, 5, "EHDAA2:0001543", NULL, 1);
insert into ontology_terms values (50978, 24695, "pro-rhombomere a", 0, 0, 0, 0);
insert into ontology_relationships values (24695, "is_a", "CARO:0000055");
insert into ontology_definitions values (24695, 5, "EHDAA2:0001544", NULL, 1);
insert into ontology_terms values (50979, 24696, "pro-rhombomere a floor plate", 0, 0, 0, 0);
insert into ontology_relationships values (24696, "is_a", "CARO:0000068");
insert into ontology_definitions values (24696, 5, "EHDAA2:0001545", NULL, 1);
insert into ontology_terms values (50980, 24697, "pro-rhombomere a lateral wall", 0, 0, 0, 0);
insert into ontology_relationships values (24697, "is_a", "AEO:0001008");
insert into ontology_definitions values (24697, 5, "EHDAA2:0001546", NULL, 1);
insert into ontology_terms values (50981, 24698, "pro-rhombomere a neural crest", 0, 0, 0, 0);
insert into ontology_relationships values (24698, "is_a", "AEO:0000132");
insert into ontology_definitions values (24698, 5, "EHDAA2:0001548", NULL, 1);
insert into ontology_terms values (50982, 24699, "pro-rhombomere a neural fold", 0, 0, 0, 0);
insert into ontology_relationships values (24699, "is_a", "AEO:0001008");
insert into ontology_definitions values (24699, 5, "EHDAA2:0001549", NULL, 1);
insert into ontology_terms values (50983, 24700, "pro-rhombomere a roof plate", 0, 0, 0, 0);
insert into ontology_relationships values (24700, "is_a", "CARO:0000073");
insert into ontology_definitions values (24700, 5, "EHDAA2:0001550", NULL, 1);
insert into ontology_terms values (50984, 24701, "pro-rhombomere b", 0, 0, 0, 0);
insert into ontology_relationships values (24701, "is_a", "CARO:0000055");
insert into ontology_definitions values (24701, 5, "EHDAA2:0001551", NULL, 1);
insert into ontology_terms values (50985, 24702, "pro-rhombomere b floor plate", 0, 0, 0, 0);
insert into ontology_relationships values (24702, "is_a", "CARO:0000068");
insert into ontology_definitions values (24702, 5, "EHDAA2:0001552", NULL, 1);
insert into ontology_terms values (50986, 24703, "pro-rhombomere b lateral wall", 0, 0, 0, 0);
insert into ontology_relationships values (24703, "is_a", "AEO:0001008");
insert into ontology_definitions values (24703, 5, "EHDAA2:0001553", NULL, 1);
insert into ontology_terms values (50987, 24704, "pro-rhombomere b neural crest", 0, 0, 0, 0);
insert into ontology_relationships values (24704, "is_a", "AEO:0000132");
insert into ontology_definitions values (24704, 5, "EHDAA2:0001554", NULL, 1);
insert into ontology_terms values (50988, 24705, "pro-rhombomere b neural fold", 0, 0, 0, 0);
insert into ontology_relationships values (24705, "is_a", "AEO:0001008");
insert into ontology_definitions values (24705, 5, "EHDAA2:0001555", NULL, 1);
insert into ontology_terms values (50989, 24706, "pro-rhombomere b roof plate", 0, 0, 0, 0);
insert into ontology_relationships values (24706, "is_a", "CARO:0000073");
insert into ontology_definitions values (24706, 5, "EHDAA2:0001556", NULL, 1);
insert into ontology_terms values (50990, 24707, "pro-rhombomere c", 0, 0, 0, 0);
insert into ontology_relationships values (24707, "is_a", "CARO:0000055");
insert into ontology_definitions values (24707, 5, "EHDAA2:0001557", NULL, 1);
insert into ontology_terms values (50991, 24708, "pro-rhombomere c floor plate", 0, 0, 0, 0);
insert into ontology_relationships values (24708, "is_a", "CARO:0000068");
insert into ontology_definitions values (24708, 5, "EHDAA2:0001558", NULL, 1);
insert into ontology_terms values (50992, 24709, "pro-rhombomere c lateral wall", 0, 0, 0, 0);
insert into ontology_relationships values (24709, "is_a", "AEO:0001008");
insert into ontology_definitions values (24709, 5, "EHDAA2:0001559", NULL, 1);
insert into ontology_terms values (50993, 24710, "pro-rhombomere c neural crest", 0, 0, 0, 0);
insert into ontology_relationships values (24710, "is_a", "AEO:0000132");
insert into ontology_definitions values (24710, 5, "EHDAA2:0001560", NULL, 1);
insert into ontology_terms values (50994, 24711, "pro-rhombomere c neural fold", 0, 0, 0, 0);
insert into ontology_relationships values (24711, "is_a", "AEO:0001008");
insert into ontology_definitions values (24711, 5, "EHDAA2:0001561", NULL, 1);
insert into ontology_terms values (50995, 24712, "pro-rhombomere c roof plate", 0, 0, 0, 0);
insert into ontology_relationships values (24712, "is_a", "CARO:0000073");
insert into ontology_definitions values (24712, 5, "EHDAA2:0001562", NULL, 1);
insert into ontology_terms values (50996, 24713, "pro-rhombomere d", 0, 0, 0, 0);
insert into ontology_relationships values (24713, "is_a", "CARO:0000055");
insert into ontology_definitions values (24713, 5, "EHDAA2:0001563", NULL, 1);
insert into ontology_terms values (50997, 24714, "pro-rhombomere d floor plate", 0, 0, 0, 0);
insert into ontology_relationships values (24714, "is_a", "CARO:0000068");
insert into ontology_definitions values (24714, 5, "EHDAA2:0001564", NULL, 1);
insert into ontology_terms values (50998, 24715, "pro-rhombomere d lateral wall", 0, 0, 0, 0);
insert into ontology_relationships values (24715, "is_a", "AEO:0001008");
insert into ontology_definitions values (24715, 5, "EHDAA2:0001565", NULL, 1);
insert into ontology_terms values (50999, 24716, "pro-rhombomere d neural crest", 0, 0, 0, 0);
insert into ontology_relationships values (24716, "is_a", "AEO:0000132");
insert into ontology_definitions values (24716, 5, "EHDAA2:0001567", NULL, 1);
insert into ontology_terms values (51000, 24717, "pro-rhombomere d neural fold", 0, 0, 0, 0);
insert into ontology_relationships values (24717, "is_a", "AEO:0001008");
insert into ontology_definitions values (24717, 5, "EHDAA2:0001568", NULL, 1);
insert into ontology_terms values (51001, 24718, "pro-rhombomere d roof plate", 0, 0, 0, 0);
insert into ontology_relationships values (24718, "is_a", "CARO:0000073");
insert into ontology_definitions values (24718, 5, "EHDAA2:0001569", NULL, 1);
insert into ontology_terms values (51002, 24719, "pronephros", 0, 0, 0, 0);
insert into ontology_relationships values (24719, "is_a", "CARO:0000055");
insert into ontology_definitions values (24719, 5, "EHDAA2:0001570", NULL, 1);
insert into ontology_terms values (51003, 24720, "prosencephalic vesicle", 0, 0, 0, 0);
insert into ontology_relationships values (24720, "is_a", "AEO:0000221");
insert into ontology_definitions values (24720, 5, "EHDAA2:0001571", NULL, 1);
insert into ontology_terms values (51004, 24721, "pubic cartilage condensation", 0, 0, 0, 0);
insert into ontology_relationships values (24721, "is_a", "AEO:0000147");
insert into ontology_definitions values (24721, 5, "EHDAA2:0001573", NULL, 1);
insert into ontology_terms values (51005, 24722, "pubic pre-cartilage condensation", 0, 0, 0, 0);
insert into ontology_relationships values (24722, "is_a", "AEO:0000150");
insert into ontology_definitions values (24722, 5, "EHDAA2:0001574", NULL, 1);
insert into ontology_terms values (51006, 24723, "pulmonary artery", 0, 0, 0, 0);
insert into ontology_relationships values (24723, "is_a", "AEO:0000208");
insert into ontology_definitions values (24723, 5, "EHDAA2:0001575", NULL, 1);
insert into ontology_terms values (51007, 24724, "pulmonary trunk", 0, 0, 0, 0);
insert into ontology_relationships values (24724, "is_a", "AEO:0000208");
insert into ontology_definitions values (24724, 5, "EHDAA2:0001576", NULL, 1);
insert into ontology_terms values (51008, 24725, "pulmonary valve", 0, 0, 0, 0);
insert into ontology_relationships values (24725, "is_a", "EHDAA2:0004046");
insert into ontology_definitions values (24725, 5, "EHDAA2:0001577", NULL, 1);
insert into ontology_terms values (51009, 24726, "pulmonary valve leaflet mesenchyme", 0, 0, 0, 0);
insert into ontology_relationships values (24726, "is_a", "AEO:0000146");
insert into ontology_definitions values (24726, 5, "EHDAA2:0001578", NULL, 1);
insert into ontology_terms values (51010, 24727, "pulmonary veins", 0, 0, 0, 0);
insert into ontology_relationships values (24727, "is_a", "AEO:0000209");
insert into ontology_definitions values (24727, 5, "EHDAA2:0001579", NULL, 1);
insert into ontology_terms values (51011, 24728, "stomach pyloric region", 0, 0, 0, 0);
insert into ontology_relationships values (24728, "is_a", "CARO:0000055");
insert into ontology_definitions values (24728, 5, "EHDAA2:0001580", NULL, 1);
insert into ontology_terms values (51012, 24729, "stomach pyloric region associated mesenchyme", 0, 0, 0, 0);
insert into ontology_relationships values (24729, "is_a", "AEO:0000146");
insert into ontology_definitions values (24729, 5, "EHDAA2:0001581", NULL, 1);
insert into ontology_terms values (51013, 24730, "stomach pyloric region epithelium", 0, 0, 0, 0);
insert into ontology_relationships values (24730, "is_a", "CARO:0000073");
insert into ontology_definitions values (24730, 5, "EHDAA2:0001582", NULL, 1);
insert into ontology_terms values (51014, 24731, "quadriceps", 0, 0, 0, 0);
insert into ontology_relationships values (24731, "is_a", "AEO:0000140");
insert into ontology_definitions values (24731, 5, "EHDAA2:0001583", NULL, 1);
insert into ontology_terms values (51015, 24732, "radial nerve", 0, 0, 0, 0);
insert into ontology_relationships values (24732, "is_a", "AEO:0000137");
insert into ontology_definitions values (24732, 5, "EHDAA2:0001584", NULL, 1);
insert into ontology_terms values (51016, 24733, "radius cartilage condensation", 0, 0, 0, 0);
insert into ontology_relationships values (24733, "is_a", "AEO:0000147");
insert into ontology_definitions values (24733, 5, "EHDAA2:0001585", NULL, 1);
insert into ontology_terms values (51017, 24734, "radius pre-cartilage condensation", 0, 0, 0, 0);
insert into ontology_relationships values (24734, "is_a", "AEO:0000150");
insert into ontology_definitions values (24734, 5, "EHDAA2:0001586", NULL, 1);
insert into ontology_terms values (51018, 24735, "radius-ulna pre-cartilage condensation", 0, 0, 0, 0);
insert into ontology_relationships values (24735, "is_a", "AEO:0000150");
insert into ontology_definitions values (24735, 5, "EHDAA2:0001587", NULL, 1);
insert into ontology_terms values (51019, 24736, "adenohypophysial pouch", 0, 0, 0, 0);
insert into ontology_relationships values (24736, "is_a", "AEO:0000115");
insert into ontology_definitions values (24736, 5, "EHDAA2:0001588", NULL, 1);
insert into ontology_terms values (51020, 24737, "rectum", 0, 0, 0, 0);
insert into ontology_relationships values (24737, "is_a", "CARO:0000055");
insert into ontology_definitions values (24737, 5, "EHDAA2:0001592", NULL, 1);
insert into ontology_terms values (51021, 24738, "rectum associated mesenchyme", 0, 0, 0, 0);
insert into ontology_relationships values (24738, "is_a", "AEO:0000146");
insert into ontology_definitions values (24738, 5, "EHDAA2:0001593", NULL, 1);
insert into ontology_terms values (51022, 24739, "rectum epithelium", 0, 0, 0, 0);
insert into ontology_relationships values (24739, "is_a", "CARO:0000073");
insert into ontology_definitions values (24739, 5, "EHDAA2:0001594", NULL, 1);
insert into ontology_terms values (51023, 24740, "rectus abdominis", 0, 0, 0, 0);
insert into ontology_relationships values (24740, "is_a", "AEO:0000140");
insert into ontology_definitions values (24740, 5, "EHDAA2:0001595", NULL, 1);
insert into ontology_terms values (51024, 24741, "remnant of posterior cardinal vein", 0, 0, 0, 0);
insert into ontology_relationships values (24741, "is_a", "AEO:0000209");
insert into ontology_definitions values (24741, 5, "EHDAA2:0001597", NULL, 1);
insert into ontology_terms values (51025, 24742, "adenohypophysial stem", 0, 0, 0, 0);
insert into ontology_relationships values (24742, "is_a", "AEO:0000216");
insert into ontology_definitions values (24742, 5, "EHDAA2:0001598", NULL, 1);
insert into ontology_terms values (51026, 24743, "urinary system", 0, 0, 0, 0);
insert into ontology_relationships values (24743, "is_a", "CARO:0000011");
insert into ontology_definitions values (24743, 5, "EHDAA2:0001601", NULL, 1);
insert into ontology_terms values (51027, 24744, "renal vein", 0, 0, 0, 0);
insert into ontology_relationships values (24744, "is_a", "AEO:0000209");
insert into ontology_definitions values (24744, 5, "EHDAA2:0001602", NULL, 1);
insert into ontology_terms values (51028, 24745, "reproductive system", 0, 0, 0, 0);
insert into ontology_relationships values (24745, "is_a", "CARO:0000011");
insert into ontology_definitions values (24745, 5, "EHDAA2:0001603", NULL, 1);
insert into ontology_terms values (51029, 24746, "respiratory system", 0, 0, 0, 0);
insert into ontology_relationships values (24746, "is_a", "CARO:0000011");
insert into ontology_definitions values (24746, 5, "EHDAA2:0001604", NULL, 1);
insert into ontology_terms values (51030, 24747, "respiratory tract", 0, 0, 0, 0);
insert into ontology_relationships values (24747, "is_a", "CARO:0000055");
insert into ontology_definitions values (24747, 5, "EHDAA2:0001606", NULL, 1);
insert into ontology_terms values (51031, 24748, "hindgut part of future large intestine", 0, 0, 0, 0);
insert into ontology_relationships values (24748, "is_a", "CARO:0000055");
insert into ontology_definitions values (24748, 5, "EHDAA2:0001610", NULL, 1);
insert into ontology_terms values (51032, 24749, "hindgut part of future large intestine associated mesenchyme", 0, 0, 0, 0);
insert into ontology_relationships values (24749, "is_a", "AEO:0000146");
insert into ontology_definitions values (24749, 5, "EHDAA2:0001611", NULL, 1);
insert into ontology_terms values (51033, 24750, "hindgut part of future large intestine epithelium", 0, 0, 0, 0);
insert into ontology_relationships values (24750, "is_a", "CARO:0000073");
insert into ontology_definitions values (24750, 5, "EHDAA2:0001613", NULL, 1);
insert into ontology_terms values (51034, 24751, "hindgut part of future large intestine dorsal mesentery", 0, 0, 0, 0);
insert into ontology_relationships values (24751, "is_a", "AEO:0000151");
insert into ontology_definitions values (24751, 5, "EHDAA2:0001614", NULL, 1);
insert into ontology_terms values (51035, 24752, "future jejunum & ileum", 0, 0, 0, 0);
insert into ontology_relationships values (24752, "is_a", "CARO:0000055");
insert into ontology_definitions values (24752, 5, "EHDAA2:0001615", NULL, 1);
insert into ontology_terms values (51036, 24753, "future jejunum & ileum associated mesenchyme", 0, 0, 0, 0);
insert into ontology_relationships values (24753, "is_a", "AEO:0000146");
insert into ontology_definitions values (24753, 5, "EHDAA2:0001616", NULL, 1);
insert into ontology_terms values (51037, 24754, "future jejunum & ileum epithelium", 0, 0, 0, 0);
insert into ontology_relationships values (24754, "is_a", "AEO:0000114");
insert into ontology_relationships values (24754, "is_a", "CARO:0000073");
insert into ontology_definitions values (24754, 5, "EHDAA2:0001619", NULL, 1);
insert into ontology_terms values (51038, 24755, "rest of stomach", 0, 0, 0, 0);
insert into ontology_relationships values (24755, "is_a", "CARO:0000055");
insert into ontology_definitions values (24755, 5, "EHDAA2:0001623", NULL, 1);
insert into ontology_terms values (51039, 24756, "rest of stomach associated mesenchyme", 0, 0, 0, 0);
insert into ontology_relationships values (24756, "is_a", "AEO:0000146");
insert into ontology_definitions values (24756, 5, "EHDAA2:0001624", NULL, 1);
insert into ontology_terms values (51040, 24757, "rest of stomach epithelium", 0, 0, 0, 0);
insert into ontology_relationships values (24757, "is_a", "CARO:0000073");
insert into ontology_definitions values (24757, 5, "EHDAA2:0001625", NULL, 1);
insert into ontology_terms values (51041, 24758, "reticulum", 0, 0, 0, 0);
insert into ontology_relationships values (24758, "is_a", "CARO:0000042");
insert into ontology_definitions values (24758, 5, "EHDAA2:0001626", NULL, 1);
insert into ontology_terms values (51042, 24759, "retina", 0, 0, 0, 0);
insert into ontology_relationships values (24759, "is_a", "CARO:0000055");
insert into ontology_definitions values (24759, 5, "EHDAA2:0001627", NULL, 1);
insert into ontology_terms values (51043, 24760, "rhombencephalic neural crest", 0, 0, 0, 0);
insert into ontology_relationships values (24760, "is_a", "AEO:0000132");
insert into ontology_relationships values (24760, "is_a", "AEO:0000152");
insert into ontology_definitions values (24760, 5, "EHDAA2:0001628", NULL, 1);
insert into ontology_terms values (51044, 24761, "rhombencephalon", 0, 0, 0, 0);
insert into ontology_relationships values (24761, "is_a", "CARO:0000055");
insert into ontology_definitions values (24761, 5, "EHDAA2:0001630", NULL, 1);
insert into ontology_terms values (51045, 24762, "isthmus primordium", 0, 0, 0, 0);
insert into ontology_relationships values (24762, "is_a", "CARO:0000055");
insert into ontology_definitions values (24762, 5, "EHDAA2:0001632", NULL, 1);
insert into ontology_terms values (51046, 24763, "rhomboid", 0, 0, 0, 0);
insert into ontology_relationships values (24763, "is_a", "AEO:0000140");
insert into ontology_definitions values (24763, 5, "EHDAA2:0001635", NULL, 1);
insert into ontology_terms values (51047, 24764, "rhomboid pre-muscle mass", 0, 0, 0, 0);
insert into ontology_relationships values (24764, "is_a", "AEO:0000149");
insert into ontology_definitions values (24764, 5, "EHDAA2:0001636", NULL, 1);
insert into ontology_terms values (51048, 24765, "rhombomere 01", 0, 0, 0, 0);
insert into ontology_relationships values (24765, "is_a", "CARO:0000055");
insert into ontology_definitions values (24765, 5, "EHDAA2:0001637", NULL, 1);
insert into ontology_terms values (51049, 24766, "early rhombomere 01", 0, 0, 0, 0);
insert into ontology_relationships values (24766, "is_a", "CARO:0000055");
insert into ontology_definitions values (24766, 5, "EHDAA2:0001639", NULL, 1);
insert into ontology_terms values (51050, 24767, "rhombomere 01 floor plate", 0, 0, 0, 0);
insert into ontology_relationships values (24767, "is_a", "CARO:0000068");
insert into ontology_definitions values (24767, 5, "EHDAA2:0001640", NULL, 1);
insert into ontology_terms values (51051, 24768, "rhombomere 01 lateral wall", 0, 0, 0, 0);
insert into ontology_relationships values (24768, "is_a", "AEO:0001008");
insert into ontology_relationships values (24768, "is_a", "CARO:0000055");
insert into ontology_definitions values (24768, 5, "EHDAA2:0001641", NULL, 1);
insert into ontology_terms values (51052, 24769, "rhombomere 01 mantle layer", 0, 0, 0, 0);
insert into ontology_relationships values (24769, "is_a", "AEO:0001010");
insert into ontology_relationships values (24769, "is_a", "CARO:0000055");
insert into ontology_definitions values (24769, 5, "EHDAA2:0001642", NULL, 1);
insert into ontology_terms values (51053, 24770, "rhombomere 01 marginal layer", 0, 0, 0, 0);
insert into ontology_relationships values (24770, "is_a", "AEO:0001011");
insert into ontology_definitions values (24770, 5, "EHDAA2:0001643", NULL, 1);
insert into ontology_terms values (51054, 24771, "rhombomere 01 roof plate", 0, 0, 0, 0);
insert into ontology_relationships values (24771, "is_a", "CARO:0000073");
insert into ontology_definitions values (24771, 5, "EHDAA2:0001645", NULL, 1);
insert into ontology_terms values (51055, 24772, "rhombomere 01 ventricular layer", 0, 0, 0, 0);
insert into ontology_relationships values (24772, "is_a", "AEO:0001009");
insert into ontology_definitions values (24772, 5, "EHDAA2:0001646", NULL, 1);
insert into ontology_terms values (51056, 24773, "rhombomere 02", 0, 0, 0, 0);
insert into ontology_relationships values (24773, "is_a", "CARO:0000055");
insert into ontology_definitions values (24773, 5, "EHDAA2:0001647", NULL, 1);
insert into ontology_terms values (51057, 24774, "early rhombomere 02", 0, 0, 0, 0);
insert into ontology_relationships values (24774, "is_a", "CARO:0000055");
insert into ontology_definitions values (24774, 5, "EHDAA2:0001649", NULL, 1);
insert into ontology_terms values (51058, 24775, "rhombomere 02 floor plate", 0, 0, 0, 0);
insert into ontology_relationships values (24775, "is_a", "CARO:0000068");
insert into ontology_definitions values (24775, 5, "EHDAA2:0001650", NULL, 1);
insert into ontology_terms values (51059, 24776, "rhombomere 02 lateral wall", 0, 0, 0, 0);
insert into ontology_relationships values (24776, "is_a", "AEO:0001008");
insert into ontology_relationships values (24776, "is_a", "CARO:0000055");
insert into ontology_definitions values (24776, 5, "EHDAA2:0001651", NULL, 1);
insert into ontology_terms values (51060, 24777, "rhombomere 02 mantle layer", 0, 0, 0, 0);
insert into ontology_relationships values (24777, "is_a", "AEO:0001010");
insert into ontology_relationships values (24777, "is_a", "CARO:0000055");
insert into ontology_definitions values (24777, 5, "EHDAA2:0001652", NULL, 1);
insert into ontology_terms values (51061, 24778, "rhombomere 02 marginal layer", 0, 0, 0, 0);
insert into ontology_relationships values (24778, "is_a", "AEO:0001011");
insert into ontology_definitions values (24778, 5, "EHDAA2:0001653", NULL, 1);
insert into ontology_terms values (51062, 24779, "rhombomere 02 roof plate", 0, 0, 0, 0);
insert into ontology_relationships values (24779, "is_a", "CARO:0000073");
insert into ontology_definitions values (24779, 5, "EHDAA2:0001655", NULL, 1);
insert into ontology_terms values (51063, 24780, "rhombomere 02 ventricular layer", 0, 0, 0, 0);
insert into ontology_relationships values (24780, "is_a", "AEO:0001009");
insert into ontology_definitions values (24780, 5, "EHDAA2:0001656", NULL, 1);
insert into ontology_terms values (51064, 24781, "rhombomere 03", 0, 0, 0, 0);
insert into ontology_relationships values (24781, "is_a", "CARO:0000055");
insert into ontology_definitions values (24781, 5, "EHDAA2:0001657", NULL, 1);
insert into ontology_terms values (51065, 24782, "early rhombomere 03", 0, 0, 0, 0);
insert into ontology_relationships values (24782, "is_a", "CARO:0000055");
insert into ontology_definitions values (24782, 5, "EHDAA2:0001659", NULL, 1);
insert into ontology_terms values (51066, 24783, "rhombomere 03 floor plate", 0, 0, 0, 0);
insert into ontology_relationships values (24783, "is_a", "CARO:0000068");
insert into ontology_definitions values (24783, 5, "EHDAA2:0001660", NULL, 1);
insert into ontology_terms values (51067, 24784, "rhombomere 03 lateral wall", 0, 0, 0, 0);
insert into ontology_relationships values (24784, "is_a", "AEO:0001008");
insert into ontology_relationships values (24784, "is_a", "CARO:0000055");
insert into ontology_definitions values (24784, 5, "EHDAA2:0001661", NULL, 1);
insert into ontology_terms values (51068, 24785, "rhombomere 03 mantle layer", 0, 0, 0, 0);
insert into ontology_relationships values (24785, "is_a", "AEO:0001010");
insert into ontology_relationships values (24785, "is_a", "CARO:0000055");
insert into ontology_definitions values (24785, 5, "EHDAA2:0001662", NULL, 1);
insert into ontology_terms values (51069, 24786, "rhombomere 03 marginal layer", 0, 0, 0, 0);
insert into ontology_relationships values (24786, "is_a", "AEO:0001011");
insert into ontology_definitions values (24786, 5, "EHDAA2:0001663", NULL, 1);
insert into ontology_terms values (51070, 24787, "rhombomere 03 roof plate", 0, 0, 0, 0);
insert into ontology_relationships values (24787, "is_a", "CARO:0000073");
insert into ontology_definitions values (24787, 5, "EHDAA2:0001665", NULL, 1);
insert into ontology_terms values (51071, 24788, "rhombomere 03 ventricular layer", 0, 0, 0, 0);
insert into ontology_relationships values (24788, "is_a", "AEO:0001009");
insert into ontology_definitions values (24788, 5, "EHDAA2:0001666", NULL, 1);
insert into ontology_terms values (51072, 24789, "rhombomere 04", 0, 0, 0, 0);
insert into ontology_relationships values (24789, "is_a", "CARO:0000055");
insert into ontology_definitions values (24789, 5, "EHDAA2:0001667", NULL, 1);
insert into ontology_terms values (51073, 24790, "early rhombomere 04", 0, 0, 0, 0);
insert into ontology_relationships values (24790, "is_a", "CARO:0000055");
insert into ontology_definitions values (24790, 5, "EHDAA2:0001669", NULL, 1);
insert into ontology_terms values (51074, 24791, "rhombomere 04 floor plate", 0, 0, 0, 0);
insert into ontology_relationships values (24791, "is_a", "CARO:0000068");
insert into ontology_definitions values (24791, 5, "EHDAA2:0001670", NULL, 1);
insert into ontology_terms values (51075, 24792, "rhombomere 04 lateral wall", 0, 0, 0, 0);
insert into ontology_relationships values (24792, "is_a", "AEO:0001008");
insert into ontology_relationships values (24792, "is_a", "CARO:0000055");
insert into ontology_definitions values (24792, 5, "EHDAA2:0001671", NULL, 1);
insert into ontology_terms values (51076, 24793, "rhombomere 04 mantle layer", 0, 0, 0, 0);
insert into ontology_relationships values (24793, "is_a", "AEO:0001010");
insert into ontology_relationships values (24793, "is_a", "CARO:0000055");
insert into ontology_definitions values (24793, 5, "EHDAA2:0001672", NULL, 1);
insert into ontology_terms values (51077, 24794, "rhombomere 04 marginal layer", 0, 0, 0, 0);
insert into ontology_relationships values (24794, "is_a", "AEO:0001011");
insert into ontology_definitions values (24794, 5, "EHDAA2:0001673", NULL, 1);
insert into ontology_terms values (51078, 24795, "rhombomere 04 roof plate", 0, 0, 0, 0);
insert into ontology_relationships values (24795, "is_a", "CARO:0000073");
insert into ontology_definitions values (24795, 5, "EHDAA2:0001675", NULL, 1);
insert into ontology_terms values (51079, 24796, "rhombomere 04 ventricular layer", 0, 0, 0, 0);
insert into ontology_relationships values (24796, "is_a", "AEO:0001009");
insert into ontology_definitions values (24796, 5, "EHDAA2:0001676", NULL, 1);
insert into ontology_terms values (51080, 24797, "rhombomere 05", 0, 0, 0, 0);
insert into ontology_relationships values (24797, "is_a", "CARO:0000055");
insert into ontology_definitions values (24797, 5, "EHDAA2:0001677", NULL, 1);
insert into ontology_terms values (51081, 24798, "early rhombomere 05", 0, 0, 0, 0);
insert into ontology_relationships values (24798, "is_a", "CARO:0000055");
insert into ontology_definitions values (24798, 5, "EHDAA2:0001679", NULL, 1);
insert into ontology_terms values (51082, 24799, "rhombomere 05 floor plate", 0, 0, 0, 0);
insert into ontology_relationships values (24799, "is_a", "CARO:0000068");
insert into ontology_definitions values (24799, 5, "EHDAA2:0001680", NULL, 1);
insert into ontology_terms values (51083, 24800, "rhombomere 05 lateral wall", 0, 0, 0, 0);
insert into ontology_relationships values (24800, "is_a", "AEO:0001008");
insert into ontology_relationships values (24800, "is_a", "CARO:0000055");
insert into ontology_definitions values (24800, 5, "EHDAA2:0001681", NULL, 1);
insert into ontology_terms values (51084, 24801, "rhombomere 05 mantle layer", 0, 0, 0, 0);
insert into ontology_relationships values (24801, "is_a", "AEO:0001010");
insert into ontology_relationships values (24801, "is_a", "CARO:0000055");
insert into ontology_definitions values (24801, 5, "EHDAA2:0001682", NULL, 1);
insert into ontology_terms values (51085, 24802, "rhombomere 05 marginal layer", 0, 0, 0, 0);
insert into ontology_relationships values (24802, "is_a", "AEO:0001011");
insert into ontology_definitions values (24802, 5, "EHDAA2:0001683", NULL, 1);
insert into ontology_terms values (51086, 24803, "rhombomere 05 roof plate", 0, 0, 0, 0);
insert into ontology_relationships values (24803, "is_a", "CARO:0000073");
insert into ontology_definitions values (24803, 5, "EHDAA2:0001685", NULL, 1);
insert into ontology_terms values (51087, 24804, "rhombomere 05 ventricular layer", 0, 0, 0, 0);
insert into ontology_relationships values (24804, "is_a", "AEO:0001009");
insert into ontology_definitions values (24804, 5, "EHDAA2:0001686", NULL, 1);
insert into ontology_terms values (51088, 24805, "rhombomere 06", 0, 0, 0, 0);
insert into ontology_relationships values (24805, "is_a", "CARO:0000055");
insert into ontology_definitions values (24805, 5, "EHDAA2:0001687", NULL, 1);
insert into ontology_terms values (51089, 24806, "early rhombomere 06", 0, 0, 0, 0);
insert into ontology_relationships values (24806, "is_a", "CARO:0000055");
insert into ontology_definitions values (24806, 5, "EHDAA2:0001689", NULL, 1);
insert into ontology_terms values (51090, 24807, "rhombomere 06 floor plate", 0, 0, 0, 0);
insert into ontology_relationships values (24807, "is_a", "CARO:0000068");
insert into ontology_definitions values (24807, 5, "EHDAA2:0001690", NULL, 1);
insert into ontology_terms values (51091, 24808, "rhombomere 06 lateral wall", 0, 0, 0, 0);
insert into ontology_relationships values (24808, "is_a", "AEO:0001008");
insert into ontology_relationships values (24808, "is_a", "CARO:0000055");
insert into ontology_definitions values (24808, 5, "EHDAA2:0001691", NULL, 1);
insert into ontology_terms values (51092, 24809, "rhombomere 06 mantle layer", 0, 0, 0, 0);
insert into ontology_relationships values (24809, "is_a", "AEO:0001010");
insert into ontology_relationships values (24809, "is_a", "CARO:0000055");
insert into ontology_definitions values (24809, 5, "EHDAA2:0001692", NULL, 1);
insert into ontology_terms values (51093, 24810, "rhombomere 06 marginal layer", 0, 0, 0, 0);
insert into ontology_relationships values (24810, "is_a", "AEO:0001011");
insert into ontology_definitions values (24810, 5, "EHDAA2:0001693", NULL, 1);
insert into ontology_terms values (51094, 24811, "rhombomere 06 roof plate", 0, 0, 0, 0);
insert into ontology_relationships values (24811, "is_a", "CARO:0000073");
insert into ontology_definitions values (24811, 5, "EHDAA2:0001695", NULL, 1);
insert into ontology_terms values (51095, 24812, "rhombomere 06 ventricular layer", 0, 0, 0, 0);
insert into ontology_relationships values (24812, "is_a", "AEO:0001009");
insert into ontology_definitions values (24812, 5, "EHDAA2:0001696", NULL, 1);
insert into ontology_terms values (51096, 24813, "rhombomere 07", 0, 0, 0, 0);
insert into ontology_relationships values (24813, "is_a", "CARO:0000055");
insert into ontology_definitions values (24813, 5, "EHDAA2:0001697", NULL, 1);
insert into ontology_terms values (51097, 24814, "early rhombomere 07", 0, 0, 0, 0);
insert into ontology_relationships values (24814, "is_a", "CARO:0000055");
insert into ontology_definitions values (24814, 5, "EHDAA2:0001699", NULL, 1);
insert into ontology_terms values (51098, 24815, "rhombomere 07 floor plate", 0, 0, 0, 0);
insert into ontology_relationships values (24815, "is_a", "CARO:0000068");
insert into ontology_definitions values (24815, 5, "EHDAA2:0001700", NULL, 1);
insert into ontology_terms values (51099, 24816, "rhombomere 07 lateral wall", 0, 0, 0, 0);
insert into ontology_relationships values (24816, "is_a", "AEO:0001008");
insert into ontology_relationships values (24816, "is_a", "CARO:0000055");
insert into ontology_definitions values (24816, 5, "EHDAA2:0001701", NULL, 1);
insert into ontology_terms values (51100, 24817, "rhombomere 07 mantle layer", 0, 0, 0, 0);
insert into ontology_relationships values (24817, "is_a", "AEO:0001010");
insert into ontology_relationships values (24817, "is_a", "CARO:0000055");
insert into ontology_definitions values (24817, 5, "EHDAA2:0001702", NULL, 1);
insert into ontology_terms values (51101, 24818, "rhombomere 07 marginal layer", 0, 0, 0, 0);
insert into ontology_relationships values (24818, "is_a", "AEO:0001011");
insert into ontology_definitions values (24818, 5, "EHDAA2:0001703", NULL, 1);
insert into ontology_terms values (51102, 24819, "rhombomere 07 roof plate", 0, 0, 0, 0);
insert into ontology_relationships values (24819, "is_a", "CARO:0000073");
insert into ontology_definitions values (24819, 5, "EHDAA2:0001705", NULL, 1);
insert into ontology_terms values (51103, 24820, "rhombomere 07 ventricular layer", 0, 0, 0, 0);
insert into ontology_relationships values (24820, "is_a", "AEO:0001009");
insert into ontology_definitions values (24820, 5, "EHDAA2:0001706", NULL, 1);
insert into ontology_terms values (51104, 24821, "rhombomere 08", 0, 0, 0, 0);
insert into ontology_relationships values (24821, "is_a", "CARO:0000055");
insert into ontology_definitions values (24821, 5, "EHDAA2:0001707", NULL, 1);
insert into ontology_terms values (51105, 24822, "early rhombomere 08", 0, 0, 0, 0);
insert into ontology_relationships values (24822, "is_a", "CARO:0000055");
insert into ontology_definitions values (24822, 5, "EHDAA2:0001708", NULL, 1);
insert into ontology_terms values (51106, 24823, "rhombomere 08 floor plate", 0, 0, 0, 0);
insert into ontology_relationships values (24823, "is_a", "CARO:0000068");
insert into ontology_definitions values (24823, 5, "EHDAA2:0001709", NULL, 1);
insert into ontology_terms values (51107, 24824, "rhombomere 08 lateral wall", 0, 0, 0, 0);
insert into ontology_relationships values (24824, "is_a", "AEO:0001008");
insert into ontology_relationships values (24824, "is_a", "CARO:0000055");
insert into ontology_definitions values (24824, 5, "EHDAA2:0001710", NULL, 1);
insert into ontology_terms values (51108, 24825, "rhombomere 08 mantle layer", 0, 0, 0, 0);
insert into ontology_relationships values (24825, "is_a", "AEO:0001010");
insert into ontology_relationships values (24825, "is_a", "CARO:0000055");
insert into ontology_definitions values (24825, 5, "EHDAA2:0001711", NULL, 1);
insert into ontology_terms values (51109, 24826, "rhombomere 08 marginal layer", 0, 0, 0, 0);
insert into ontology_relationships values (24826, "is_a", "AEO:0001011");
insert into ontology_definitions values (24826, 5, "EHDAA2:0001712", NULL, 1);
insert into ontology_terms values (51110, 24827, "rhombomere 08 roof plate", 0, 0, 0, 0);
insert into ontology_relationships values (24827, "is_a", "CARO:0000073");
insert into ontology_definitions values (24827, 5, "EHDAA2:0001714", NULL, 1);
insert into ontology_terms values (51111, 24828, "rhombomere 08 ventricular layer", 0, 0, 0, 0);
insert into ontology_relationships values (24828, "is_a", "AEO:0001009");
insert into ontology_definitions values (24828, 5, "EHDAA2:0001715", NULL, 1);
insert into ontology_terms values (51112, 24829, "rib cartilage condensation group", 0, 0, 0, 0);
insert into ontology_relationships values (24829, "is_a", "AEO:0000147");
insert into ontology_relationships values (24829, "is_a", "AEO:0000210");
insert into ontology_definitions values (24829, 5, "EHDAA2:0001716", NULL, 1);
insert into ontology_terms values (51113, 24830, "rib pre-cartilage condensation group", 0, 0, 0, 0);
insert into ontology_relationships values (24830, "is_a", "AEO:0000150");
insert into ontology_relationships values (24830, "is_a", "AEO:0000210");
insert into ontology_definitions values (24830, 5, "EHDAA2:0001717", NULL, 1);
insert into ontology_terms values (51114, 24831, "right atrioventricular canal", 0, 0, 0, 0);
insert into ontology_relationships values (24831, "is_a", "AEO:0000078");
insert into ontology_definitions values (24831, 5, "EHDAA2:0001719", NULL, 1);
insert into ontology_terms values (51115, 24832, "right dorsal aorta", 0, 0, 0, 0);
insert into ontology_relationships values (24832, "is_a", "AEO:0000208");
insert into ontology_definitions values (24832, 5, "EHDAA2:0001720", NULL, 1);
insert into ontology_terms values (51116, 24833, "extraembryonic umbilical artery right", 0, 0, 0, 0);
insert into ontology_relationships values (24833, "is_a", "AEO:0000208");
insert into ontology_relationships values (24833, "is_a", "CARO:0000042");
insert into ontology_definitions values (24833, 5, "EHDAA2:0001721", NULL, 1);
insert into ontology_terms values (51117, 24834, "extraembryonic umbilical vein right", 0, 0, 0, 0);
insert into ontology_relationships values (24834, "is_a", "AEO:0000209");
insert into ontology_relationships values (24834, "is_a", "CARO:0000042");
insert into ontology_definitions values (24834, 5, "EHDAA2:0001722", NULL, 1);
insert into ontology_terms values (51118, 24835, "extraembryonic vitelline artery right", 0, 0, 0, 0);
insert into ontology_relationships values (24835, "is_a", "AEO:0000208");
insert into ontology_relationships values (24835, "is_a", "CARO:0000042");
insert into ontology_definitions values (24835, 5, "EHDAA2:0001723", NULL, 1);
insert into ontology_terms values (51119, 24836, "extraembryonic vitelline vein right", 0, 0, 0, 0);
insert into ontology_relationships values (24836, "is_a", "AEO:0000209");
insert into ontology_relationships values (24836, "is_a", "CARO:0000042");
insert into ontology_definitions values (24836, 5, "EHDAA2:0001724", NULL, 1);
insert into ontology_terms values (51120, 24837, "right hepatic duct", 0, 0, 0, 0);
insert into ontology_relationships values (24837, "is_a", "AEO:0000117");
insert into ontology_definitions values (24837, 5, "EHDAA2:0001727", NULL, 1);
insert into ontology_terms values (51121, 24838, "hepato-cardiac vein right", 0, 0, 0, 0);
insert into ontology_relationships values (24838, "is_a", "AEO:0000209");
insert into ontology_definitions values (24838, 5, "EHDAA2:0001728", NULL, 1);
insert into ontology_terms values (51122, 24839, "right lung", 0, 0, 0, 0);
insert into ontology_relationships values (24839, "is_a", "CARO:0000024");
insert into ontology_definitions values (24839, 5, "EHDAA2:0001730", NULL, 1);
insert into ontology_terms values (51123, 24840, "right lung middle lobe", 0, 0, 0, 0);
insert into ontology_relationships values (24840, "is_a", "CARO:0000055");
insert into ontology_definitions values (24840, 5, "EHDAA2:0001731", NULL, 1);
insert into ontology_terms values (51124, 24841, "right lung middle lobe associated mesenchyme", 0, 0, 0, 0);
insert into ontology_relationships values (24841, "is_a", "AEO:0000146");
insert into ontology_definitions values (24841, 5, "EHDAA2:0001732", NULL, 1);
insert into ontology_terms values (51125, 24842, "right lung middle lobe bronchiole", 0, 0, 0, 0);
insert into ontology_relationships values (24842, "is_a", "AEO:0000114");
insert into ontology_definitions values (24842, 5, "EHDAA2:0001733", NULL, 1);
insert into ontology_terms values (51126, 24843, "right lung middle lobe epithelium", 0, 0, 0, 0);
insert into ontology_relationships values (24843, "is_a", "AEO:0000117");
insert into ontology_definitions values (24843, 5, "EHDAA2:0001735", NULL, 1);
insert into ontology_terms values (51127, 24844, "right lung middle lobe lobar bronchus", 0, 0, 0, 0);
insert into ontology_relationships values (24844, "is_a", "AEO:0000114");
insert into ontology_definitions values (24844, 5, "EHDAA2:0001736", NULL, 1);
insert into ontology_terms values (51128, 24845, "right lung middle lobe segmental bronchi", 0, 0, 0, 0);
insert into ontology_relationships values (24845, "is_a", "AEO:0000114");
insert into ontology_definitions values (24845, 5, "EHDAA2:0001737", NULL, 1);
insert into ontology_terms values (51129, 24846, "right lung middle lobe segmental bronchus", 0, 0, 0, 0);
insert into ontology_relationships values (24846, "is_a", "AEO:0000114");
insert into ontology_definitions values (24846, 5, "EHDAA2:0001738", NULL, 1);
insert into ontology_terms values (51130, 24847, "right lung associated mesenchyme", 0, 0, 0, 0);
insert into ontology_relationships values (24847, "is_a", "AEO:0000146");
insert into ontology_definitions values (24847, 5, "EHDAA2:0001739", NULL, 1);
insert into ontology_terms values (51131, 24848, "right lung lower lobe", 0, 0, 0, 0);
insert into ontology_relationships values (24848, "is_a", "CARO:0000055");
insert into ontology_definitions values (24848, 5, "EHDAA2:0001740", NULL, 1);
insert into ontology_terms values (51132, 24849, "right lung lower lobe associated mesenchyme", 0, 0, 0, 0);
insert into ontology_relationships values (24849, "is_a", "AEO:0000146");
insert into ontology_definitions values (24849, 5, "EHDAA2:0001741", NULL, 1);
insert into ontology_terms values (51133, 24850, "right lung lower lobe epithelium", 0, 0, 0, 0);
insert into ontology_relationships values (24850, "is_a", "AEO:0000117");
insert into ontology_definitions values (24850, 5, "EHDAA2:0001743", NULL, 1);
insert into ontology_terms values (51134, 24851, "right lung lower lobe lobar bronchus", 0, 0, 0, 0);
insert into ontology_relationships values (24851, "is_a", "AEO:0000114");
insert into ontology_definitions values (24851, 5, "EHDAA2:0001744", NULL, 1);
insert into ontology_terms values (51135, 24852, "right lung lower lobe segmental bronchi", 0, 0, 0, 0);
insert into ontology_relationships values (24852, "is_a", "AEO:0000114");
insert into ontology_definitions values (24852, 5, "EHDAA2:0001745", NULL, 1);
insert into ontology_terms values (51136, 24853, "right lung lower lobe segmental bronchus", 0, 0, 0, 0);
insert into ontology_relationships values (24853, "is_a", "AEO:0000114");
insert into ontology_definitions values (24853, 5, "EHDAA2:0001746", NULL, 1);
insert into ontology_terms values (51137, 24854, "right lung upper lobe", 0, 0, 0, 0);
insert into ontology_relationships values (24854, "is_a", "CARO:0000055");
insert into ontology_definitions values (24854, 5, "EHDAA2:0001747", NULL, 1);
insert into ontology_terms values (51138, 24855, "right lung upper lobe associated mesenchyme", 0, 0, 0, 0);
insert into ontology_relationships values (24855, "is_a", "AEO:0000146");
insert into ontology_definitions values (24855, 5, "EHDAA2:0001748", NULL, 1);
insert into ontology_terms values (51139, 24856, "right lung upper lobe bronchiole", 0, 0, 0, 0);
insert into ontology_relationships values (24856, "is_a", "AEO:0000114");
insert into ontology_definitions values (24856, 5, "EHDAA2:0001749", NULL, 1);
insert into ontology_terms values (51140, 24857, "right lung upper lobe epithelium", 0, 0, 0, 0);
insert into ontology_relationships values (24857, "is_a", "AEO:0000117");
insert into ontology_definitions values (24857, 5, "EHDAA2:0001751", NULL, 1);
insert into ontology_terms values (51141, 24858, "right lung upper lobe lobar bronchus", 0, 0, 0, 0);
insert into ontology_relationships values (24858, "is_a", "AEO:0000114");
insert into ontology_definitions values (24858, 5, "EHDAA2:0001752", NULL, 1);
insert into ontology_terms values (51142, 24859, "right lung upper lobe segmental bronchi", 0, 0, 0, 0);
insert into ontology_relationships values (24859, "is_a", "AEO:0000114");
insert into ontology_definitions values (24859, 5, "EHDAA2:0001753", NULL, 1);
insert into ontology_terms values (51143, 24860, "right lung upper lobe segmental bronchus", 0, 0, 0, 0);
insert into ontology_relationships values (24860, "is_a", "AEO:0000114");
insert into ontology_definitions values (24860, 5, "EHDAA2:0001754", NULL, 1);
insert into ontology_terms values (51144, 24861, "right lung epithelium", 0, 0, 0, 0);
insert into ontology_relationships values (24861, "is_a", "AEO:0000117");
insert into ontology_definitions values (24861, 5, "EHDAA2:0001755", NULL, 1);
insert into ontology_terms values (51145, 24862, "right lung hilus", 0, 0, 0, 0);
insert into ontology_relationships values (24862, "is_a", "AEO:0000204");
insert into ontology_definitions values (24862, 5, "EHDAA2:0001756", NULL, 1);
insert into ontology_terms values (51146, 24863, "right lung vascular element", 0, 0, 0, 0);
insert into ontology_relationships values (24863, "is_a", "AEO:0000209");
insert into ontology_definitions values (24863, 5, "EHDAA2:0001757", NULL, 1);
insert into ontology_terms values (51147, 24864, "right thyroid lobe", 0, 0, 0, 0);
insert into ontology_relationships values (24864, "is_a", "CARO:0000069");
insert into ontology_definitions values (24864, 5, "EHDAA2:0001759", NULL, 1);
insert into ontology_terms values (51148, 24865, "umbilical artery right", 0, 0, 0, 0);
insert into ontology_relationships values (24865, "is_a", "AEO:0000208");
insert into ontology_definitions values (24865, 5, "EHDAA2:0001760", NULL, 1);
insert into ontology_terms values (51149, 24866, "umbilical vein right", 0, 0, 0, 0);
insert into ontology_relationships values (24866, "is_a", "AEO:0000209");
insert into ontology_definitions values (24866, 5, "EHDAA2:0001761", NULL, 1);
insert into ontology_terms values (51150, 24867, "right venous valve", 0, 0, 0, 0);
insert into ontology_relationships values (24867, "is_a", "EHDAA2:0004046");
insert into ontology_definitions values (24867, 5, "EHDAA2:0001762", NULL, 1);
insert into ontology_terms values (51151, 24868, "vitelline arterial plexus right", 0, 0, 0, 0);
insert into ontology_relationships values (24868, "is_a", "AEO:0000209");
insert into ontology_definitions values (24868, 5, "EHDAA2:0001764", NULL, 1);
insert into ontology_terms values (51152, 24869, "vitelline artery right", 0, 0, 0, 0);
insert into ontology_relationships values (24869, "is_a", "AEO:0000208");
insert into ontology_definitions values (24869, 5, "EHDAA2:0001765", NULL, 1);
insert into ontology_terms values (51153, 24870, "vitelline vein right", 0, 0, 0, 0);
insert into ontology_relationships values (24870, "is_a", "AEO:0000209");
insert into ontology_definitions values (24870, 5, "EHDAA2:0001766", NULL, 1);
insert into ontology_terms values (51154, 24871, "saccule", 0, 0, 0, 0);
insert into ontology_relationships values (24871, "is_a", "CARO:0000073");
insert into ontology_definitions values (24871, 5, "EHDAA2:0001769", NULL, 1);
insert into ontology_terms values (51155, 24872, "sacral skeleton", 0, 0, 0, 0);
insert into ontology_relationships values (24872, "is_a", "CARO:0000041");
insert into ontology_definitions values (24872, 5, "EHDAA2:0001772", NULL, 1);
insert into ontology_terms values (51156, 24873, "sacral vertebral cartilage condensation group", 0, 0, 0, 0);
insert into ontology_relationships values (24873, "is_a", "AEO:0000147");
insert into ontology_relationships values (24873, "is_a", "AEO:0000210");
insert into ontology_definitions values (24873, 5, "EHDAA2:0001773", NULL, 1);
insert into ontology_terms values (51157, 24874, "sacral vertebral pre-cartilage condensation group", 0, 0, 0, 0);
insert into ontology_relationships values (24874, "is_a", "AEO:0000150");
insert into ontology_relationships values (24874, "is_a", "AEO:0000210");
insert into ontology_definitions values (24874, 5, "EHDAA2:0001774", NULL, 1);
insert into ontology_terms values (51158, 24875, "salivary gland group", 0, 0, 0, 0);
insert into ontology_relationships values (24875, "is_a", "CARO:0000041");
insert into ontology_definitions values (24875, 5, "EHDAA2:0001775", NULL, 1);
insert into ontology_terms values (51159, 24876, "sartorius", 0, 0, 0, 0);
insert into ontology_relationships values (24876, "is_a", "AEO:0000140");
insert into ontology_definitions values (24876, 5, "EHDAA2:0001776", NULL, 1);
insert into ontology_terms values (51160, 24877, "scapula cartilage condensation", 0, 0, 0, 0);
insert into ontology_relationships values (24877, "is_a", "AEO:0000147");
insert into ontology_definitions values (24877, 5, "EHDAA2:0001777", NULL, 1);
insert into ontology_terms values (51161, 24878, "scapula pre-cartilage condensation", 0, 0, 0, 0);
insert into ontology_relationships values (24878, "is_a", "AEO:0000150");
insert into ontology_definitions values (24878, 5, "EHDAA2:0001778", NULL, 1);
insert into ontology_terms values (51162, 24879, "sciatic nerve", 0, 0, 0, 0);
insert into ontology_relationships values (24879, "is_a", "AEO:0000137");
insert into ontology_definitions values (24879, 5, "EHDAA2:0001779", NULL, 1);
insert into ontology_terms values (51163, 24880, "sclerotome 01", 0, 0, 0, 0);
insert into ontology_relationships values (24880, "is_a", "AEO:0000132");
insert into ontology_relationships values (24880, "is_a", "EHDAA2:0003441");
insert into ontology_definitions values (24880, 5, "EHDAA2:0001780", NULL, 1);
insert into ontology_terms values (51164, 24881, "sclerotome 02", 0, 0, 0, 0);
insert into ontology_relationships values (24881, "is_a", "AEO:0000132");
insert into ontology_relationships values (24881, "is_a", "EHDAA2:0003441");
insert into ontology_definitions values (24881, 5, "EHDAA2:0001782", NULL, 1);
insert into ontology_terms values (51165, 24882, "sclerotome 03", 0, 0, 0, 0);
insert into ontology_relationships values (24882, "is_a", "AEO:0000132");
insert into ontology_relationships values (24882, "is_a", "EHDAA2:0003441");
insert into ontology_definitions values (24882, 5, "EHDAA2:0001783", NULL, 1);
insert into ontology_terms values (51166, 24883, "sclerotome 04", 0, 0, 0, 0);
insert into ontology_relationships values (24883, "is_a", "AEO:0000132");
insert into ontology_relationships values (24883, "is_a", "EHDAA2:0003441");
insert into ontology_definitions values (24883, 5, "EHDAA2:0001784", NULL, 1);
insert into ontology_terms values (51167, 24884, "sclerotome 05", 0, 0, 0, 0);
insert into ontology_relationships values (24884, "is_a", "AEO:0000132");
insert into ontology_relationships values (24884, "is_a", "EHDAA2:0004727");
insert into ontology_definitions values (24884, 5, "EHDAA2:0001785", NULL, 1);
insert into ontology_terms values (51168, 24885, "sclerotome 06", 0, 0, 0, 0);
insert into ontology_relationships values (24885, "is_a", "AEO:0000132");
insert into ontology_relationships values (24885, "is_a", "EHDAA2:0004727");
insert into ontology_definitions values (24885, 5, "EHDAA2:0001786", NULL, 1);
insert into ontology_terms values (51169, 24886, "sclerotome 07", 0, 0, 0, 0);
insert into ontology_relationships values (24886, "is_a", "AEO:0000132");
insert into ontology_relationships values (24886, "is_a", "EHDAA2:0004727");
insert into ontology_definitions values (24886, 5, "EHDAA2:0001787", NULL, 1);
insert into ontology_terms values (51170, 24887, "sclerotome 08", 0, 0, 0, 0);
insert into ontology_relationships values (24887, "is_a", "AEO:0000132");
insert into ontology_relationships values (24887, "is_a", "EHDAA2:0004727");
insert into ontology_definitions values (24887, 5, "EHDAA2:0001788", NULL, 1);
insert into ontology_terms values (51171, 24888, "sclerotome 09", 0, 0, 0, 0);
insert into ontology_relationships values (24888, "is_a", "AEO:0000132");
insert into ontology_relationships values (24888, "is_a", "EHDAA2:0004727");
insert into ontology_definitions values (24888, 5, "EHDAA2:0001789", NULL, 1);
insert into ontology_terms values (51172, 24889, "sclerotome 10", 0, 0, 0, 0);
insert into ontology_relationships values (24889, "is_a", "AEO:0000132");
insert into ontology_relationships values (24889, "is_a", "EHDAA2:0004727");
insert into ontology_definitions values (24889, 5, "EHDAA2:0001790", NULL, 1);
insert into ontology_terms values (51173, 24890, "sclerotome 11", 0, 0, 0, 0);
insert into ontology_relationships values (24890, "is_a", "AEO:0000132");
insert into ontology_relationships values (24890, "is_a", "EHDAA2:0004727");
insert into ontology_definitions values (24890, 5, "EHDAA2:0001791", NULL, 1);
insert into ontology_terms values (51174, 24891, "sclerotome 12", 0, 0, 0, 0);
insert into ontology_relationships values (24891, "is_a", "AEO:0000132");
insert into ontology_relationships values (24891, "is_a", "EHDAA2:0004727");
insert into ontology_definitions values (24891, 5, "EHDAA2:0001792", NULL, 1);
insert into ontology_terms values (51175, 24892, "sclerotome 13", 0, 0, 0, 0);
insert into ontology_relationships values (24892, "is_a", "AEO:0000132");
insert into ontology_relationships values (24892, "is_a", "EHDAA2:0004727");
insert into ontology_definitions values (24892, 5, "EHDAA2:0001793", NULL, 1);
insert into ontology_terms values (51176, 24893, "sclerotome 14", 0, 0, 0, 0);
insert into ontology_relationships values (24893, "is_a", "AEO:0000132");
insert into ontology_relationships values (24893, "is_a", "EHDAA2:0004727");
insert into ontology_definitions values (24893, 5, "EHDAA2:0001794", NULL, 1);
insert into ontology_terms values (51177, 24894, "sclerotome 15", 0, 0, 0, 0);
insert into ontology_relationships values (24894, "is_a", "AEO:0000132");
insert into ontology_relationships values (24894, "is_a", "EHDAA2:0004727");
insert into ontology_definitions values (24894, 5, "EHDAA2:0001795", NULL, 1);
insert into ontology_terms values (51178, 24895, "sclerotome 16", 0, 0, 0, 0);
insert into ontology_relationships values (24895, "is_a", "AEO:0000132");
insert into ontology_relationships values (24895, "is_a", "EHDAA2:0004727");
insert into ontology_definitions values (24895, 5, "EHDAA2:0001796", NULL, 1);
insert into ontology_terms values (51179, 24896, "sclerotome 17", 0, 0, 0, 0);
insert into ontology_relationships values (24896, "is_a", "AEO:0000132");
insert into ontology_relationships values (24896, "is_a", "EHDAA2:0004727");
insert into ontology_definitions values (24896, 5, "EHDAA2:0001797", NULL, 1);
insert into ontology_terms values (51180, 24897, "sclerotome 18", 0, 0, 0, 0);
insert into ontology_relationships values (24897, "is_a", "AEO:0000132");
insert into ontology_relationships values (24897, "is_a", "EHDAA2:0004727");
insert into ontology_definitions values (24897, 5, "EHDAA2:0001798", NULL, 1);
insert into ontology_terms values (51181, 24898, "sclerotome 19", 0, 0, 0, 0);
insert into ontology_relationships values (24898, "is_a", "AEO:0000132");
insert into ontology_definitions values (24898, 5, "EHDAA2:0001799", NULL, 1);
insert into ontology_terms values (51182, 24899, "sclerotome 20", 0, 0, 0, 0);
insert into ontology_relationships values (24899, "is_a", "AEO:0000132");
insert into ontology_relationships values (24899, "is_a", "EHDAA2:0004727");
insert into ontology_definitions values (24899, 5, "EHDAA2:0001800", NULL, 1);
insert into ontology_terms values (51183, 24900, "sclerotome 21", 0, 0, 0, 0);
insert into ontology_relationships values (24900, "is_a", "AEO:0000132");
insert into ontology_relationships values (24900, "is_a", "EHDAA2:0004727");
insert into ontology_definitions values (24900, 5, "EHDAA2:0001801", NULL, 1);
insert into ontology_terms values (51184, 24901, "sclerotome 22", 0, 0, 0, 0);
insert into ontology_relationships values (24901, "is_a", "AEO:0000132");
insert into ontology_relationships values (24901, "is_a", "EHDAA2:0004727");
insert into ontology_definitions values (24901, 5, "EHDAA2:0001802", NULL, 1);
insert into ontology_terms values (51185, 24902, "sclerotome 23", 0, 0, 0, 0);
insert into ontology_relationships values (24902, "is_a", "AEO:0000132");
insert into ontology_relationships values (24902, "is_a", "EHDAA2:0004727");
insert into ontology_definitions values (24902, 5, "EHDAA2:0001803", NULL, 1);
insert into ontology_terms values (51186, 24903, "sclerotome 24", 0, 0, 0, 0);
insert into ontology_relationships values (24903, "is_a", "AEO:0000132");
insert into ontology_definitions values (24903, 5, "EHDAA2:0001804", NULL, 1);
insert into ontology_terms values (51187, 24904, "sclerotome 25", 0, 0, 0, 0);
insert into ontology_relationships values (24904, "is_a", "AEO:0000132");
insert into ontology_relationships values (24904, "is_a", "EHDAA2:0004727");
insert into ontology_definitions values (24904, 5, "EHDAA2:0001805", NULL, 1);
insert into ontology_terms values (51188, 24905, "sclerotome 26", 0, 0, 0, 0);
insert into ontology_relationships values (24905, "is_a", "AEO:0000132");
insert into ontology_relationships values (24905, "is_a", "EHDAA2:0004727");
insert into ontology_definitions values (24905, 5, "EHDAA2:0001806", NULL, 1);
insert into ontology_terms values (51189, 24906, "sclerotome 27", 0, 0, 0, 0);
insert into ontology_relationships values (24906, "is_a", "AEO:0000132");
insert into ontology_relationships values (24906, "is_a", "EHDAA2:0004727");
insert into ontology_definitions values (24906, 5, "EHDAA2:0001807", NULL, 1);
insert into ontology_terms values (51190, 24907, "sclerotome 28", 0, 0, 0, 0);
insert into ontology_relationships values (24907, "is_a", "AEO:0000132");
insert into ontology_relationships values (24907, "is_a", "EHDAA2:0004727");
insert into ontology_definitions values (24907, 5, "EHDAA2:0001808", NULL, 1);
insert into ontology_terms values (51191, 24908, "sclerotome 29", 0, 0, 0, 0);
insert into ontology_relationships values (24908, "is_a", "AEO:0000132");
insert into ontology_relationships values (24908, "is_a", "EHDAA2:0004727");
insert into ontology_definitions values (24908, 5, "EHDAA2:0001809", NULL, 1);
insert into ontology_terms values (51192, 24909, "sclerotome 30", 0, 0, 0, 0);
insert into ontology_relationships values (24909, "is_a", "AEO:0000132");
insert into ontology_relationships values (24909, "is_a", "EHDAA2:0004727");
insert into ontology_definitions values (24909, 5, "EHDAA2:0001810", NULL, 1);
insert into ontology_terms values (51193, 24910, "sclerotome 31", 0, 0, 0, 0);
insert into ontology_relationships values (24910, "is_a", "AEO:0000132");
insert into ontology_relationships values (24910, "is_a", "EHDAA2:0004727");
insert into ontology_definitions values (24910, 5, "EHDAA2:0001811", NULL, 1);
insert into ontology_terms values (51194, 24911, "sclerotome 32", 0, 0, 0, 0);
insert into ontology_relationships values (24911, "is_a", "AEO:0000132");
insert into ontology_relationships values (24911, "is_a", "EHDAA2:0004727");
insert into ontology_definitions values (24911, 5, "EHDAA2:0001812", NULL, 1);
insert into ontology_terms values (51195, 24912, "sclerotome 33", 0, 0, 0, 0);
insert into ontology_relationships values (24912, "is_a", "AEO:0000132");
insert into ontology_relationships values (24912, "is_a", "EHDAA2:0004727");
insert into ontology_definitions values (24912, 5, "EHDAA2:0001813", NULL, 1);
insert into ontology_terms values (51196, 24913, "sclerotome 34", 0, 0, 0, 0);
insert into ontology_relationships values (24913, "is_a", "AEO:0000132");
insert into ontology_relationships values (24913, "is_a", "EHDAA2:0004727");
insert into ontology_definitions values (24913, 5, "EHDAA2:0001814", NULL, 1);
insert into ontology_terms values (51197, 24914, "sclerotome 35", 0, 0, 0, 0);
insert into ontology_relationships values (24914, "is_a", "AEO:0000132");
insert into ontology_definitions values (24914, 5, "EHDAA2:0001815", NULL, 1);
insert into ontology_terms values (51198, 24915, "sclerotome 36", 0, 0, 0, 0);
insert into ontology_relationships values (24915, "is_a", "AEO:0000132");
insert into ontology_relationships values (24915, "is_a", "EHDAA2:0004727");
insert into ontology_definitions values (24915, 5, "EHDAA2:0001816", NULL, 1);
insert into ontology_terms values (51199, 24916, "sclerotome 37", 0, 0, 0, 0);
insert into ontology_relationships values (24916, "is_a", "AEO:0000132");
insert into ontology_relationships values (24916, "is_a", "EHDAA2:0004727");
insert into ontology_definitions values (24916, 5, "EHDAA2:0001817", NULL, 1);
insert into ontology_terms values (51200, 24917, "sclerotome 38", 0, 0, 0, 0);
insert into ontology_relationships values (24917, "is_a", "AEO:0000132");
insert into ontology_relationships values (24917, "is_a", "EHDAA2:0004727");
insert into ontology_definitions values (24917, 5, "EHDAA2:0001818", NULL, 1);
insert into ontology_terms values (51201, 24918, "sclerotome 39", 0, 0, 0, 0);
insert into ontology_relationships values (24918, "is_a", "AEO:0000132");
insert into ontology_relationships values (24918, "is_a", "EHDAA2:0004727");
insert into ontology_definitions values (24918, 5, "EHDAA2:0001819", NULL, 1);
insert into ontology_terms values (51202, 24919, "second polar body", 0, 0, 0, 0);
insert into ontology_relationships values (24919, "is_a", "CARO:0000042");
insert into ontology_definitions values (24919, 5, "EHDAA2:0001820", NULL, 1);
insert into ontology_terms values (51203, 24920, "secondary yolk sac cavity", 0, 0, 0, 0);
insert into ontology_relationships values (24920, "is_a", "AEO:0000079");
insert into ontology_definitions values (24920, 5, "EHDAA2:0001821", NULL, 1);
insert into ontology_terms values (51204, 24921, "cervical segmental spinal nerves C1-7", 0, 0, 0, 0);
insert into ontology_relationships values (24921, "is_a", "AEO:0000137");
insert into ontology_relationships values (24921, "is_a", "CARO:0000054");
insert into ontology_definitions values (24921, 5, "EHDAA2:0001822", NULL, 1);
insert into ontology_terms values (51205, 24922, "semi-lunar valves", 0, 0, 0, 0);
insert into ontology_relationships values (24922, "is_a", "CARO:0000055");
insert into ontology_definitions values (24922, 5, "EHDAA2:0001823", NULL, 1);
insert into ontology_terms values (51206, 24923, "sensory system", 0, 0, 0, 0);
insert into ontology_relationships values (24923, "is_a", "CARO:0000011");
insert into ontology_relationships values (24923, "is_a", "CARO:0000041");
insert into ontology_definitions values (24923, 5, "EHDAA2:0001824", NULL, 1);
insert into ontology_terms values (51207, 24924, "interatrial septum primum", 0, 0, 0, 0);
insert into ontology_relationships values (24924, "is_a", "CARO:0000055");
insert into ontology_definitions values (24924, 5, "EHDAA2:0001825", NULL, 1);
insert into ontology_terms values (51208, 24925, "foramen primum", 0, 0, 0, 0);
insert into ontology_relationships values (24925, "is_a", "AEO:0000080");
insert into ontology_definitions values (24925, 5, "EHDAA2:0001826", NULL, 1);
insert into ontology_terms values (51209, 24926, "interatrial septum secundum", 0, 0, 0, 0);
insert into ontology_relationships values (24926, "is_a", "CARO:0000055");
insert into ontology_definitions values (24926, 5, "EHDAA2:0001827", NULL, 1);
insert into ontology_terms values (51210, 24927, "foramen secundum", 0, 0, 0, 0);
insert into ontology_relationships values (24927, "is_a", "AEO:0000080");
insert into ontology_definitions values (24927, 5, "EHDAA2:0001828", NULL, 1);
insert into ontology_terms values (51211, 24928, "septum transversum", 0, 0, 0, 0);
insert into ontology_relationships values (24928, "is_a", "AEO:0000146");
insert into ontology_definitions values (24928, 5, "EHDAA2:0001829", NULL, 1);
insert into ontology_terms values (51212, 24929, "septum transversum mesenchyme", 0, 0, 0, 0);
insert into ontology_relationships values (24929, "is_a", "AEO:0000146");
insert into ontology_definitions values (24929, 5, "EHDAA2:0001831", NULL, 1);
insert into ontology_terms values (51213, 24930, "serratus anterior", 0, 0, 0, 0);
insert into ontology_relationships values (24930, "is_a", "AEO:0000140");
insert into ontology_definitions values (24930, 5, "EHDAA2:0001832", NULL, 1);
insert into ontology_terms values (51214, 24931, "serratus anterior pre-muscle mass", 0, 0, 0, 0);
insert into ontology_relationships values (24931, "is_a", "AEO:0000149");
insert into ontology_definitions values (24931, 5, "EHDAA2:0001833", NULL, 1);
insert into ontology_terms values (51215, 24932, "shoulder", 0, 0, 0, 0);
insert into ontology_relationships values (24932, "is_a", "CARO:0000041");
insert into ontology_definitions values (24932, 5, "EHDAA2:0001834", NULL, 1);
insert into ontology_terms values (51216, 24933, "shoulder epithelium", 0, 0, 0, 0);
insert into ontology_relationships values (24933, "is_a", "CARO:0000073");
insert into ontology_definitions values (24933, 5, "EHDAA2:0001835", NULL, 1);
insert into ontology_terms values (51217, 24934, "shoulder joint primordium", 0, 0, 0, 0);
insert into ontology_relationships values (24934, "is_a", "AEO:0000148");
insert into ontology_definitions values (24934, 5, "EHDAA2:0001836", NULL, 1);
insert into ontology_terms values (51218, 24935, "shoulder mesenchyme from somatopleure mesenchyme", 0, 0, 0, 0);
insert into ontology_relationships values (24935, "is_a", "AEO:0000145");
insert into ontology_definitions values (24935, 5, "EHDAA2:0001837", NULL, 1);
insert into ontology_terms values (51219, 24936, "sigmoid sinus", 0, 0, 0, 0);
insert into ontology_relationships values (24936, "is_a", "AEO:0000209");
insert into ontology_definitions values (24936, 5, "EHDAA2:0001838", NULL, 1);
insert into ontology_terms values (51220, 24937, "sinus venosus", 0, 0, 0, 0);
insert into ontology_relationships values (24937, "is_a", "AEO:0000209");
insert into ontology_definitions values (24937, 5, "EHDAA2:0001839", NULL, 1);
insert into ontology_terms values (51221, 24938, "sinus venosus left horn", 0, 0, 0, 0);
insert into ontology_relationships values (24938, "is_a", "AEO:0000209");
insert into ontology_definitions values (24938, 5, "EHDAA2:0001840", NULL, 1);
insert into ontology_terms values (51222, 24939, "sinus venosus right horn", 0, 0, 0, 0);
insert into ontology_relationships values (24939, "is_a", "AEO:0000209");
insert into ontology_definitions values (24939, 5, "EHDAA2:0001841", NULL, 1);
insert into ontology_terms values (51223, 24940, "skeletal muscle system", 0, 0, 0, 0);
insert into ontology_relationships values (24940, "is_a", "CARO:0000011");
insert into ontology_definitions values (24940, 5, "EHDAA2:0001842", NULL, 1);
insert into ontology_terms values (51224, 24941, "skeleton", 0, 0, 0, 0);
insert into ontology_relationships values (24941, "is_a", "CARO:0000011");
insert into ontology_definitions values (24941, 5, "EHDAA2:0001843", NULL, 1);
insert into ontology_terms values (51225, 24942, "skin", 0, 0, 0, 0);
insert into ontology_relationships values (24942, "is_a", "CARO:0000055");
insert into ontology_definitions values (24942, 5, "EHDAA2:0001844", NULL, 1);
insert into ontology_terms values (51226, 24943, "skin basal layer", 0, 0, 0, 0);
insert into ontology_relationships values (24943, "is_a", "CARO:0000073");
insert into ontology_definitions values (24943, 5, "EHDAA2:0001845", NULL, 1);
insert into ontology_terms values (51227, 24944, "skin periderm", 0, 0, 0, 0);
insert into ontology_relationships values (24944, "is_a", "CARO:0000070");
insert into ontology_definitions values (24944, 5, "EHDAA2:0001846", NULL, 1);
insert into ontology_terms values (51228, 24945, "somatopleure", 0, 0, 0, 0);
insert into ontology_relationships values (24945, "is_a", "AEO:0000146");
insert into ontology_definitions values (24945, 5, "EHDAA2:0001847", NULL, 1);
insert into ontology_terms values (51229, 24946, "trunk and cervical somite group", 0, 0, 0, 0);
insert into ontology_relationships values (24946, "is_a", "AEO:0000210");
insert into ontology_definitions values (24946, 5, "EHDAA2:0001848", NULL, 1);
insert into ontology_terms values (51230, 24947, "somite 01", 0, 0, 0, 0);
insert into ontology_relationships values (24947, "is_a", "EHDAA2:0003437");
insert into ontology_definitions values (24947, 5, "EHDAA2:0001849", NULL, 1);
insert into ontology_terms values (51231, 24948, "somite 02", 0, 0, 0, 0);
insert into ontology_relationships values (24948, "is_a", "EHDAA2:0003437");
insert into ontology_definitions values (24948, 5, "EHDAA2:0001850", NULL, 1);
insert into ontology_terms values (51232, 24949, "somite 03", 0, 0, 0, 0);
insert into ontology_relationships values (24949, "is_a", "EHDAA2:0003437");
insert into ontology_definitions values (24949, 5, "EHDAA2:0001851", NULL, 1);
insert into ontology_terms values (51233, 24950, "somite 04", 0, 0, 0, 0);
insert into ontology_relationships values (24950, "is_a", "EHDAA2:0003437");
insert into ontology_definitions values (24950, 5, "EHDAA2:0001852", NULL, 1);
insert into ontology_terms values (51234, 24951, "somite 05", 0, 0, 0, 0);
insert into ontology_relationships values (24951, "is_a", "EHDAA2:0003438");
insert into ontology_definitions values (24951, 5, "EHDAA2:0001853", NULL, 1);
insert into ontology_terms values (51235, 24952, "somite 06", 0, 0, 0, 0);
insert into ontology_relationships values (24952, "is_a", "EHDAA2:0003438");
insert into ontology_definitions values (24952, 5, "EHDAA2:0001854", NULL, 1);
insert into ontology_terms values (51236, 24953, "somite 07", 0, 0, 0, 0);
insert into ontology_relationships values (24953, "is_a", "EHDAA2:0003438");
insert into ontology_definitions values (24953, 5, "EHDAA2:0001855", NULL, 1);
insert into ontology_terms values (51237, 24954, "somite 08", 0, 0, 0, 0);
insert into ontology_relationships values (24954, "is_a", "EHDAA2:0003438");
insert into ontology_definitions values (24954, 5, "EHDAA2:0001856", NULL, 1);
insert into ontology_terms values (51238, 24955, "somite 09", 0, 0, 0, 0);
insert into ontology_relationships values (24955, "is_a", "EHDAA2:0003438");
insert into ontology_definitions values (24955, 5, "EHDAA2:0001857", NULL, 1);
insert into ontology_terms values (51239, 24956, "somite 10", 0, 0, 0, 0);
insert into ontology_relationships values (24956, "is_a", "EHDAA2:0003438");
insert into ontology_definitions values (24956, 5, "EHDAA2:0001858", NULL, 1);
insert into ontology_terms values (51240, 24957, "somite 11", 0, 0, 0, 0);
insert into ontology_relationships values (24957, "is_a", "EHDAA2:0003438");
insert into ontology_definitions values (24957, 5, "EHDAA2:0001859", NULL, 1);
insert into ontology_terms values (51241, 24958, "somite 12", 0, 0, 0, 0);
insert into ontology_relationships values (24958, "is_a", "EHDAA2:0003438");
insert into ontology_definitions values (24958, 5, "EHDAA2:0001860", NULL, 1);
insert into ontology_terms values (51242, 24959, "somite 13", 0, 0, 0, 0);
insert into ontology_relationships values (24959, "is_a", "EHDAA2:0003438");
insert into ontology_definitions values (24959, 5, "EHDAA2:0001861", NULL, 1);
insert into ontology_terms values (51243, 24960, "somite 14", 0, 0, 0, 0);
insert into ontology_relationships values (24960, "is_a", "EHDAA2:0003438");
insert into ontology_definitions values (24960, 5, "EHDAA2:0001862", NULL, 1);
insert into ontology_terms values (51244, 24961, "somite 15", 0, 0, 0, 0);
insert into ontology_relationships values (24961, "is_a", "EHDAA2:0003438");
insert into ontology_definitions values (24961, 5, "EHDAA2:0001863", NULL, 1);
insert into ontology_terms values (51245, 24962, "somite 16", 0, 0, 0, 0);
insert into ontology_relationships values (24962, "is_a", "EHDAA2:0003438");
insert into ontology_definitions values (24962, 5, "EHDAA2:0001864", NULL, 1);
insert into ontology_terms values (51246, 24963, "somite 17", 0, 0, 0, 0);
insert into ontology_relationships values (24963, "is_a", "EHDAA2:0003438");
insert into ontology_definitions values (24963, 5, "EHDAA2:0001865", NULL, 1);
insert into ontology_terms values (51247, 24964, "somite 18", 0, 0, 0, 0);
insert into ontology_relationships values (24964, "is_a", "EHDAA2:0003438");
insert into ontology_definitions values (24964, 5, "EHDAA2:0001866", NULL, 1);
insert into ontology_terms values (51248, 24965, "somite 19", 0, 0, 0, 0);
insert into ontology_relationships values (24965, "is_a", "EHDAA2:0003438");
insert into ontology_definitions values (24965, 5, "EHDAA2:0001867", NULL, 1);
insert into ontology_terms values (51249, 24966, "somite 20", 0, 0, 0, 0);
insert into ontology_relationships values (24966, "is_a", "EHDAA2:0003438");
insert into ontology_definitions values (24966, 5, "EHDAA2:0001868", NULL, 1);
insert into ontology_terms values (51250, 24967, "somite 21", 0, 0, 0, 0);
insert into ontology_relationships values (24967, "is_a", "EHDAA2:0003438");
insert into ontology_definitions values (24967, 5, "EHDAA2:0001869", NULL, 1);
insert into ontology_terms values (51251, 24968, "somite 22", 0, 0, 0, 0);
insert into ontology_relationships values (24968, "is_a", "EHDAA2:0003438");
insert into ontology_definitions values (24968, 5, "EHDAA2:0001870", NULL, 1);
insert into ontology_terms values (51252, 24969, "somite 23", 0, 0, 0, 0);
insert into ontology_relationships values (24969, "is_a", "EHDAA2:0003438");
insert into ontology_definitions values (24969, 5, "EHDAA2:0001871", NULL, 1);
insert into ontology_terms values (51253, 24970, "somite 24", 0, 0, 0, 0);
insert into ontology_relationships values (24970, "is_a", "EHDAA2:0003438");
insert into ontology_definitions values (24970, 5, "EHDAA2:0001872", NULL, 1);
insert into ontology_terms values (51254, 24971, "somite 25", 0, 0, 0, 0);
insert into ontology_relationships values (24971, "is_a", "EHDAA2:0003438");
insert into ontology_definitions values (24971, 5, "EHDAA2:0001873", NULL, 1);
insert into ontology_terms values (51255, 24972, "somite 26", 0, 0, 0, 0);
insert into ontology_relationships values (24972, "is_a", "EHDAA2:0003438");
insert into ontology_definitions values (24972, 5, "EHDAA2:0001874", NULL, 1);
insert into ontology_terms values (51256, 24973, "somite 27", 0, 0, 0, 0);
insert into ontology_relationships values (24973, "is_a", "EHDAA2:0003438");
insert into ontology_definitions values (24973, 5, "EHDAA2:0001875", NULL, 1);
insert into ontology_terms values (51257, 24974, "somite 28", 0, 0, 0, 0);
insert into ontology_relationships values (24974, "is_a", "EHDAA2:0003438");
insert into ontology_definitions values (24974, 5, "EHDAA2:0001876", NULL, 1);
insert into ontology_terms values (51258, 24975, "somite 29", 0, 0, 0, 0);
insert into ontology_relationships values (24975, "is_a", "EHDAA2:0003438");
insert into ontology_definitions values (24975, 5, "EHDAA2:0001877", NULL, 1);
insert into ontology_terms values (51259, 24976, "somite 30", 0, 0, 0, 0);
insert into ontology_relationships values (24976, "is_a", "EHDAA2:0003438");
insert into ontology_definitions values (24976, 5, "EHDAA2:0001878", NULL, 1);
insert into ontology_terms values (51260, 24977, "somite 31", 0, 0, 0, 0);
insert into ontology_relationships values (24977, "is_a", "EHDAA2:0003438");
insert into ontology_definitions values (24977, 5, "EHDAA2:0001879", NULL, 1);
insert into ontology_terms values (51261, 24978, "somite 32", 0, 0, 0, 0);
insert into ontology_relationships values (24978, "is_a", "EHDAA2:0003438");
insert into ontology_definitions values (24978, 5, "EHDAA2:0001880", NULL, 1);
insert into ontology_terms values (51262, 24979, "somite 33", 0, 0, 0, 0);
insert into ontology_relationships values (24979, "is_a", "EHDAA2:0003438");
insert into ontology_definitions values (24979, 5, "EHDAA2:0001881", NULL, 1);
insert into ontology_terms values (51263, 24980, "somite 34", 0, 0, 0, 0);
insert into ontology_relationships values (24980, "is_a", "EHDAA2:0003438");
insert into ontology_definitions values (24980, 5, "EHDAA2:0001882", NULL, 1);
insert into ontology_terms values (51264, 24981, "somite 35", 0, 0, 0, 0);
insert into ontology_relationships values (24981, "is_a", "EHDAA2:0003438");
insert into ontology_definitions values (24981, 5, "EHDAA2:0001883", NULL, 1);
insert into ontology_terms values (51265, 24982, "somite 36", 0, 0, 0, 0);
insert into ontology_relationships values (24982, "is_a", "EHDAA2:0003438");
insert into ontology_definitions values (24982, 5, "EHDAA2:0001884", NULL, 1);
insert into ontology_terms values (51266, 24983, "somite 37", 0, 0, 0, 0);
insert into ontology_relationships values (24983, "is_a", "EHDAA2:0003438");
insert into ontology_definitions values (24983, 5, "EHDAA2:0001885", NULL, 1);
insert into ontology_terms values (51267, 24984, "somite 38", 0, 0, 0, 0);
insert into ontology_relationships values (24984, "is_a", "EHDAA2:0003438");
insert into ontology_definitions values (24984, 5, "EHDAA2:0001886", NULL, 1);
insert into ontology_terms values (51268, 24985, "somite 39", 0, 0, 0, 0);
insert into ontology_relationships values (24985, "is_a", "EHDAA2:0003438");
insert into ontology_definitions values (24985, 5, "EHDAA2:0001887", NULL, 1);
insert into ontology_terms values (51269, 24986, "sphenoid bone cartilage condensation", 0, 0, 0, 0);
insert into ontology_relationships values (24986, "is_a", "AEO:0000147");
insert into ontology_relationships values (24986, "is_a", "CARO:0000055");
insert into ontology_definitions values (24986, 5, "EHDAA2:0001888", NULL, 1);
insert into ontology_terms values (51270, 24987, "sphenopalatine parasympathetic ganglion", 0, 0, 0, 0);
insert into ontology_relationships values (24987, "is_a", "AEO:0000135");
insert into ontology_definitions values (24987, 5, "EHDAA2:0001889", NULL, 1);
insert into ontology_terms values (51271, 24988, "spinal artery", 0, 0, 0, 0);
insert into ontology_relationships values (24988, "is_a", "AEO:0000208");
insert into ontology_definitions values (24988, 5, "EHDAA2:0001890", NULL, 1);
insert into ontology_terms values (51272, 24989, "CNS caudal region", 0, 0, 0, 0);
insert into ontology_relationships values (24989, "is_a", "CARO:0000024");
insert into ontology_definitions values (24989, 5, "EHDAA2:0001891", NULL, 1);
insert into ontology_terms values (51273, 24990, "spinal cord future arachnoid layer", 0, 0, 0, 0);
insert into ontology_relationships values (24990, "is_a", "AEO:0000146");
insert into ontology_definitions values (24990, 5, "EHDAA2:0001892", NULL, 1);
insert into ontology_terms values (51274, 24991, "spinal cord future dura mater", 0, 0, 0, 0);
insert into ontology_relationships values (24991, "is_a", "AEO:0000146");
insert into ontology_definitions values (24991, 5, "EHDAA2:0001893", NULL, 1);
insert into ontology_terms values (51275, 24992, "spinal cord future subarachnoid space", 0, 0, 0, 0);
insert into ontology_relationships values (24992, "is_a", "AEO:0000221");
insert into ontology_definitions values (24992, 5, "EHDAA2:0001894", NULL, 1);
insert into ontology_terms values (51276, 24993, "spinal cord meninges", 0, 0, 0, 0);
insert into ontology_relationships values (24993, "is_a", "CARO:0000055");
insert into ontology_definitions values (24993, 5, "EHDAA2:0001895", NULL, 1);
insert into ontology_terms values (51277, 24994, "spinal cord future pia mater", 0, 0, 0, 0);
insert into ontology_relationships values (24994, "is_a", "AEO:0000146");
insert into ontology_definitions values (24994, 5, "EHDAA2:0001896", NULL, 1);
insert into ontology_terms values (51278, 24995, "spinal ganglion group", 0, 0, 0, 0);
insert into ontology_relationships values (24995, "is_a", "AEO:0000210");
insert into ontology_definitions values (24995, 5, "EHDAA2:0001897", NULL, 1);
insert into ontology_terms values (51279, 24996, "spinal nerves", 0, 0, 0, 0);
insert into ontology_relationships values (24996, "is_a", "AEO:0000210");
insert into ontology_definitions values (24996, 5, "EHDAA2:0001898", NULL, 1);
insert into ontology_terms values (51280, 24997, "spinal nerve plexus", 0, 0, 0, 0);
insert into ontology_relationships values (24997, "is_a", "CARO:0000054");
insert into ontology_definitions values (24997, 5, "EHDAA2:0001899", NULL, 1);
insert into ontology_terms values (51281, 24998, "spinal nerve trunk", 0, 0, 0, 0);
insert into ontology_relationships values (24998, "is_a", "AEO:0000139");
insert into ontology_definitions values (24998, 5, "EHDAA2:0001900", NULL, 1);
insert into ontology_terms values (51282, 24999, "trunk neural crest", 0, 0, 0, 0);
insert into ontology_relationships values (24999, "is_a", "AEO:0000132");
insert into ontology_definitions values (24999, 5, "EHDAA2:0001901", NULL, 1);
insert into ontology_terms values (51283, 25000, "spinal peripheral nervous system", 0, 0, 0, 0);
insert into ontology_relationships values (25000, "is_a", "CARO:0000011");
insert into ontology_definitions values (25000, 5, "EHDAA2:0001902", NULL, 1);
insert into ontology_terms values (51284, 25001, "splanchnopleure", 0, 0, 0, 0);
insert into ontology_relationships values (25001, "is_a", "AEO:0000146");
insert into ontology_definitions values (25001, 5, "EHDAA2:0001903", NULL, 1);
insert into ontology_terms values (51285, 25002, "spleen", 0, 0, 0, 0);
insert into ontology_relationships values (25002, "is_a", "AEO:0000145");
insert into ontology_definitions values (25002, 5, "EHDAA2:0001904", NULL, 1);
insert into ontology_terms values (51286, 25003, "squamous part of temporal bone primordium", 0, 0, 0, 0);
insert into ontology_relationships values (25003, "is_a", "AEO:0000085");
insert into ontology_definitions values (25003, 5, "EHDAA2:0001907", NULL, 1);
insert into ontology_terms values (51287, 25004, "stapedial artery temporary", 0, 0, 0, 0);
insert into ontology_relationships values (25004, "is_a", "AEO:0000208");
insert into ontology_definitions values (25004, 5, "EHDAA2:0001908", NULL, 1);
insert into ontology_terms values (51288, 25005, "stapedius pre-muscle condensation", 0, 0, 0, 0);
insert into ontology_relationships values (25005, "is_a", "AEO:0000149");
insert into ontology_definitions values (25005, 5, "EHDAA2:0001909", NULL, 1);
insert into ontology_terms values (51289, 25006, "stapes pre-cartilage condensation", 0, 0, 0, 0);
insert into ontology_relationships values (25006, "is_a", "AEO:0000150");
insert into ontology_definitions values (25006, 5, "EHDAA2:0001910", NULL, 1);
insert into ontology_terms values (51290, 25007, "sternebral bone pre-cartilage condensation", 0, 0, 0, 0);
insert into ontology_relationships values (25007, "is_a", "AEO:0000150");
insert into ontology_definitions values (25007, 5, "EHDAA2:0001912", NULL, 1);
insert into ontology_terms values (51291, 25008, "sterno-mastoid pre-muscle mass", 0, 0, 0, 0);
insert into ontology_relationships values (25008, "is_a", "AEO:0000149");
insert into ontology_definitions values (25008, 5, "EHDAA2:0001913", NULL, 1);
insert into ontology_terms values (51292, 25009, "sternum", 0, 0, 0, 0);
insert into ontology_relationships values (25009, "is_a", "CARO:0000055");
insert into ontology_definitions values (25009, 5, "EHDAA2:0001914", NULL, 1);
insert into ontology_terms values (51293, 25010, "stomach", 0, 0, 0, 0);
insert into ontology_relationships values (25010, "is_a", "CARO:0000024");
insert into ontology_definitions values (25010, 5, "EHDAA2:0001915", NULL, 1);
insert into ontology_terms values (51294, 25011, "early stomach associated mesenchyme", 0, 0, 0, 0);
insert into ontology_relationships values (25011, "is_a", "AEO:0000146");
insert into ontology_definitions values (25011, 5, "EHDAA2:0001916", NULL, 1);
insert into ontology_terms values (51295, 25012, "early stomach epithelium", 0, 0, 0, 0);
insert into ontology_relationships values (25012, "is_a", "CARO:0000073");
insert into ontology_definitions values (25012, 5, "EHDAA2:0001918", NULL, 1);
insert into ontology_terms values (51296, 25013, "stomach fundus", 0, 0, 0, 0);
insert into ontology_relationships values (25013, "is_a", "CARO:0000055");
insert into ontology_definitions values (25013, 5, "EHDAA2:0001919", NULL, 1);
insert into ontology_terms values (51297, 25014, "stomach fundus associated mesenchyme", 0, 0, 0, 0);
insert into ontology_relationships values (25014, "is_a", "AEO:0000146");
insert into ontology_definitions values (25014, 5, "EHDAA2:0001920", NULL, 1);
insert into ontology_terms values (51298, 25015, "stomach fundus epithelium", 0, 0, 0, 0);
insert into ontology_relationships values (25015, "is_a", "CARO:0000073");
insert into ontology_definitions values (25015, 5, "EHDAA2:0001921", NULL, 1);
insert into ontology_terms values (51299, 25016, "stomach mesentery", 0, 0, 0, 0);
insert into ontology_relationships values (25016, "is_a", "CARO:0000055");
insert into ontology_definitions values (25016, 5, "EHDAA2:0001922", NULL, 1);
insert into ontology_terms values (51300, 25017, "stomatodaeum", 0, 0, 0, 0);
insert into ontology_relationships values (25017, "is_a", "CARO:0000055");
insert into ontology_definitions values (25017, 5, "EHDAA2:0001929", NULL, 1);
insert into ontology_terms values (51301, 25018, "stomatodaeum rest of ectoderm", 0, 0, 0, 0);
insert into ontology_definitions values (25018, 5, "EHDAA2:0001931", NULL, 1);
insert into ontology_terms values (51302, 25019, "subcardinal vein left", 0, 0, 0, 0);
insert into ontology_relationships values (25019, "is_a", "AEO:0000209");
insert into ontology_definitions values (25019, 5, "EHDAA2:0001932", NULL, 1);
insert into ontology_terms values (51303, 25020, "subclavian artery left", 0, 0, 0, 0);
insert into ontology_relationships values (25020, "is_a", "AEO:0000208");
insert into ontology_definitions values (25020, 5, "EHDAA2:0001933", NULL, 1);
insert into ontology_terms values (51304, 25021, "subclavian vein", 0, 0, 0, 0);
insert into ontology_relationships values (25021, "is_a", "AEO:0000209");
insert into ontology_definitions values (25021, 5, "EHDAA2:0001934", NULL, 1);
insert into ontology_terms values (51305, 25022, "sublingual gland primordium", 0, 0, 0, 0);
insert into ontology_relationships values (25022, "is_a", "AEO:0000171");
insert into ontology_definitions values (25022, 5, "EHDAA2:0001935", NULL, 1);
insert into ontology_terms values (51306, 25023, "sublingual gland primordium epithelium", 0, 0, 0, 0);
insert into ontology_relationships values (25023, "is_a", "AEO:0000117");
insert into ontology_definitions values (25023, 5, "EHDAA2:0001936", NULL, 1);
insert into ontology_terms values (51307, 25024, "sublingual gland primordium mesenchyme", 0, 0, 0, 0);
insert into ontology_relationships values (25024, "is_a", "AEO:0000146");
insert into ontology_definitions values (25024, 5, "EHDAA2:0001937", NULL, 1);
insert into ontology_terms values (51308, 25025, "sublingual parasympathetic ganglion", 0, 0, 0, 0);
insert into ontology_relationships values (25025, "is_a", "AEO:0000135");
insert into ontology_definitions values (25025, 5, "EHDAA2:0001938", NULL, 1);
insert into ontology_terms values (51309, 25026, "submandibular gland primordium", 0, 0, 0, 0);
insert into ontology_relationships values (25026, "is_a", "AEO:0000171");
insert into ontology_definitions values (25026, 5, "EHDAA2:0001939", NULL, 1);
insert into ontology_terms values (51310, 25027, "submandibular gland primordium epithelium", 0, 0, 0, 0);
insert into ontology_relationships values (25027, "is_a", "AEO:0000117");
insert into ontology_definitions values (25027, 5, "EHDAA2:0001940", NULL, 1);
insert into ontology_terms values (51311, 25028, "submandibular gland primordium mesenchyme", 0, 0, 0, 0);
insert into ontology_relationships values (25028, "is_a", "AEO:0000146");
insert into ontology_definitions values (25028, 5, "EHDAA2:0001941", NULL, 1);
insert into ontology_terms values (51312, 25029, "submaxillary parasympathetic ganglion", 0, 0, 0, 0);
insert into ontology_relationships values (25029, "is_a", "AEO:0000135");
insert into ontology_definitions values (25029, 5, "EHDAA2:0001942", NULL, 1);
insert into ontology_terms values (51313, 25030, "subscapularis", 0, 0, 0, 0);
insert into ontology_relationships values (25030, "is_a", "AEO:0000140");
insert into ontology_definitions values (25030, 5, "EHDAA2:0001943", NULL, 1);
insert into ontology_terms values (51314, 25031, "myelencephalon sulcus limitans", 0, 0, 0, 0);
insert into ontology_relationships values (25031, "is_a", "AEO:0000161");
insert into ontology_definitions values (25031, 5, "EHDAA2:0001945", NULL, 1);
insert into ontology_terms values (51315, 25032, "superior mesenteric artery", 0, 0, 0, 0);
insert into ontology_relationships values (25032, "is_a", "AEO:0000208");
insert into ontology_definitions values (25032, 5, "EHDAA2:0001949", NULL, 1);
insert into ontology_terms values (51316, 25033, "superior mesenteric ganglion", 0, 0, 0, 0);
insert into ontology_relationships values (25033, "is_a", "AEO:0000135");
insert into ontology_definitions values (25033, 5, "EHDAA2:0001950", NULL, 1);
insert into ontology_terms values (51317, 25034, "mesenteric vein superior", 0, 0, 0, 0);
insert into ontology_relationships values (25034, "is_a", "AEO:0000209");
insert into ontology_definitions values (25034, 5, "EHDAA2:0001951", NULL, 1);
insert into ontology_terms values (51318, 25035, "superior orbital fissure", 0, 0, 0, 0);
insert into ontology_relationships values (25035, "is_a", "AEO:0000080");
insert into ontology_definitions values (25035, 5, "EHDAA2:0001952", NULL, 1);
insert into ontology_terms values (51319, 25036, "superior parathyroid", 0, 0, 0, 0);
insert into ontology_relationships values (25036, "is_a", "AEO:0000098");
insert into ontology_definitions values (25036, 5, "EHDAA2:0001954", NULL, 1);
insert into ontology_terms values (51320, 25037, "superior parathyroid associated mesenchyme", 0, 0, 0, 0);
insert into ontology_relationships values (25037, "is_a", "AEO:0000146");
insert into ontology_definitions values (25037, 5, "EHDAA2:0001956", NULL, 1);
insert into ontology_terms values (51321, 25038, "superior parathyroid epithelium", 0, 0, 0, 0);
insert into ontology_relationships values (25038, "is_a", "CARO:0000069");
insert into ontology_definitions values (25038, 5, "EHDAA2:0001957", NULL, 1);
insert into ontology_terms values (51322, 25039, "superior recess", 0, 0, 0, 0);
insert into ontology_relationships values (25039, "is_a", "AEO:0000215");
insert into ontology_definitions values (25039, 5, "EHDAA2:0001958", NULL, 1);
insert into ontology_terms values (51323, 25040, "superior semicircular canal", 0, 0, 0, 0);
insert into ontology_relationships values (25040, "is_a", "AEO:0000114");
insert into ontology_definitions values (25040, 5, "EHDAA2:0001959", NULL, 1);
insert into ontology_terms values (51324, 25041, "superior vena cava", 0, 0, 0, 0);
insert into ontology_relationships values (25041, "is_a", "AEO:0000209");
insert into ontology_definitions values (25041, 5, "EHDAA2:0001962", NULL, 1);
insert into ontology_terms values (51325, 25042, "supra-occipital pre-cartilage condensation", 0, 0, 0, 0);
insert into ontology_relationships values (25042, "is_a", "AEO:0000150");
insert into ontology_definitions values (25042, 5, "EHDAA2:0001963", NULL, 1);
insert into ontology_terms values (51326, 25043, "supracardinal vein left", 0, 0, 0, 0);
insert into ontology_relationships values (25043, "is_a", "AEO:0000209");
insert into ontology_definitions values (25043, 5, "EHDAA2:0001964", NULL, 1);
insert into ontology_terms values (51327, 25044, "suprarenal artery", 0, 0, 0, 0);
insert into ontology_relationships values (25044, "is_a", "AEO:0000208");
insert into ontology_definitions values (25044, 5, "EHDAA2:0001965", NULL, 1);
insert into ontology_terms values (51328, 25045, "suprarenal vein", 0, 0, 0, 0);
insert into ontology_relationships values (25045, "is_a", "AEO:0000209");
insert into ontology_definitions values (25045, 5, "EHDAA2:0001966", NULL, 1);
insert into ontology_terms values (51329, 25046, "supraspinatus", 0, 0, 0, 0);
insert into ontology_relationships values (25046, "is_a", "AEO:0000140");
insert into ontology_definitions values (25046, 5, "EHDAA2:0001967", NULL, 1);
insert into ontology_terms values (51330, 25047, "surface ectoderm", 0, 0, 0, 0);
insert into ontology_relationships values (25047, "is_a", "CARO:0000073");
insert into ontology_definitions values (25047, 5, "EHDAA2:0001968", NULL, 1);
insert into ontology_terms values (51331, 25048, "sympathetic chain", 0, 0, 0, 0);
insert into ontology_relationships values (25048, "is_a", "CARO:0000055");
insert into ontology_definitions values (25048, 5, "EHDAA2:0001969", NULL, 1);
insert into ontology_terms values (51332, 25049, "sympathetic nerve cord", 0, 0, 0, 0);
insert into ontology_relationships values (25049, "is_a", "AEO:0000139");
insert into ontology_definitions values (25049, 5, "EHDAA2:0001970", NULL, 1);
insert into ontology_terms values (51333, 25050, "sympathetic peripheral nervous system", 0, 0, 0, 0);
insert into ontology_relationships values (25050, "is_a", "CARO:0000011");
insert into ontology_definitions values (25050, 5, "EHDAA2:0001971", NULL, 1);
insert into ontology_terms values (51334, 25051, "primordial sympathetic ganglia", 0, 0, 0, 0);
insert into ontology_relationships values (25051, "is_a", "CARO:0000054");
insert into ontology_definitions values (25051, 5, "EHDAA2:0001972", NULL, 1);
insert into ontology_terms values (51335, 25052, "chorion syncytiotrophoblast", 0, 0, 0, 0);
insert into ontology_relationships values (25052, "is_a", "AEO:0000203");
insert into ontology_relationships values (25052, "is_a", "CARO:0000042");
insert into ontology_definitions values (25052, 5, "EHDAA2:0001973", NULL, 1);
insert into ontology_terms values (51336, 25053, "polar trophectoderm syncytiotrophoblast", 0, 0, 0, 0);
insert into ontology_relationships values (25053, "is_a", "AEO:0000203");
insert into ontology_relationships values (25053, "is_a", "CARO:0000042");
insert into ontology_definitions values (25053, 5, "EHDAA2:0001974", NULL, 1);
insert into ontology_terms values (51337, 25054, "tail bud", 0, 0, 0, 0);
insert into ontology_relationships values (25054, "is_a", "CARO:0000055");
insert into ontology_definitions values (25054, 5, "EHDAA2:0001976", NULL, 1);
insert into ontology_terms values (51338, 25055, "tarsus cartilage condensation", 0, 0, 0, 0);
insert into ontology_relationships values (25055, "is_a", "AEO:0000147");
insert into ontology_definitions values (25055, 5, "EHDAA2:0001977", NULL, 1);
insert into ontology_terms values (51339, 25056, "tarsus pre-cartilage condensation", 0, 0, 0, 0);
insert into ontology_relationships values (25056, "is_a", "AEO:0000150");
insert into ontology_definitions values (25056, 5, "EHDAA2:0001978", NULL, 1);
insert into ontology_terms values (51340, 25057, "telencephalic sinus", 0, 0, 0, 0);
insert into ontology_relationships values (25057, "is_a", "AEO:0000209");
insert into ontology_definitions values (25057, 5, "EHDAA2:0001979", NULL, 1);
insert into ontology_terms values (51341, 25058, "telencephalic part of interventricular foramen", 0, 0, 0, 0);
insert into ontology_relationships values (25058, "is_a", "AEO:0000080");
insert into ontology_definitions values (25058, 5, "EHDAA2:0001980", NULL, 1);
insert into ontology_terms values (51342, 25059, "early telencephalic vesicle", 0, 0, 0, 0);
insert into ontology_relationships values (25059, "is_a", "AEO:0000221");
insert into ontology_definitions values (25059, 5, "EHDAA2:0001981", NULL, 1);
insert into ontology_terms values (51343, 25060, "telencephalon", 0, 0, 0, 0);
insert into ontology_relationships values (25060, "is_a", "CARO:0000055");
insert into ontology_definitions values (25060, 5, "EHDAA2:0001982", NULL, 1);
insert into ontology_terms values (51344, 25061, "telencephalon floor plate", 0, 0, 0, 0);
insert into ontology_relationships values (25061, "is_a", "CARO:0000068");
insert into ontology_definitions values (25061, 5, "EHDAA2:0001983", NULL, 1);
insert into ontology_terms values (51345, 25062, "telencephalon lateral ventricle", 0, 0, 0, 0);
insert into ontology_relationships values (25062, "is_a", "AEO:0000221");
insert into ontology_definitions values (25062, 5, "EHDAA2:0001984", NULL, 1);
insert into ontology_terms values (51346, 25063, "telencephalon lateral wall", 0, 0, 0, 0);
insert into ontology_relationships values (25063, "is_a", "AEO:0001008");
insert into ontology_relationships values (25063, "is_a", "CARO:0000055");
insert into ontology_definitions values (25063, 5, "EHDAA2:0001985", NULL, 1);
insert into ontology_terms values (51347, 25064, "telencephalon mantle layer", 0, 0, 0, 0);
insert into ontology_relationships values (25064, "is_a", "AEO:0001010");
insert into ontology_relationships values (25064, "is_a", "CARO:0000055");
insert into ontology_definitions values (25064, 5, "EHDAA2:0001986", NULL, 1);
insert into ontology_terms values (51348, 25065, "telencephalon marginal layer", 0, 0, 0, 0);
insert into ontology_relationships values (25065, "is_a", "AEO:0001011");
insert into ontology_definitions values (25065, 5, "EHDAA2:0001988", NULL, 1);
insert into ontology_terms values (51349, 25066, "telencephalon medium", 0, 0, 0, 0);
insert into ontology_relationships values (25066, "is_a", "CARO:0000055");
insert into ontology_definitions values (25066, 5, "EHDAA2:0001989", NULL, 1);
insert into ontology_terms values (51350, 25067, "telencephalon meninges", 0, 0, 0, 0);
insert into ontology_relationships values (25067, "is_a", "CARO:0000055");
insert into ontology_definitions values (25067, 5, "EHDAA2:0001990", NULL, 1);
insert into ontology_terms values (51351, 25068, "telencephalon pia mater", 0, 0, 0, 0);
insert into ontology_relationships values (25068, "is_a", "AEO:0000146");
insert into ontology_definitions values (25068, 5, "EHDAA2:0001992", NULL, 1);
insert into ontology_terms values (51352, 25069, "telencephalon primary meninx", 0, 0, 0, 0);
insert into ontology_relationships values (25069, "is_a", "AEO:0000151");
insert into ontology_definitions values (25069, 5, "EHDAA2:0001993", NULL, 1);
insert into ontology_terms values (51353, 25070, "roof of third ventricle", 0, 0, 0, 0);
insert into ontology_relationships values (25070, "is_a", "CARO:0000068");
insert into ontology_definitions values (25070, 5, "EHDAA2:0001994", NULL, 1);
insert into ontology_terms values (51354, 25071, "telencephalon ventricular layer", 0, 0, 0, 0);
insert into ontology_relationships values (25071, "is_a", "AEO:0001009");
insert into ontology_definitions values (25071, 5, "EHDAA2:0001996", NULL, 1);
insert into ontology_terms values (51355, 25072, "temporalis", 0, 0, 0, 0);
insert into ontology_relationships values (25072, "is_a", "AEO:0000140");
insert into ontology_definitions values (25072, 5, "EHDAA2:0002001", NULL, 1);
insert into ontology_terms values (51356, 25073, "tensor tympani pre-muscle condensation", 0, 0, 0, 0);
insert into ontology_relationships values (25073, "is_a", "AEO:0000149");
insert into ontology_definitions values (25073, 5, "EHDAA2:0002002", NULL, 1);
insert into ontology_terms values (51357, 25074, "tentorial sinus", 0, 0, 0, 0);
insert into ontology_relationships values (25074, "is_a", "AEO:0000209");
insert into ontology_definitions values (25074, 5, "EHDAA2:0002003", NULL, 1);
insert into ontology_terms values (51358, 25075, "teres major", 0, 0, 0, 0);
insert into ontology_relationships values (25075, "is_a", "AEO:0000140");
insert into ontology_definitions values (25075, 5, "EHDAA2:0002004", NULL, 1);
insert into ontology_terms values (51359, 25076, "teres major pre-muscle mass", 0, 0, 0, 0);
insert into ontology_relationships values (25076, "is_a", "AEO:0000149");
insert into ontology_definitions values (25076, 5, "EHDAA2:0002005", NULL, 1);
insert into ontology_terms values (51360, 25077, "terminal-vomeronasal neural-crest-derived mesenchyme", 0, 0, 0, 0);
insert into ontology_relationships values (25077, "is_a", "AEO:0000132");
insert into ontology_relationships values (25077, "is_a", "AEO:0000152");
insert into ontology_definitions values (25077, 5, "EHDAA2:0002006", NULL, 1);
insert into ontology_terms values (51361, 25078, "testis", 0, 0, 0, 0);
insert into ontology_relationships values (25078, "is_a", "AEO:0000175");
insert into ontology_relationships values (25078, "is_a", "CARO:0000055");
insert into ontology_definitions values (25078, 5, "EHDAA2:0002007", NULL, 1);
insert into ontology_terms values (51362, 25079, "testis mesothelium", 0, 0, 0, 0);
insert into ontology_relationships values (25079, "is_a", "AEO:0000111");
insert into ontology_relationships values (25079, "is_a", "AEO:0000175");
insert into ontology_definitions values (25079, 5, "EHDAA2:0002008", NULL, 1);
insert into ontology_terms values (51363, 25080, "testis mesenchyme", 0, 0, 0, 0);
insert into ontology_relationships values (25080, "is_a", "AEO:0000145");
insert into ontology_relationships values (25080, "is_a", "AEO:0000175");
insert into ontology_definitions values (25080, 5, "EHDAA2:0002010", NULL, 1);
insert into ontology_terms values (51364, 25081, "testis primary sex cords", 0, 0, 0, 0);
insert into ontology_relationships values (25081, "is_a", "AEO:0000175");
insert into ontology_relationships values (25081, "is_a", "AEO:0000216");
insert into ontology_definitions values (25081, 5, "EHDAA2:0002011", NULL, 1);
insert into ontology_terms values (51365, 25082, "thoracic skeleton", 0, 0, 0, 0);
insert into ontology_relationships values (25082, "is_a", "CARO:0000041");
insert into ontology_definitions values (25082, 5, "EHDAA2:0002013", NULL, 1);
insert into ontology_terms values (51366, 25083, "thoracic vertebral cartilage condensation group", 0, 0, 0, 0);
insert into ontology_relationships values (25083, "is_a", "AEO:0000147");
insert into ontology_relationships values (25083, "is_a", "AEO:0000210");
insert into ontology_definitions values (25083, 5, "EHDAA2:0002014", NULL, 1);
insert into ontology_terms values (51367, 25084, "thoracic vertebral pre-cartilage condensation group", 0, 0, 0, 0);
insert into ontology_relationships values (25084, "is_a", "AEO:0000150");
insert into ontology_relationships values (25084, "is_a", "AEO:0000210");
insert into ontology_definitions values (25084, 5, "EHDAA2:0002015", NULL, 1);
insert into ontology_terms values (51368, 25085, "thryoglossal duct", 0, 0, 0, 0);
insert into ontology_relationships values (25085, "is_a", "AEO:0000216");
insert into ontology_definitions values (25085, 5, "EHDAA2:0002016", NULL, 1);
insert into ontology_terms values (51369, 25086, "thymus", 0, 0, 0, 0);
insert into ontology_relationships values (25086, "is_a", "AEO:0000098");
insert into ontology_definitions values (25086, 5, "EHDAA2:0002017", NULL, 1);
insert into ontology_terms values (51370, 25087, "thymus mesenchyme", 0, 0, 0, 0);
insert into ontology_relationships values (25087, "is_a", "AEO:0000146");
insert into ontology_definitions values (25087, 5, "EHDAA2:0002018", NULL, 1);
insert into ontology_terms values (51371, 25088, "thymus epithelium", 0, 0, 0, 0);
insert into ontology_relationships values (25088, "is_a", "AEO:0000216");
insert into ontology_relationships values (25088, "is_a", "CARO:0000073");
insert into ontology_definitions values (25088, 5, "EHDAA2:0002019", NULL, 1);
insert into ontology_terms values (51372, 25089, "thymus primordium", 0, 0, 0, 0);
insert into ontology_relationships values (25089, "is_a", "AEO:0000098");
insert into ontology_definitions values (25089, 5, "EHDAA2:0002023", NULL, 1);
insert into ontology_terms values (51373, 25090, "thymus primordium mesenchyme", 0, 0, 0, 0);
insert into ontology_relationships values (25090, "is_a", "AEO:0000146");
insert into ontology_definitions values (25090, 5, "EHDAA2:0002024", NULL, 1);
insert into ontology_terms values (51374, 25091, "thymus primordium epithelium", 0, 0, 0, 0);
insert into ontology_relationships values (25091, "is_a", "AEO:0000115");
insert into ontology_relationships values (25091, "is_a", "CARO:0000073");
insert into ontology_definitions values (25091, 5, "EHDAA2:0002025", NULL, 1);
insert into ontology_terms values (51375, 25092, "thyroid", 0, 0, 0, 0);
insert into ontology_relationships values (25092, "is_a", "AEO:0000098");
insert into ontology_definitions values (25092, 5, "EHDAA2:0002028", NULL, 1);
insert into ontology_terms values (51376, 25093, "thyroid artery", 0, 0, 0, 0);
insert into ontology_relationships values (25093, "is_a", "AEO:0000208");
insert into ontology_definitions values (25093, 5, "EHDAA2:0002029", NULL, 1);
insert into ontology_terms values (51377, 25094, "thyroid cartilage", 0, 0, 0, 0);
insert into ontology_relationships values (25094, "is_a", "AEO:0000147");
insert into ontology_definitions values (25094, 5, "EHDAA2:0002030", NULL, 1);
insert into ontology_terms values (51378, 25095, "thyroid isthmus", 0, 0, 0, 0);
insert into ontology_relationships values (25095, "is_a", "CARO:0000069");
insert into ontology_definitions values (25095, 5, "EHDAA2:0002031", NULL, 1);
insert into ontology_terms values (51379, 25096, "thyroid lobe", 0, 0, 0, 0);
insert into ontology_relationships values (25096, "is_a", "CARO:0000055");
insert into ontology_definitions values (25096, 5, "EHDAA2:0002032", NULL, 1);
insert into ontology_terms values (51380, 25097, "thyroid primordium", 0, 0, 0, 0);
insert into ontology_relationships values (25097, "is_a", "CARO:0000069");
insert into ontology_definitions values (25097, 5, "EHDAA2:0002033", NULL, 1);
insert into ontology_terms values (51381, 25098, "tibia pre-cartilage condensation", 0, 0, 0, 0);
insert into ontology_relationships values (25098, "is_a", "AEO:0000150");
insert into ontology_definitions values (25098, 5, "EHDAA2:0002036", NULL, 1);
insert into ontology_terms values (51382, 25099, "toe 1", 0, 0, 0, 0);
insert into ontology_relationships values (25099, "is_a", "CARO:0000055");
insert into ontology_definitions values (25099, 5, "EHDAA2:0002037", NULL, 1);
insert into ontology_terms values (51383, 25100, "toe 1 epithelium", 0, 0, 0, 0);
insert into ontology_relationships values (25100, "is_a", "CARO:0000073");
insert into ontology_definitions values (25100, 5, "EHDAA2:0002038", NULL, 1);
insert into ontology_terms values (51384, 25101, "toe 1 mesenchyme", 0, 0, 0, 0);
insert into ontology_relationships values (25101, "is_a", "AEO:0000145");
insert into ontology_definitions values (25101, 5, "EHDAA2:0002039", NULL, 1);
insert into ontology_terms values (51385, 25102, "toe 1 metatarsal pre-cartilage condensation", 0, 0, 0, 0);
insert into ontology_relationships values (25102, "is_a", "AEO:0000150");
insert into ontology_definitions values (25102, 5, "EHDAA2:0002040", NULL, 1);
insert into ontology_terms values (51386, 25103, "toe 1 phalanx pre-cartilage condensation", 0, 0, 0, 0);
insert into ontology_relationships values (25103, "is_a", "AEO:0000150");
insert into ontology_definitions values (25103, 5, "EHDAA2:0002041", NULL, 1);
insert into ontology_terms values (51387, 25104, "toe 2", 0, 0, 0, 0);
insert into ontology_relationships values (25104, "is_a", "CARO:0000055");
insert into ontology_definitions values (25104, 5, "EHDAA2:0002042", NULL, 1);
insert into ontology_terms values (51388, 25105, "toe 2 epithelium", 0, 0, 0, 0);
insert into ontology_relationships values (25105, "is_a", "CARO:0000073");
insert into ontology_definitions values (25105, 5, "EHDAA2:0002043", NULL, 1);
insert into ontology_terms values (51389, 25106, "toe 2 mesenchyme", 0, 0, 0, 0);
insert into ontology_relationships values (25106, "is_a", "AEO:0000145");
insert into ontology_definitions values (25106, 5, "EHDAA2:0002044", NULL, 1);
insert into ontology_terms values (51390, 25107, "toe 2 metatarsal pre-cartilage condensation", 0, 0, 0, 0);
insert into ontology_relationships values (25107, "is_a", "AEO:0000150");
insert into ontology_definitions values (25107, 5, "EHDAA2:0002045", NULL, 1);
insert into ontology_terms values (51391, 25108, "toe 2 phalanx pre-cartilage condensation", 0, 0, 0, 0);
insert into ontology_relationships values (25108, "is_a", "AEO:0000150");
insert into ontology_definitions values (25108, 5, "EHDAA2:0002046", NULL, 1);
insert into ontology_terms values (51392, 25109, "toe 3", 0, 0, 0, 0);
insert into ontology_relationships values (25109, "is_a", "CARO:0000055");
insert into ontology_definitions values (25109, 5, "EHDAA2:0002047", NULL, 1);
insert into ontology_terms values (51393, 25110, "toe 3 epithelium", 0, 0, 0, 0);
insert into ontology_relationships values (25110, "is_a", "CARO:0000073");
insert into ontology_definitions values (25110, 5, "EHDAA2:0002048", NULL, 1);
insert into ontology_terms values (51394, 25111, "toe 3 mesenchyme", 0, 0, 0, 0);
insert into ontology_relationships values (25111, "is_a", "AEO:0000145");
insert into ontology_definitions values (25111, 5, "EHDAA2:0002049", NULL, 1);
insert into ontology_terms values (51395, 25112, "toe 3 metatarsal pre-cartilage condensation", 0, 0, 0, 0);
insert into ontology_relationships values (25112, "is_a", "AEO:0000150");
insert into ontology_definitions values (25112, 5, "EHDAA2:0002050", NULL, 1);
insert into ontology_terms values (51396, 25113, "toe 3 phalanx pre-cartilage condensation", 0, 0, 0, 0);
insert into ontology_relationships values (25113, "is_a", "AEO:0000150");
insert into ontology_definitions values (25113, 5, "EHDAA2:0002051", NULL, 1);
insert into ontology_terms values (51397, 25114, "toe 4", 0, 0, 0, 0);
insert into ontology_relationships values (25114, "is_a", "CARO:0000055");
insert into ontology_definitions values (25114, 5, "EHDAA2:0002052", NULL, 1);
insert into ontology_terms values (51398, 25115, "toe 4 epithelium", 0, 0, 0, 0);
insert into ontology_relationships values (25115, "is_a", "CARO:0000073");
insert into ontology_definitions values (25115, 5, "EHDAA2:0002053", NULL, 1);
insert into ontology_terms values (51399, 25116, "toe 4 mesenchyme", 0, 0, 0, 0);
insert into ontology_relationships values (25116, "is_a", "AEO:0000145");
insert into ontology_definitions values (25116, 5, "EHDAA2:0002054", NULL, 1);
insert into ontology_terms values (51400, 25117, "toe 4 metatarsal pre-cartilage condensation", 0, 0, 0, 0);
insert into ontology_relationships values (25117, "is_a", "AEO:0000150");
insert into ontology_definitions values (25117, 5, "EHDAA2:0002055", NULL, 1);
insert into ontology_terms values (51401, 25118, "toe 4 phalanx pre-cartilage condensation", 0, 0, 0, 0);
insert into ontology_relationships values (25118, "is_a", "AEO:0000150");
insert into ontology_definitions values (25118, 5, "EHDAA2:0002056", NULL, 1);
insert into ontology_terms values (51402, 25119, "toe 5", 0, 0, 0, 0);
insert into ontology_relationships values (25119, "is_a", "CARO:0000055");
insert into ontology_definitions values (25119, 5, "EHDAA2:0002057", NULL, 1);
insert into ontology_terms values (51403, 25120, "toe 5 epithelium", 0, 0, 0, 0);
insert into ontology_relationships values (25120, "is_a", "CARO:0000073");
insert into ontology_definitions values (25120, 5, "EHDAA2:0002058", NULL, 1);
insert into ontology_terms values (51404, 25121, "toe 5 mesenchyme", 0, 0, 0, 0);
insert into ontology_relationships values (25121, "is_a", "AEO:0000145");
insert into ontology_definitions values (25121, 5, "EHDAA2:0002059", NULL, 1);
insert into ontology_terms values (51405, 25122, "toe 5 metatarsal pre-cartilage condensation", 0, 0, 0, 0);
insert into ontology_relationships values (25122, "is_a", "AEO:0000150");
insert into ontology_definitions values (25122, 5, "EHDAA2:0002060", NULL, 1);
insert into ontology_terms values (51406, 25123, "toe 5 phalanx pre-cartilage condensation", 0, 0, 0, 0);
insert into ontology_relationships values (25123, "is_a", "AEO:0000150");
insert into ontology_definitions values (25123, 5, "EHDAA2:0002061", NULL, 1);
insert into ontology_terms values (51407, 25124, "tongue", 0, 0, 0, 0);
insert into ontology_relationships values (25124, "is_a", "CARO:0000024");
insert into ontology_definitions values (25124, 5, "EHDAA2:0002062", NULL, 1);
insert into ontology_terms values (51408, 25125, "tongue extrinsic muscle", 0, 0, 0, 0);
insert into ontology_relationships values (25125, "is_a", "AEO:0000140");
insert into ontology_definitions values (25125, 5, "EHDAA2:0002063", NULL, 1);
insert into ontology_terms values (51409, 25126, "tongue intrinsic muscle", 0, 0, 0, 0);
insert into ontology_relationships values (25126, "is_a", "AEO:0000140");
insert into ontology_definitions values (25126, 5, "EHDAA2:0002064", NULL, 1);
insert into ontology_terms values (51410, 25127, "tongue skeletal muscle", 0, 0, 0, 0);
insert into ontology_relationships values (25127, "is_a", "CARO:0000055");
insert into ontology_definitions values (25127, 5, "EHDAA2:0002065", NULL, 1);
insert into ontology_terms values (51411, 25128, "trachea", 0, 0, 0, 0);
insert into ontology_relationships values (25128, "is_a", "CARO:0000055");
insert into ontology_definitions values (25128, 5, "EHDAA2:0002066", NULL, 1);
insert into ontology_terms values (51412, 25129, "trachea associated mesenchyme", 0, 0, 0, 0);
insert into ontology_relationships values (25129, "is_a", "AEO:0000146");
insert into ontology_definitions values (25129, 5, "EHDAA2:0002067", NULL, 1);
insert into ontology_terms values (51413, 25130, "trachea epithelium", 0, 0, 0, 0);
insert into ontology_relationships values (25130, "is_a", "AEO:0000114");
insert into ontology_relationships values (25130, "is_a", "CARO:0000073");
insert into ontology_definitions values (25130, 5, "EHDAA2:0002069", NULL, 1);
insert into ontology_terms values (51414, 25131, "trachea pre-cartilage rings", 0, 0, 0, 0);
insert into ontology_relationships values (25131, "is_a", "AEO:0000150");
insert into ontology_definitions values (25131, 5, "EHDAA2:0002070", NULL, 1);
insert into ontology_terms values (51415, 25132, "transverospinalis", 0, 0, 0, 0);
insert into ontology_relationships values (25132, "is_a", "AEO:0000140");
insert into ontology_definitions values (25132, 5, "EHDAA2:0002075", NULL, 1);
insert into ontology_terms values (51416, 25133, "transverospinalis pre-muscle mass", 0, 0, 0, 0);
insert into ontology_relationships values (25133, "is_a", "AEO:0000149");
insert into ontology_definitions values (25133, 5, "EHDAA2:0002076", NULL, 1);
insert into ontology_terms values (51417, 25134, "transverse pericardial sinus", 0, 0, 0, 0);
insert into ontology_relationships values (25134, "is_a", "AEO:0000221");
insert into ontology_definitions values (25134, 5, "EHDAA2:0002077", NULL, 1);
insert into ontology_terms values (51418, 25135, "transversus abdominis", 0, 0, 0, 0);
insert into ontology_relationships values (25135, "is_a", "AEO:0000140");
insert into ontology_definitions values (25135, 5, "EHDAA2:0002078", NULL, 1);
insert into ontology_terms values (51419, 25136, "trapezius pre-muscle mass", 0, 0, 0, 0);
insert into ontology_relationships values (25136, "is_a", "AEO:0000149");
insert into ontology_definitions values (25136, 5, "EHDAA2:0002079", NULL, 1);
insert into ontology_terms values (51420, 25137, "triceps", 0, 0, 0, 0);
insert into ontology_relationships values (25137, "is_a", "AEO:0000140");
insert into ontology_definitions values (25137, 5, "EHDAA2:0002080", NULL, 1);
insert into ontology_terms values (51421, 25138, "trigeminal neural crest", 0, 0, 0, 0);
insert into ontology_relationships values (25138, "is_a", "AEO:0000132");
insert into ontology_relationships values (25138, "is_a", "AEO:0000152");
insert into ontology_definitions values (25138, 5, "EHDAA2:0002083", NULL, 1);
insert into ontology_terms values (51422, 25139, "trigeminal V nerve", 0, 0, 0, 0);
insert into ontology_relationships values (25139, "is_a", "AEO:0000137");
insert into ontology_definitions values (25139, 5, "EHDAA2:0002084", NULL, 1);
insert into ontology_terms values (51423, 25140, "trigeminal V ganglion", 0, 0, 0, 0);
insert into ontology_relationships values (25140, "is_a", "AEO:0000135");
insert into ontology_definitions values (25140, 5, "EHDAA2:0002085", NULL, 1);
insert into ontology_terms values (51424, 25141, "trigeminal V nerve mandibular division", 0, 0, 0, 0);
insert into ontology_relationships values (25141, "is_a", "AEO:0000137");
insert into ontology_definitions values (25141, 5, "EHDAA2:0002086", NULL, 1);
insert into ontology_terms values (51425, 25142, "trigeminal V nerve maxillary division", 0, 0, 0, 0);
insert into ontology_relationships values (25142, "is_a", "AEO:0000137");
insert into ontology_definitions values (25142, 5, "EHDAA2:0002087", NULL, 1);
insert into ontology_terms values (51426, 25143, "trigeminal V nerve ophthalmic division", 0, 0, 0, 0);
insert into ontology_relationships values (25143, "is_a", "AEO:0000137");
insert into ontology_definitions values (25143, 5, "EHDAA2:0002088", NULL, 1);
insert into ontology_terms values (51427, 25144, "early trochlear IV nerve", 0, 0, 0, 0);
insert into ontology_relationships values (25144, "is_a", "AEO:0000137");
insert into ontology_definitions values (25144, 5, "EHDAA2:0002090", NULL, 1);
insert into ontology_terms values (51428, 25145, "trophectoderm", 0, 0, 0, 0);
insert into ontology_relationships values (25145, "is_a", "AEO:0000132");
insert into ontology_relationships values (25145, "is_a", "CARO:0000042");
insert into ontology_relationships values (25145, "is_a", "CARO:0000073");
insert into ontology_definitions values (25145, 5, "EHDAA2:0002091", NULL, 1);
insert into ontology_terms values (51429, 25146, "trunk and cervical mesenchyme", 0, 0, 0, 0);
insert into ontology_relationships values (25146, "is_a", "CARO:0000054");
insert into ontology_relationships values (25146, "is_a", "CARO:0000055");
insert into ontology_definitions values (25146, 5, "EHDAA2:0002092", NULL, 1);
insert into ontology_terms values (51430, 25147, "trunk mesenchyme from trunk neural crest", 0, 0, 0, 0);
insert into ontology_relationships values (25147, "is_a", "AEO:0000145");
insert into ontology_definitions values (25147, 5, "EHDAA2:0002093", NULL, 1);
insert into ontology_terms values (51431, 25148, "trunk and cervical paraxial mesoderm", 0, 0, 0, 0);
insert into ontology_relationships values (25148, "is_a", "CARO:0000055");
insert into ontology_definitions values (25148, 5, "EHDAA2:0002094", NULL, 1);
insert into ontology_terms values (51432, 25149, "tubotympanic recess", 0, 0, 0, 0);
insert into ontology_relationships values (25149, "is_a", "AEO:0000221");
insert into ontology_definitions values (25149, 5, "EHDAA2:0002095", NULL, 1);
insert into ontology_terms values (51433, 25150, "tunica albuginea", 0, 0, 0, 0);
insert into ontology_relationships values (25150, "is_a", "AEO:0000081");
insert into ontology_definitions values (25150, 5, "EHDAA2:0002096", NULL, 1);
insert into ontology_terms values (51434, 25151, "tunica vasculosa lentis", 0, 0, 0, 0);
insert into ontology_relationships values (25151, "is_a", "AEO:0000209");
insert into ontology_definitions values (25151, 5, "EHDAA2:0002097", NULL, 1);
insert into ontology_terms values (51435, 25152, "ulna cartilage condensation", 0, 0, 0, 0);
insert into ontology_relationships values (25152, "is_a", "AEO:0000147");
insert into ontology_definitions values (25152, 5, "EHDAA2:0002098", NULL, 1);
insert into ontology_terms values (51436, 25153, "ulna nerve", 0, 0, 0, 0);
insert into ontology_relationships values (25153, "is_a", "AEO:0000137");
insert into ontology_definitions values (25153, 5, "EHDAA2:0002099", NULL, 1);
insert into ontology_terms values (51437, 25154, "ulna pre-cartilage condensation", 0, 0, 0, 0);
insert into ontology_relationships values (25154, "is_a", "AEO:0000150");
insert into ontology_definitions values (25154, 5, "EHDAA2:0002100", NULL, 1);
insert into ontology_terms values (51438, 25155, "ultimobranchial body", 0, 0, 0, 0);
insert into ontology_relationships values (25155, "is_a", "AEO:0000098");
insert into ontology_definitions values (25155, 5, "EHDAA2:0002103", NULL, 1);
insert into ontology_terms values (51439, 25156, "ultimobranchial body associated mesenchyme", 0, 0, 0, 0);
insert into ontology_relationships values (25156, "is_a", "AEO:0000146");
insert into ontology_definitions values (25156, 5, "EHDAA2:0002104", NULL, 1);
insert into ontology_terms values (51440, 25157, "ultimobranchial body epithelium", 0, 0, 0, 0);
insert into ontology_relationships values (25157, "is_a", "CARO:0000073");
insert into ontology_definitions values (25157, 5, "EHDAA2:0002105", NULL, 1);
insert into ontology_terms values (51441, 25158, "unsegmented head paraxial mesenchyme", 0, 0, 0, 0);
insert into ontology_relationships values (25158, "is_a", "AEO:0000132");
insert into ontology_relationships values (25158, "is_a", "AEO:0000146");
insert into ontology_definitions values (25158, 5, "EHDAA2:0002108", NULL, 1);
insert into ontology_terms values (51442, 25159, "trunk unsegmented mesenchyme", 0, 0, 0, 0);
insert into ontology_relationships values (25159, "is_a", "AEO:0000146");
insert into ontology_definitions values (25159, 5, "EHDAA2:0002109", NULL, 1);
insert into ontology_terms values (51443, 25160, "upper arm", 0, 0, 0, 0);
insert into ontology_relationships values (25160, "is_a", "CARO:0000041");
insert into ontology_definitions values (25160, 5, "EHDAA2:0002112", NULL, 1);
insert into ontology_terms values (51444, 25161, "upper arm epithelium", 0, 0, 0, 0);
insert into ontology_relationships values (25161, "is_a", "CARO:0000073");
insert into ontology_definitions values (25161, 5, "EHDAA2:0002113", NULL, 1);
insert into ontology_terms values (51445, 25162, "upper arm mesenchyme", 0, 0, 0, 0);
insert into ontology_relationships values (25162, "is_a", "CARO:0000055");
insert into ontology_definitions values (25162, 5, "EHDAA2:0002114", NULL, 1);
insert into ontology_terms values (51446, 25163, "upper eyelid", 0, 0, 0, 0);
insert into ontology_relationships values (25163, "is_a", "CARO:0000055");
insert into ontology_definitions values (25163, 5, "EHDAA2:0002115", NULL, 1);
insert into ontology_terms values (51447, 25164, "upper eyelid epithelium", 0, 0, 0, 0);
insert into ontology_relationships values (25164, "is_a", "CARO:0000073");
insert into ontology_definitions values (25164, 5, "EHDAA2:0002116", NULL, 1);
insert into ontology_terms values (51448, 25165, "upper eyelid mesenchyme", 0, 0, 0, 0);
insert into ontology_relationships values (25165, "is_a", "AEO:0000145");
insert into ontology_definitions values (25165, 5, "EHDAA2:0002117", NULL, 1);
insert into ontology_terms values (51449, 25166, "upper jaw", 0, 0, 0, 0);
insert into ontology_relationships values (25166, "is_a", "CARO:0000041");
insert into ontology_definitions values (25166, 5, "EHDAA2:0002118", NULL, 1);
insert into ontology_terms values (51450, 25167, "upper jaw epithelium", 0, 0, 0, 0);
insert into ontology_relationships values (25167, "is_a", "CARO:0000073");
insert into ontology_definitions values (25167, 5, "EHDAA2:0002119", NULL, 1);
insert into ontology_terms values (51451, 25168, "upper jaw future lip", 0, 0, 0, 0);
insert into ontology_relationships values (25168, "is_a", "CARO:0000073");
insert into ontology_definitions values (25168, 5, "EHDAA2:0002120", NULL, 1);
insert into ontology_terms values (51452, 25169, "upper jaw incisor", 0, 0, 0, 0);
insert into ontology_relationships values (25169, "is_a", "AEO:0000220");
insert into ontology_definitions values (25169, 5, "EHDAA2:0002121", NULL, 1);
insert into ontology_terms values (51453, 25170, "upper jaw incisor epithelium", 0, 0, 0, 0);
insert into ontology_relationships values (25170, "is_a", "CARO:0000073");
insert into ontology_definitions values (25170, 5, "EHDAA2:0002122", NULL, 1);
insert into ontology_terms values (51454, 25171, "upper jaw incisor dental papilla", 0, 0, 0, 0);
insert into ontology_relationships values (25171, "is_a", "AEO:0000148");
insert into ontology_definitions values (25171, 5, "EHDAA2:0002123", NULL, 1);
insert into ontology_terms values (51455, 25172, "upper jaw mesenchyme", 0, 0, 0, 0);
insert into ontology_relationships values (25172, "is_a", "AEO:0000145");
insert into ontology_definitions values (25172, 5, "EHDAA2:0002124", NULL, 1);
insert into ontology_terms values (51456, 25173, "upper jaw molar", 0, 0, 0, 0);
insert into ontology_relationships values (25173, "is_a", "AEO:0000220");
insert into ontology_definitions values (25173, 5, "EHDAA2:0002125", NULL, 1);
insert into ontology_terms values (51457, 25174, "upper jaw molar epithelium", 0, 0, 0, 0);
insert into ontology_relationships values (25174, "is_a", "CARO:0000073");
insert into ontology_definitions values (25174, 5, "EHDAA2:0002126", NULL, 1);
insert into ontology_terms values (51458, 25175, "upper jaw molar dental papilla", 0, 0, 0, 0);
insert into ontology_relationships values (25175, "is_a", "AEO:0000148");
insert into ontology_definitions values (25175, 5, "EHDAA2:0002127", NULL, 1);
insert into ontology_terms values (51459, 25176, "upper jaw skeleton", 0, 0, 0, 0);
insert into ontology_relationships values (25176, "is_a", "CARO:0000041");
insert into ontology_definitions values (25176, 5, "EHDAA2:0002128", NULL, 1);
insert into ontology_terms values (51460, 25177, "upper jaw teeth", 0, 0, 0, 0);
insert into ontology_relationships values (25177, "is_a", "CARO:0000041");
insert into ontology_definitions values (25177, 5, "EHDAA2:0002129", NULL, 1);
insert into ontology_terms values (51461, 25178, "upper leg", 0, 0, 0, 0);
insert into ontology_relationships values (25178, "is_a", "CARO:0000041");
insert into ontology_definitions values (25178, 5, "EHDAA2:0002130", NULL, 1);
insert into ontology_terms values (51462, 25179, "upper leg epithelium", 0, 0, 0, 0);
insert into ontology_relationships values (25179, "is_a", "CARO:0000073");
insert into ontology_definitions values (25179, 5, "EHDAA2:0002131", NULL, 1);
insert into ontology_terms values (51463, 25180, "upper leg mesenchyme", 0, 0, 0, 0);
insert into ontology_relationships values (25180, "is_a", "CARO:0000055");
insert into ontology_definitions values (25180, 5, "EHDAA2:0002132", NULL, 1);
insert into ontology_terms values (51464, 25181, "upper limb", 0, 0, 0, 0);
insert into ontology_relationships values (25181, "is_a", "AEO:0000172");
insert into ontology_definitions values (25181, 5, "EHDAA2:0002133", NULL, 1);
insert into ontology_terms values (51465, 25182, "upper limb bud ectoderm", 0, 0, 0, 0);
insert into ontology_relationships values (25182, "is_a", "CARO:0000073");
insert into ontology_definitions values (25182, 5, "EHDAA2:0002134", NULL, 1);
insert into ontology_terms values (51466, 25183, "upper limb bud mesenchyme", 0, 0, 0, 0);
insert into ontology_relationships values (25183, "is_a", "CARO:0000055");
insert into ontology_definitions values (25183, 5, "EHDAA2:0002135", NULL, 1);
insert into ontology_terms values (51467, 25184, "upper respiratory tract", 0, 0, 0, 0);
insert into ontology_relationships values (25184, "is_a", "CARO:0000055");
insert into ontology_definitions values (25184, 5, "EHDAA2:0002136", NULL, 1);
insert into ontology_terms values (51468, 25185, "urachus", 0, 0, 0, 0);
insert into ontology_relationships values (25185, "is_a", "CARO:0000055");
insert into ontology_definitions values (25185, 5, "EHDAA2:0002137", NULL, 1);
insert into ontology_terms values (51469, 25186, "ureter", 0, 0, 0, 0);
insert into ontology_relationships values (25186, "is_a", "AEO:0000114");
insert into ontology_definitions values (25186, 5, "EHDAA2:0002139", NULL, 1);
insert into ontology_terms values (51470, 25187, "ureteric bud", 0, 0, 0, 0);
insert into ontology_relationships values (25187, "is_a", "AEO:0000115");
insert into ontology_definitions values (25187, 5, "EHDAA2:0002140", NULL, 1);
insert into ontology_terms values (51471, 25188, "urogenital sinus lumen", 0, 0, 0, 0);
insert into ontology_relationships values (25188, "is_a", "AEO:0000221");
insert into ontology_definitions values (25188, 5, "EHDAA2:0002142", NULL, 1);
insert into ontology_terms values (51472, 25189, "urogenital sinus lumen pelvic part", 0, 0, 0, 0);
insert into ontology_relationships values (25189, "is_a", "AEO:0000221");
insert into ontology_definitions values (25189, 5, "EHDAA2:0002144", NULL, 1);
insert into ontology_terms values (51473, 25190, "urogenital sinus lumen phallic part", 0, 0, 0, 0);
insert into ontology_relationships values (25190, "is_a", "AEO:0000221");
insert into ontology_definitions values (25190, 5, "EHDAA2:0002145", NULL, 1);
insert into ontology_terms values (51474, 25191, "urogenital sinus lumen vesical part", 0, 0, 0, 0);
insert into ontology_terms values (51475, 25191, "urogenital sinus superior part", 1, 1, 0, 0);
insert into ontology_relationships values (25191, "is_a", "AEO:0000221");
insert into ontology_definitions values (25191, 5, "EHDAA2:0002146", NULL, 1);
insert into ontology_terms values (51476, 25192, "urorectal septum", 0, 0, 0, 0);
insert into ontology_relationships values (25192, "is_a", "CARO:0000055");
insert into ontology_definitions values (25192, 5, "EHDAA2:0002152", NULL, 1);
insert into ontology_terms values (51477, 25193, "utricle", 0, 0, 0, 0);
insert into ontology_relationships values (25193, "is_a", "CARO:0000073");
insert into ontology_definitions values (25193, 5, "EHDAA2:0002153", NULL, 1);
insert into ontology_terms values (51478, 25194, "vagal neural crest", 0, 0, 0, 0);
insert into ontology_relationships values (25194, "is_a", "AEO:0000132");
insert into ontology_relationships values (25194, "is_a", "AEO:0000152");
insert into ontology_definitions values (25194, 5, "EHDAA2:0002156", NULL, 1);
insert into ontology_terms values (51479, 25195, "vagal X nerve", 0, 0, 0, 0);
insert into ontology_relationships values (25195, "is_a", "AEO:0000137");
insert into ontology_definitions values (25195, 5, "EHDAA2:0002157", NULL, 1);
insert into ontology_terms values (51480, 25196, "vagal X ganglion", 0, 0, 0, 0);
insert into ontology_relationships values (25196, "is_a", "AEO:0000135");
insert into ontology_definitions values (25196, 5, "EHDAA2:0002158", NULL, 1);
insert into ontology_terms values (51481, 25197, "vagal X inferior ganglion", 0, 0, 0, 0);
insert into ontology_relationships values (25197, "is_a", "AEO:0000135");
insert into ontology_definitions values (25197, 5, "EHDAA2:0002159", NULL, 1);
insert into ontology_terms values (51482, 25198, "vagal X nerve trunk", 0, 0, 0, 0);
insert into ontology_relationships values (25198, "is_a", "AEO:0000137");
insert into ontology_definitions values (25198, 5, "EHDAA2:0002160", NULL, 1);
insert into ontology_terms values (51483, 25199, "vagal X nerve trunk recurrent laryngeal branch", 0, 0, 0, 0);
insert into ontology_relationships values (25199, "is_a", "AEO:0000137");
insert into ontology_definitions values (25199, 5, "EHDAA2:0002161", NULL, 1);
insert into ontology_terms values (51484, 25200, "vagal X superior ganglion", 0, 0, 0, 0);
insert into ontology_relationships values (25200, "is_a", "AEO:0000135");
insert into ontology_definitions values (25200, 5, "EHDAA2:0002163", NULL, 1);
insert into ontology_terms values (51485, 25201, "valve mesenchyme", 0, 0, 0, 0);
insert into ontology_relationships values (25201, "is_a", "CARO:0000054");
insert into ontology_definitions values (25201, 5, "EHDAA2:0002165", NULL, 1);
insert into ontology_terms values (51486, 25202, "inferior vena cava valve", 0, 0, 0, 0);
insert into ontology_relationships values (25202, "is_a", "EHDAA2:0004046");
insert into ontology_definitions values (25202, 5, "EHDAA2:0002166", NULL, 1);
insert into ontology_terms values (51487, 25203, "vault of skull", 0, 0, 0, 0);
insert into ontology_relationships values (25203, "is_a", "CARO:0000041");
insert into ontology_definitions values (25203, 5, "EHDAA2:0002167", NULL, 1);
insert into ontology_terms values (51488, 25204, "venous dural sinus group", 0, 0, 0, 0);
insert into ontology_relationships values (25204, "is_a", "CARO:0000054");
insert into ontology_definitions values (25204, 5, "EHDAA2:0002169", NULL, 1);
insert into ontology_terms values (51489, 25205, "venous system", 0, 0, 0, 0);
insert into ontology_relationships values (25205, "is_a", "CARO:0000011");
insert into ontology_definitions values (25205, 5, "EHDAA2:0002171", NULL, 1);
insert into ontology_terms values (51490, 25206, "ventral 3rd arch pharyngeal pouch endoderm", 0, 0, 0, 0);
insert into ontology_relationships values (25206, "is_a", "CARO:0000073");
insert into ontology_definitions values (25206, 5, "EHDAA2:0002173", NULL, 1);
insert into ontology_terms values (51491, 25207, "ventral mesogastrium", 0, 0, 0, 0);
insert into ontology_relationships values (25207, "is_a", "AEO:0000151");
insert into ontology_definitions values (25207, 5, "EHDAA2:0002176", NULL, 1);
insert into ontology_terms values (51492, 25208, "left ventricle", 0, 0, 0, 0);
insert into ontology_relationships values (25208, "is_a", "CARO:0000055");
insert into ontology_definitions values (25208, 5, "EHDAA2:0002178", NULL, 1);
insert into ontology_terms values (51493, 25209, "left ventricle endocardium", 0, 0, 0, 0);
insert into ontology_relationships values (25209, "is_a", "CARO:0000073");
insert into ontology_definitions values (25209, 5, "EHDAA2:0002182", NULL, 1);
insert into ontology_terms values (51494, 25210, "right ventricle endocardium", 0, 0, 0, 0);
insert into ontology_relationships values (25210, "is_a", "CARO:0000073");
insert into ontology_definitions values (25210, 5, "EHDAA2:0002188", NULL, 1);
insert into ontology_terms values (51495, 25211, "vertebral artery", 0, 0, 0, 0);
insert into ontology_relationships values (25211, "is_a", "AEO:0000208");
insert into ontology_definitions values (25211, 5, "EHDAA2:0002192", NULL, 1);
insert into ontology_terms values (51496, 25212, "vestibulocochlear VIII nerve", 0, 0, 0, 0);
insert into ontology_relationships values (25212, "is_a", "AEO:0000137");
insert into ontology_definitions values (25212, 5, "EHDAA2:0002194", NULL, 1);
insert into ontology_terms values (51497, 25213, "vestibulocochlear VIII nerve cochlear component", 0, 0, 0, 0);
insert into ontology_relationships values (25213, "is_a", "AEO:0000137");
insert into ontology_definitions values (25213, 5, "EHDAA2:0002195", NULL, 1);
insert into ontology_terms values (51498, 25214, "acoustico-vestibular VIII ganglion", 0, 0, 0, 0);
insert into ontology_relationships values (25214, "is_a", "AEO:0000135");
insert into ontology_definitions values (25214, 5, "EHDAA2:0002196", NULL, 1);
insert into ontology_terms values (51499, 25215, "spiral VIII ganglion", 0, 0, 0, 0);
insert into ontology_relationships values (25215, "is_a", "AEO:0000135");
insert into ontology_definitions values (25215, 5, "EHDAA2:0002198", NULL, 1);
insert into ontology_terms values (51500, 25216, "vestibulocochlear VIII nerve vestibular component", 0, 0, 0, 0);
insert into ontology_relationships values (25216, "is_a", "AEO:0000137");
insert into ontology_definitions values (25216, 5, "EHDAA2:0002200", NULL, 1);
insert into ontology_terms values (51501, 25217, "epicardium", 0, 0, 0, 0);
insert into ontology_relationships values (25217, "is_a", "AEO:0000111");
insert into ontology_definitions values (25217, 5, "EHDAA2:0002202", NULL, 1);
insert into ontology_terms values (51502, 25218, "lung mesothelium", 0, 0, 0, 0);
insert into ontology_relationships values (25218, "is_a", "AEO:0000111");
insert into ontology_definitions values (25218, 5, "EHDAA2:0002205", NULL, 1);
insert into ontology_terms values (51503, 25219, "viscerocranium", 0, 0, 0, 0);
insert into ontology_relationships values (25219, "is_a", "CARO:0000041");
insert into ontology_definitions values (25219, 5, "EHDAA2:0002206", NULL, 1);
insert into ontology_terms values (51504, 25220, "vitelline arteries", 0, 0, 0, 0);
insert into ontology_relationships values (25220, "is_a", "AEO:0000208");
insert into ontology_definitions values (25220, 5, "EHDAA2:0002208", NULL, 1);
insert into ontology_terms values (51505, 25221, "vitelline venous plexus", 0, 0, 0, 0);
insert into ontology_relationships values (25221, "is_a", "AEO:0000209");
insert into ontology_definitions values (25221, 5, "EHDAA2:0002210", NULL, 1);
insert into ontology_terms values (51506, 25222, "vomeronasal organ", 0, 0, 0, 0);
insert into ontology_relationships values (25222, "is_a", "CARO:0000055");
insert into ontology_definitions values (25222, 5, "EHDAA2:0002211", NULL, 1);
insert into ontology_terms values (51507, 25223, "secondary yolk sac", 0, 0, 0, 0);
insert into ontology_relationships values (25223, "is_a", "AEO:0000221");
insert into ontology_relationships values (25223, "is_a", "AEO:0000222");
insert into ontology_relationships values (25223, "is_a", "CARO:0000042");
insert into ontology_relationships values (25223, "is_a", "CARO:0000055");
insert into ontology_definitions values (25223, 5, "EHDAA2:0002212", NULL, 1);
insert into ontology_terms values (51508, 25224, "secondary yolk sac endoderm", 0, 0, 0, 0);
insert into ontology_relationships values (25224, "is_a", "CARO:0000042");
insert into ontology_relationships values (25224, "is_a", "CARO:0000073");
insert into ontology_definitions values (25224, 5, "EHDAA2:0002215", NULL, 1);
insert into ontology_terms values (51509, 25225, "secondary yolk sac mesenchyme", 0, 0, 0, 0);
insert into ontology_relationships values (25225, "is_a", "AEO:0000146");
insert into ontology_relationships values (25225, "is_a", "CARO:0000042");
insert into ontology_definitions values (25225, 5, "EHDAA2:0002216", NULL, 1);
insert into ontology_terms values (51510, 25226, "early yolk sac stalk", 0, 0, 0, 0);
insert into ontology_relationships values (25226, "is_a", "AEO:0000114");
insert into ontology_definitions values (25226, 5, "EHDAA2:0002218", NULL, 1);
insert into ontology_terms values (51511, 25227, "yolk sac stalk", 0, 0, 0, 0);
insert into ontology_relationships values (25227, "is_a", "AEO:0000114");
insert into ontology_definitions values (25227, 5, "EHDAA2:0002219", NULL, 1);
insert into ontology_terms values (51512, 25228, "zona pellucida", 0, 0, 0, 0);
insert into ontology_relationships values (25228, "is_a", "CARO:0000040");
insert into ontology_relationships values (25228, "is_a", "CARO:0000042");
insert into ontology_definitions values (25228, 5, "EHDAA2:0002220", NULL, 1);
insert into ontology_terms values (51513, 25229, "limb skeleton", 0, 0, 0, 0);
insert into ontology_relationships values (25229, "is_a", "CARO:0000011");
insert into ontology_definitions values (25229, 5, "EHDAA2:0002221", NULL, 1);
insert into ontology_terms values (51514, 25230, "upper limb skeleton", 0, 0, 0, 0);
insert into ontology_relationships values (25230, "is_a", "CARO:0000011");
insert into ontology_definitions values (25230, 5, "EHDAA2:0002222", NULL, 1);
insert into ontology_terms values (51515, 25231, "glandular system", 0, 0, 0, 0);
insert into ontology_relationships values (25231, "is_a", "AEO:0000093");
insert into ontology_definitions values (25231, 5, "EHDAA2:0002223", NULL, 1);
insert into ontology_terms values (51516, 25232, "endocrine glandular system", 0, 0, 0, 0);
insert into ontology_relationships values (25232, "is_a", "CARO:0000011");
insert into ontology_definitions values (25232, 5, "EHDAA2:0002224", NULL, 1);
insert into ontology_terms values (51517, 25233, "exocrine glandular system", 0, 0, 0, 0);
insert into ontology_relationships values (25233, "is_a", "CARO:0000011");
insert into ontology_definitions values (25233, 5, "EHDAA2:0002225", NULL, 1);
insert into ontology_terms values (51518, 25234, "lower limb skeleton", 0, 0, 0, 0);
insert into ontology_relationships values (25234, "is_a", "CARO:0000011");
insert into ontology_definitions values (25234, 5, "EHDAA2:0002226", NULL, 1);
insert into ontology_terms values (51519, 25235, "hand region skeleton", 0, 0, 0, 0);
insert into ontology_relationships values (25235, "is_a", "CARO:0000011");
insert into ontology_definitions values (25235, 5, "EHDAA2:0002227", NULL, 1);
insert into ontology_terms values (51520, 25236, "foot region skeleton", 0, 0, 0, 0);
insert into ontology_relationships values (25236, "is_a", "CARO:0000011");
insert into ontology_definitions values (25236, 5, "EHDAA2:0002228", NULL, 1);
insert into ontology_terms values (51521, 25237, "lower lmb bud apical ectodermal ridge", 0, 0, 0, 0);
insert into ontology_relationships values (25237, "is_a", "CARO:0000068");
insert into ontology_definitions values (25237, 5, "EHDAA2:0003194", NULL, 1);
insert into ontology_terms values (51522, 25238, "primary yolk sac", 0, 0, 0, 0);
insert into ontology_relationships values (25238, "is_a", "CARO:0000055");
insert into ontology_definitions values (25238, 5, "EHDAA2:0003237", NULL, 1);
insert into ontology_terms values (51523, 25239, "chorion lacunae", 0, 0, 0, 0);
insert into ontology_relationships values (25239, "is_a", "AEO:0000222");
insert into ontology_definitions values (25239, 5, "EHDAA2:0003238", NULL, 1);
insert into ontology_terms values (51524, 25240, "tail bud paraxial mesoderm", 0, 0, 0, 0);
insert into ontology_relationships values (25240, "is_a", "AEO:0000132");
insert into ontology_relationships values (25240, "is_a", "AEO:0000146");
insert into ontology_definitions values (25240, 5, "EHDAA2:0003239", NULL, 1);
insert into ontology_terms values (51525, 25241, "tail bud surface ectoderm", 0, 0, 0, 0);
insert into ontology_relationships values (25241, "is_a", "CARO:0000073");
insert into ontology_definitions values (25241, 5, "EHDAA2:0003240", NULL, 1);
insert into ontology_terms values (51526, 25242, "mesoderm blood islands", 0, 0, 0, 0);
insert into ontology_relationships values (25242, "is_a", "AEO:0000119");
insert into ontology_relationships values (25242, "is_a", "AEO:0000131");
insert into ontology_definitions values (25242, 5, "EHDAA2:0003241", NULL, 1);
insert into ontology_terms values (51527, 25243, "connecting stalk blood islands", 0, 0, 0, 0);
insert into ontology_relationships values (25243, "is_a", "AEO:0000119");
insert into ontology_relationships values (25243, "is_a", "AEO:0000132");
insert into ontology_definitions values (25243, 5, "EHDAA2:0003242", NULL, 1);
insert into ontology_terms values (51528, 25244, "primary yolk sac endoderm", 0, 0, 0, 0);
insert into ontology_relationships values (25244, "is_a", "AEO:0000132");
insert into ontology_relationships values (25244, "is_a", "CARO:0000073");
insert into ontology_definitions values (25244, 5, "EHDAA2:0003243", NULL, 1);
insert into ontology_terms values (51529, 25245, "chorion cytotrophoblast", 0, 0, 0, 0);
insert into ontology_relationships values (25245, "is_a", "CARO:0000042");
insert into ontology_relationships values (25245, "is_a", "CARO:0000073");
insert into ontology_definitions values (25245, 5, "EHDAA2:0003244", NULL, 1);
insert into ontology_terms values (51530, 25246, "chorion mesenchyme", 0, 0, 0, 0);
insert into ontology_relationships values (25246, "is_a", "AEO:0000146");
insert into ontology_relationships values (25246, "is_a", "CARO:0000042");
insert into ontology_definitions values (25246, 5, "EHDAA2:0003245", NULL, 1);
insert into ontology_terms values (51531, 25247, "primary yolk sac mesenchyme", 0, 0, 0, 0);
insert into ontology_relationships values (25247, "is_a", "AEO:0000145");
insert into ontology_relationships values (25247, "is_a", "CARO:0000042");
insert into ontology_definitions values (25247, 5, "EHDAA2:0003246", NULL, 1);
insert into ontology_terms values (51532, 25248, "blood cells", 0, 0, 0, 0);
insert into ontology_relationships values (25248, "is_a", "CARO:0000043");
insert into ontology_definitions values (25248, 5, "EHDAA2:0003247", NULL, 1);
insert into ontology_terms values (51533, 25249, "vertebra C3 cartilage condensation", 0, 0, 0, 0);
insert into ontology_relationships values (25249, "is_a", "AEO:0000147");
insert into ontology_definitions values (25249, 5, "EHDAA2:0003260", NULL, 1);
insert into ontology_terms values (51534, 25250, "vertebra C4 cartilage condensation", 0, 0, 0, 0);
insert into ontology_relationships values (25250, "is_a", "AEO:0000147");
insert into ontology_definitions values (25250, 5, "EHDAA2:0003261", NULL, 1);
insert into ontology_terms values (51535, 25251, "vertebra C5 cartilage condensation", 0, 0, 0, 0);
insert into ontology_relationships values (25251, "is_a", "AEO:0000147");
insert into ontology_definitions values (25251, 5, "EHDAA2:0003262", NULL, 1);
insert into ontology_terms values (51536, 25252, "vertebra C6 cartilage condensation", 0, 0, 0, 0);
insert into ontology_relationships values (25252, "is_a", "AEO:0000147");
insert into ontology_definitions values (25252, 5, "EHDAA2:0003263", NULL, 1);
insert into ontology_terms values (51537, 25253, "vertebra C7 cartilage condensation", 0, 0, 0, 0);
insert into ontology_relationships values (25253, "is_a", "AEO:0000147");
insert into ontology_definitions values (25253, 5, "EHDAA2:0003264", NULL, 1);
insert into ontology_terms values (51538, 25254, "vertebra C3 pre-cartilage condensation", 0, 0, 0, 0);
insert into ontology_relationships values (25254, "is_a", "AEO:0000147");
insert into ontology_definitions values (25254, 5, "EHDAA2:0003265", NULL, 1);
insert into ontology_terms values (51539, 25255, "rib pre-cartilage condensation 01", 0, 0, 0, 0);
insert into ontology_relationships values (25255, "is_a", "AEO:0000150");
insert into ontology_definitions values (25255, 5, "EHDAA2:0003266", NULL, 1);
insert into ontology_terms values (51540, 25256, "rib pre-cartilage condensation 02", 0, 0, 0, 0);
insert into ontology_relationships values (25256, "is_a", "AEO:0000150");
insert into ontology_definitions values (25256, 5, "EHDAA2:0003267", NULL, 1);
insert into ontology_terms values (51541, 25257, "rib pre-cartilage condensation 03", 0, 0, 0, 0);
insert into ontology_relationships values (25257, "is_a", "AEO:0000150");
insert into ontology_definitions values (25257, 5, "EHDAA2:0003268", NULL, 1);
insert into ontology_terms values (51542, 25258, "rib pre-cartilage condensation 04", 0, 0, 0, 0);
insert into ontology_relationships values (25258, "is_a", "AEO:0000150");
insert into ontology_definitions values (25258, 5, "EHDAA2:0003269", NULL, 1);
insert into ontology_terms values (51543, 25259, "rib pre-cartilage condensation 05", 0, 0, 0, 0);
insert into ontology_relationships values (25259, "is_a", "AEO:0000150");
insert into ontology_definitions values (25259, 5, "EHDAA2:0003270", NULL, 1);
insert into ontology_terms values (51544, 25260, "rib pre-cartilage condensation 06", 0, 0, 0, 0);
insert into ontology_relationships values (25260, "is_a", "AEO:0000150");
insert into ontology_definitions values (25260, 5, "EHDAA2:0003271", NULL, 1);
insert into ontology_terms values (51545, 25261, "rib pre-cartilage condensation 07", 0, 0, 0, 0);
insert into ontology_relationships values (25261, "is_a", "AEO:0000150");
insert into ontology_definitions values (25261, 5, "EHDAA2:0003272", NULL, 1);
insert into ontology_terms values (51546, 25262, "rib pre-cartilage condensation 08", 0, 0, 0, 0);
insert into ontology_relationships values (25262, "is_a", "AEO:0000150");
insert into ontology_definitions values (25262, 5, "EHDAA2:0003273", NULL, 1);
insert into ontology_terms values (51547, 25263, "rib pre-cartilage condensation 09", 0, 0, 0, 0);
insert into ontology_relationships values (25263, "is_a", "AEO:0000150");
insert into ontology_definitions values (25263, 5, "EHDAA2:0003274", NULL, 1);
insert into ontology_terms values (51548, 25264, "rib pre-cartilage condensation 10", 0, 0, 0, 0);
insert into ontology_relationships values (25264, "is_a", "AEO:0000150");
insert into ontology_definitions values (25264, 5, "EHDAA2:0003275", NULL, 1);
insert into ontology_terms values (51549, 25265, "rib pre-cartilage condensation 11", 0, 0, 0, 0);
insert into ontology_relationships values (25265, "is_a", "AEO:0000150");
insert into ontology_definitions values (25265, 5, "EHDAA2:0003276", NULL, 1);
insert into ontology_terms values (51550, 25266, "rib pre-cartilage condensation 12", 0, 0, 0, 0);
insert into ontology_relationships values (25266, "is_a", "AEO:0000150");
insert into ontology_definitions values (25266, 5, "EHDAA2:0003277", NULL, 1);
insert into ontology_terms values (51551, 25267, "rib cartilage condensation 01", 0, 0, 0, 0);
insert into ontology_relationships values (25267, "is_a", "AEO:0000147");
insert into ontology_definitions values (25267, 5, "EHDAA2:0003278", NULL, 1);
insert into ontology_terms values (51552, 25268, "rib cartilage condensation 02", 0, 0, 0, 0);
insert into ontology_relationships values (25268, "is_a", "AEO:0000147");
insert into ontology_definitions values (25268, 5, "EHDAA2:0003279", NULL, 1);
insert into ontology_terms values (51553, 25269, "rib cartilage condensation 03", 0, 0, 0, 0);
insert into ontology_relationships values (25269, "is_a", "AEO:0000147");
insert into ontology_definitions values (25269, 5, "EHDAA2:0003280", NULL, 1);
insert into ontology_terms values (51554, 25270, "rib cartilage condensation 04", 0, 0, 0, 0);
insert into ontology_relationships values (25270, "is_a", "AEO:0000147");
insert into ontology_definitions values (25270, 5, "EHDAA2:0003281", NULL, 1);
insert into ontology_terms values (51555, 25271, "rib cartilage condensation 05", 0, 0, 0, 0);
insert into ontology_relationships values (25271, "is_a", "AEO:0000147");
insert into ontology_definitions values (25271, 5, "EHDAA2:0003282", NULL, 1);
insert into ontology_terms values (51556, 25272, "rib cartilage condensation 06", 0, 0, 0, 0);
insert into ontology_relationships values (25272, "is_a", "AEO:0000147");
insert into ontology_definitions values (25272, 5, "EHDAA2:0003283", NULL, 1);
insert into ontology_terms values (51557, 25273, "rib cartilage condensation 07", 0, 0, 0, 0);
insert into ontology_relationships values (25273, "is_a", "AEO:0000147");
insert into ontology_definitions values (25273, 5, "EHDAA2:0003284", NULL, 1);
insert into ontology_terms values (51558, 25274, "rib cartilage condensation 08", 0, 0, 0, 0);
insert into ontology_relationships values (25274, "is_a", "AEO:0000147");
insert into ontology_definitions values (25274, 5, "EHDAA2:0003285", NULL, 1);
insert into ontology_terms values (51559, 25275, "rib cartilage condensation 09", 0, 0, 0, 0);
insert into ontology_relationships values (25275, "is_a", "AEO:0000147");
insert into ontology_definitions values (25275, 5, "EHDAA2:0003286", NULL, 1);
insert into ontology_terms values (51560, 25276, "rib cartilage condensation 10", 0, 0, 0, 0);
insert into ontology_relationships values (25276, "is_a", "AEO:0000147");
insert into ontology_definitions values (25276, 5, "EHDAA2:0003287", NULL, 1);
insert into ontology_terms values (51561, 25277, "rib cartilage condensation 11", 0, 0, 0, 0);
insert into ontology_relationships values (25277, "is_a", "AEO:0000147");
insert into ontology_definitions values (25277, 5, "EHDAA2:0003288", NULL, 1);
insert into ontology_terms values (51562, 25278, "rib cartilage condensation 12", 0, 0, 0, 0);
insert into ontology_relationships values (25278, "is_a", "AEO:0000147");
insert into ontology_definitions values (25278, 5, "EHDAA2:0003289", NULL, 1);
insert into ontology_terms values (51563, 25279, "vertebral cartilage condensation T01", 0, 0, 0, 0);
insert into ontology_relationships values (25279, "is_a", "AEO:0000147");
insert into ontology_definitions values (25279, 5, "EHDAA2:0003290", NULL, 1);
insert into ontology_terms values (51564, 25280, "vertebral cartilage condensation T02", 0, 0, 0, 0);
insert into ontology_relationships values (25280, "is_a", "AEO:0000147");
insert into ontology_definitions values (25280, 5, "EHDAA2:0003291", NULL, 1);
insert into ontology_terms values (51565, 25281, "vertebral cartilage condensation T03", 0, 0, 0, 0);
insert into ontology_relationships values (25281, "is_a", "AEO:0000147");
insert into ontology_definitions values (25281, 5, "EHDAA2:0003292", NULL, 1);
insert into ontology_terms values (51566, 25282, "vertebral cartilage condensation T04", 0, 0, 0, 0);
insert into ontology_relationships values (25282, "is_a", "AEO:0000147");
insert into ontology_definitions values (25282, 5, "EHDAA2:0003293", NULL, 1);
insert into ontology_terms values (51567, 25283, "vertebral cartilage condensation T05", 0, 0, 0, 0);
insert into ontology_relationships values (25283, "is_a", "AEO:0000147");
insert into ontology_definitions values (25283, 5, "EHDAA2:0003294", NULL, 1);
insert into ontology_terms values (51568, 25284, "vertebral cartilage condensation T06", 0, 0, 0, 0);
insert into ontology_relationships values (25284, "is_a", "AEO:0000147");
insert into ontology_definitions values (25284, 5, "EHDAA2:0003295", NULL, 1);
insert into ontology_terms values (51569, 25285, "vertebral cartilage condensation T07", 0, 0, 0, 0);
insert into ontology_relationships values (25285, "is_a", "AEO:0000147");
insert into ontology_definitions values (25285, 5, "EHDAA2:0003296", NULL, 1);
insert into ontology_terms values (51570, 25286, "vertebral cartilage condensation T08", 0, 0, 0, 0);
insert into ontology_relationships values (25286, "is_a", "AEO:0000147");
insert into ontology_definitions values (25286, 5, "EHDAA2:0003297", NULL, 1);
insert into ontology_terms values (51571, 25287, "vertebral cartilage condensation T09", 0, 0, 0, 0);
insert into ontology_relationships values (25287, "is_a", "AEO:0000147");
insert into ontology_definitions values (25287, 5, "EHDAA2:0003298", NULL, 1);
insert into ontology_terms values (51572, 25288, "vertebral cartilage condensation T10", 0, 0, 0, 0);
insert into ontology_relationships values (25288, "is_a", "AEO:0000147");
insert into ontology_definitions values (25288, 5, "EHDAA2:0003299", NULL, 1);
insert into ontology_terms values (51573, 25289, "vertebral cartilage condensation T11", 0, 0, 0, 0);
insert into ontology_relationships values (25289, "is_a", "AEO:0000147");
insert into ontology_definitions values (25289, 5, "EHDAA2:0003300", NULL, 1);
insert into ontology_terms values (51574, 25290, "vertebral cartilage condensation T12", 0, 0, 0, 0);
insert into ontology_relationships values (25290, "is_a", "AEO:0000147");
insert into ontology_definitions values (25290, 5, "EHDAA2:0003301", NULL, 1);
insert into ontology_terms values (51575, 25291, "thoracic vertebral pre-cartilage condensation T01", 0, 0, 0, 0);
insert into ontology_relationships values (25291, "is_a", "AEO:0000150");
insert into ontology_definitions values (25291, 5, "EHDAA2:0003302", NULL, 1);
insert into ontology_terms values (51576, 25292, "thoracic vertebral pre-cartilage condensation T02", 0, 0, 0, 0);
insert into ontology_relationships values (25292, "is_a", "AEO:0000150");
insert into ontology_definitions values (25292, 5, "EHDAA2:0003303", NULL, 1);
insert into ontology_terms values (51577, 25293, "thoracic vertebral pre-cartilage condensation T03", 0, 0, 0, 0);
insert into ontology_relationships values (25293, "is_a", "AEO:0000150");
insert into ontology_definitions values (25293, 5, "EHDAA2:0003304", NULL, 1);
insert into ontology_terms values (51578, 25294, "thoracic vertebral pre-cartilage condensation T04", 0, 0, 0, 0);
insert into ontology_relationships values (25294, "is_a", "AEO:0000150");
insert into ontology_definitions values (25294, 5, "EHDAA2:0003305", NULL, 1);
insert into ontology_terms values (51579, 25295, "thoracic vertebral pre-cartilage condensation T05", 0, 0, 0, 0);
insert into ontology_relationships values (25295, "is_a", "AEO:0000150");
insert into ontology_definitions values (25295, 5, "EHDAA2:0003306", NULL, 1);
insert into ontology_terms values (51580, 25296, "thoracic vertebral pre-cartilage condensation T06", 0, 0, 0, 0);
insert into ontology_relationships values (25296, "is_a", "AEO:0000150");
insert into ontology_definitions values (25296, 5, "EHDAA2:0003307", NULL, 1);
insert into ontology_terms values (51581, 25297, "thoracic vertebral pre-cartilage condensation T07", 0, 0, 0, 0);
insert into ontology_relationships values (25297, "is_a", "AEO:0000150");
insert into ontology_definitions values (25297, 5, "EHDAA2:0003308", NULL, 1);
insert into ontology_terms values (51582, 25298, "thoracic vertebral pre-cartilage condensation T08", 0, 0, 0, 0);
insert into ontology_relationships values (25298, "is_a", "AEO:0000150");
insert into ontology_definitions values (25298, 5, "EHDAA2:0003309", NULL, 1);
insert into ontology_terms values (51583, 25299, "thoracic vertebral pre-cartilage condensation T09", 0, 0, 0, 0);
insert into ontology_relationships values (25299, "is_a", "AEO:0000150");
insert into ontology_definitions values (25299, 5, "EHDAA2:0003310", NULL, 1);
insert into ontology_terms values (51584, 25300, "thoracic vertebral pre-cartilage condensation T10", 0, 0, 0, 0);
insert into ontology_relationships values (25300, "is_a", "AEO:0000150");
insert into ontology_definitions values (25300, 5, "EHDAA2:0003311", NULL, 1);
insert into ontology_terms values (51585, 25301, "thoracic vertebral pre-cartilage condensation T11", 0, 0, 0, 0);
insert into ontology_relationships values (25301, "is_a", "AEO:0000150");
insert into ontology_definitions values (25301, 5, "EHDAA2:0003312", NULL, 1);
insert into ontology_terms values (51586, 25302, "thoracic vertebral pre-cartilage condensation T12", 0, 0, 0, 0);
insert into ontology_relationships values (25302, "is_a", "AEO:0000150");
insert into ontology_definitions values (25302, 5, "EHDAA2:0003313", NULL, 1);
insert into ontology_terms values (51587, 25303, "costal pre-cartilage condensation 01", 0, 0, 0, 0);
insert into ontology_relationships values (25303, "is_a", "AEO:0000150");
insert into ontology_definitions values (25303, 5, "EHDAA2:0003314", NULL, 1);
insert into ontology_terms values (51588, 25304, "costal pre-cartilage condensation 02", 0, 0, 0, 0);
insert into ontology_relationships values (25304, "is_a", "AEO:0000150");
insert into ontology_definitions values (25304, 5, "EHDAA2:0003315", NULL, 1);
insert into ontology_terms values (51589, 25305, "costal pre-cartilage condensation 03", 0, 0, 0, 0);
insert into ontology_relationships values (25305, "is_a", "AEO:0000150");
insert into ontology_definitions values (25305, 5, "EHDAA2:0003316", NULL, 1);
insert into ontology_terms values (51590, 25306, "costal pre-cartilage condensation 04", 0, 0, 0, 0);
insert into ontology_relationships values (25306, "is_a", "AEO:0000150");
insert into ontology_definitions values (25306, 5, "EHDAA2:0003317", NULL, 1);
insert into ontology_terms values (51591, 25307, "costal pre-cartilage condensation 05", 0, 0, 0, 0);
insert into ontology_relationships values (25307, "is_a", "AEO:0000150");
insert into ontology_definitions values (25307, 5, "EHDAA2:0003318", NULL, 1);
insert into ontology_terms values (51592, 25308, "costal pre-cartilage condensation 06", 0, 0, 0, 0);
insert into ontology_relationships values (25308, "is_a", "AEO:0000150");
insert into ontology_definitions values (25308, 5, "EHDAA2:0003319", NULL, 1);
insert into ontology_terms values (51593, 25309, "costal pre-cartilage condensation 07", 0, 0, 0, 0);
insert into ontology_relationships values (25309, "is_a", "AEO:0000150");
insert into ontology_definitions values (25309, 5, "EHDAA2:0003320", NULL, 1);
insert into ontology_terms values (51594, 25310, "costal pre-cartilage condensation 08", 0, 0, 0, 0);
insert into ontology_relationships values (25310, "is_a", "AEO:0000150");
insert into ontology_definitions values (25310, 5, "EHDAA2:0003321", NULL, 1);
insert into ontology_terms values (51595, 25311, "costal pre-cartilage condensation 09", 0, 0, 0, 0);
insert into ontology_relationships values (25311, "is_a", "AEO:0000150");
insert into ontology_definitions values (25311, 5, "EHDAA2:0003322", NULL, 1);
insert into ontology_terms values (51596, 25312, "costal pre-cartilage condensation 10", 0, 0, 0, 0);
insert into ontology_relationships values (25312, "is_a", "AEO:0000150");
insert into ontology_definitions values (25312, 5, "EHDAA2:0003323", NULL, 1);
insert into ontology_terms values (51597, 25313, "costal pre-cartilage condensation 11", 0, 0, 0, 0);
insert into ontology_relationships values (25313, "is_a", "AEO:0000150");
insert into ontology_definitions values (25313, 5, "EHDAA2:0003324", NULL, 1);
insert into ontology_terms values (51598, 25314, "costal pre-cartilage condensation 12", 0, 0, 0, 0);
insert into ontology_relationships values (25314, "is_a", "AEO:0000150");
insert into ontology_definitions values (25314, 5, "EHDAA2:0003325", NULL, 1);
insert into ontology_terms values (51599, 25315, "coccygeal vertebral cartilage condensation CC1", 0, 0, 0, 0);
insert into ontology_relationships values (25315, "is_a", "AEO:0000147");
insert into ontology_definitions values (25315, 5, "EHDAA2:0003326", NULL, 1);
insert into ontology_terms values (51600, 25316, "coccygeal vertebral cartilage condensation CC2", 0, 0, 0, 0);
insert into ontology_relationships values (25316, "is_a", "AEO:0000147");
insert into ontology_definitions values (25316, 5, "EHDAA2:0003327", NULL, 1);
insert into ontology_terms values (51601, 25317, "coccygeal vertebral cartilage condensation CC3", 0, 0, 0, 0);
insert into ontology_relationships values (25317, "is_a", "AEO:0000147");
insert into ontology_definitions values (25317, 5, "EHDAA2:0003328", NULL, 1);
insert into ontology_terms values (51602, 25318, "coccygeal vertebral cartilage condensation CC4", 0, 0, 0, 0);
insert into ontology_relationships values (25318, "is_a", "AEO:0000147");
insert into ontology_definitions values (25318, 5, "EHDAA2:0003329", NULL, 1);
insert into ontology_terms values (51603, 25319, "coccygeal vertebral pre-cartilage condensation CC1", 0, 0, 0, 0);
insert into ontology_relationships values (25319, "is_a", "AEO:0000150");
insert into ontology_definitions values (25319, 5, "EHDAA2:0003330", NULL, 1);
insert into ontology_terms values (51604, 25320, "coccygeal vertebral pre-cartilage condensation CC2", 0, 0, 0, 0);
insert into ontology_relationships values (25320, "is_a", "AEO:0000150");
insert into ontology_definitions values (25320, 5, "EHDAA2:0003331", NULL, 1);
insert into ontology_terms values (51605, 25321, "coccygeal vertebral pre-cartilage condensation CC3", 0, 0, 0, 0);
insert into ontology_relationships values (25321, "is_a", "AEO:0000150");
insert into ontology_definitions values (25321, 5, "EHDAA2:0003332", NULL, 1);
insert into ontology_terms values (51606, 25322, "coccygeal vertebral pre-cartilage condensation CC4", 0, 0, 0, 0);
insert into ontology_relationships values (25322, "is_a", "AEO:0000150");
insert into ontology_definitions values (25322, 5, "EHDAA2:0003333", NULL, 1);
insert into ontology_terms values (51607, 25323, "lumbar vertebral cartilage condensation L1", 0, 0, 0, 0);
insert into ontology_relationships values (25323, "is_a", "AEO:0000147");
insert into ontology_definitions values (25323, 5, "EHDAA2:0003334", NULL, 1);
insert into ontology_terms values (51608, 25324, "lumbar vertebral cartilage condensation L2", 0, 0, 0, 0);
insert into ontology_relationships values (25324, "is_a", "AEO:0000147");
insert into ontology_definitions values (25324, 5, "EHDAA2:0003335", NULL, 1);
insert into ontology_terms values (51609, 25325, "lumbar vertebral cartilage condensation L3", 0, 0, 0, 0);
insert into ontology_relationships values (25325, "is_a", "AEO:0000147");
insert into ontology_definitions values (25325, 5, "EHDAA2:0003336", NULL, 1);
insert into ontology_terms values (51610, 25326, "lumbar vertebral cartilage condensation L4", 0, 0, 0, 0);
insert into ontology_relationships values (25326, "is_a", "AEO:0000147");
insert into ontology_definitions values (25326, 5, "EHDAA2:0003337", NULL, 1);
insert into ontology_terms values (51611, 25327, "lumbar vertebral cartilage condensation L5", 0, 0, 0, 0);
insert into ontology_relationships values (25327, "is_a", "AEO:0000147");
insert into ontology_definitions values (25327, 5, "EHDAA2:0003338", NULL, 1);
insert into ontology_terms values (51612, 25328, "lumbar vertebral pre-cartilage condensation L1", 0, 0, 0, 0);
insert into ontology_relationships values (25328, "is_a", "AEO:0000150");
insert into ontology_definitions values (25328, 5, "EHDAA2:0003339", NULL, 1);
insert into ontology_terms values (51613, 25329, "lumbar vertebral pre-cartilage condensation L2", 0, 0, 0, 0);
insert into ontology_relationships values (25329, "is_a", "AEO:0000150");
insert into ontology_definitions values (25329, 5, "EHDAA2:0003340", NULL, 1);
insert into ontology_terms values (51614, 25330, "lumbar vertebral pre-cartilage condensation L3", 0, 0, 0, 0);
insert into ontology_relationships values (25330, "is_a", "AEO:0000150");
insert into ontology_definitions values (25330, 5, "EHDAA2:0003341", NULL, 1);
insert into ontology_terms values (51615, 25331, "lumbar vertebral pre-cartilage condensation L4", 0, 0, 0, 0);
insert into ontology_relationships values (25331, "is_a", "AEO:0000150");
insert into ontology_definitions values (25331, 5, "EHDAA2:0003342", NULL, 1);
insert into ontology_terms values (51616, 25332, "lumbar vertebral pre-cartilage condensation L5", 0, 0, 0, 0);
insert into ontology_relationships values (25332, "is_a", "AEO:0000150");
insert into ontology_definitions values (25332, 5, "EHDAA2:0003343", NULL, 1);
insert into ontology_terms values (51617, 25333, "sacral vertebral pre-cartilage condensation S1", 0, 0, 0, 0);
insert into ontology_relationships values (25333, "is_a", "AEO:0000150");
insert into ontology_definitions values (25333, 5, "EHDAA2:0003344", NULL, 1);
insert into ontology_terms values (51618, 25334, "sacral vertebral pre-cartilage condensation S2", 0, 0, 0, 0);
insert into ontology_relationships values (25334, "is_a", "AEO:0000150");
insert into ontology_definitions values (25334, 5, "EHDAA2:0003345", NULL, 1);
insert into ontology_terms values (51619, 25335, "sacral vertebral pre-cartilage condensation S3", 0, 0, 0, 0);
insert into ontology_relationships values (25335, "is_a", "AEO:0000150");
insert into ontology_definitions values (25335, 5, "EHDAA2:0003346", NULL, 1);
insert into ontology_terms values (51620, 25336, "sacral vertebral pre-cartilage condensation S4", 0, 0, 0, 0);
insert into ontology_relationships values (25336, "is_a", "AEO:0000150");
insert into ontology_definitions values (25336, 5, "EHDAA2:0003347", NULL, 1);
insert into ontology_terms values (51621, 25337, "sacral vertebral pre-cartilage condensation S5", 0, 0, 0, 0);
insert into ontology_relationships values (25337, "is_a", "AEO:0000150");
insert into ontology_definitions values (25337, 5, "EHDAA2:0003348", NULL, 1);
insert into ontology_terms values (51622, 25338, "sacral vertebral cartilage condensation S1", 0, 0, 0, 0);
insert into ontology_relationships values (25338, "is_a", "AEO:0000147");
insert into ontology_definitions values (25338, 5, "EHDAA2:0003349", NULL, 1);
insert into ontology_terms values (51623, 25339, "sacral vertebral cartilage condensation S2", 0, 0, 0, 0);
insert into ontology_relationships values (25339, "is_a", "AEO:0000147");
insert into ontology_definitions values (25339, 5, "EHDAA2:0003350", NULL, 1);
insert into ontology_terms values (51624, 25340, "sacral vertebral cartilage condensation S3", 0, 0, 0, 0);
insert into ontology_relationships values (25340, "is_a", "AEO:0000147");
insert into ontology_definitions values (25340, 5, "EHDAA2:0003351", NULL, 1);
insert into ontology_terms values (51625, 25341, "sacral vertebral cartilage condensation S4", 0, 0, 0, 0);
insert into ontology_relationships values (25341, "is_a", "AEO:0000147");
insert into ontology_definitions values (25341, 5, "EHDAA2:0003352", NULL, 1);
insert into ontology_terms values (51626, 25342, "sacral vertebral cartilage condensation S5", 0, 0, 0, 0);
insert into ontology_relationships values (25342, "is_a", "AEO:0000147");
insert into ontology_definitions values (25342, 5, "EHDAA2:0003353", NULL, 1);
insert into ontology_terms values (51627, 25343, "dermatome 05", 0, 0, 0, 0);
insert into ontology_relationships values (25343, "is_a", "AEO:0000132");
insert into ontology_relationships values (25343, "is_a", "EHDAA2:0003429");
insert into ontology_definitions values (25343, 5, "EHDAA2:0003354", NULL, 1);
insert into ontology_terms values (51628, 25344, "myotome 05", 0, 0, 0, 0);
insert into ontology_relationships values (25344, "is_a", "AEO:0000132");
insert into ontology_relationships values (25344, "is_a", "EHDAA2:0003432");
insert into ontology_definitions values (25344, 5, "EHDAA2:0003355", NULL, 1);
insert into ontology_terms values (51629, 25345, "dermatome 06", 0, 0, 0, 0);
insert into ontology_relationships values (25345, "is_a", "AEO:0000132");
insert into ontology_relationships values (25345, "is_a", "EHDAA2:0003429");
insert into ontology_definitions values (25345, 5, "EHDAA2:0003356", NULL, 1);
insert into ontology_terms values (51630, 25346, "myotome 06", 0, 0, 0, 0);
insert into ontology_relationships values (25346, "is_a", "AEO:0000132");
insert into ontology_relationships values (25346, "is_a", "EHDAA2:0003432");
insert into ontology_definitions values (25346, 5, "EHDAA2:0003357", NULL, 1);
insert into ontology_terms values (51631, 25347, "myotome 07", 0, 0, 0, 0);
insert into ontology_relationships values (25347, "is_a", "AEO:0000132");
insert into ontology_relationships values (25347, "is_a", "EHDAA2:0003432");
insert into ontology_definitions values (25347, 5, "EHDAA2:0003358", NULL, 1);
insert into ontology_terms values (51632, 25348, "dermatome 07", 0, 0, 0, 0);
insert into ontology_relationships values (25348, "is_a", "AEO:0000132");
insert into ontology_relationships values (25348, "is_a", "EHDAA2:0003429");
insert into ontology_definitions values (25348, 5, "EHDAA2:0003359", NULL, 1);
insert into ontology_terms values (51633, 25349, "dermatome 08", 0, 0, 0, 0);
insert into ontology_relationships values (25349, "is_a", "AEO:0000132");
insert into ontology_relationships values (25349, "is_a", "EHDAA2:0003429");
insert into ontology_definitions values (25349, 5, "EHDAA2:0003360", NULL, 1);
insert into ontology_terms values (51634, 25350, "myotome 08", 0, 0, 0, 0);
insert into ontology_relationships values (25350, "is_a", "AEO:0000132");
insert into ontology_relationships values (25350, "is_a", "EHDAA2:0003432");
insert into ontology_definitions values (25350, 5, "EHDAA2:0003361", NULL, 1);
insert into ontology_terms values (51635, 25351, "dermatome 09", 0, 0, 0, 0);
insert into ontology_relationships values (25351, "is_a", "AEO:0000132");
insert into ontology_relationships values (25351, "is_a", "EHDAA2:0003429");
insert into ontology_definitions values (25351, 5, "EHDAA2:0003362", NULL, 1);
insert into ontology_terms values (51636, 25352, "myotome 09", 0, 0, 0, 0);
insert into ontology_relationships values (25352, "is_a", "AEO:0000132");
insert into ontology_relationships values (25352, "is_a", "EHDAA2:0003432");
insert into ontology_definitions values (25352, 5, "EHDAA2:0003363", NULL, 1);
insert into ontology_terms values (51637, 25353, "myotome 10", 0, 0, 0, 0);
insert into ontology_relationships values (25353, "is_a", "AEO:0000132");
insert into ontology_relationships values (25353, "is_a", "EHDAA2:0003432");
insert into ontology_definitions values (25353, 5, "EHDAA2:0003364", NULL, 1);
insert into ontology_terms values (51638, 25354, "dermatome 10", 0, 0, 0, 0);
insert into ontology_relationships values (25354, "is_a", "AEO:0000132");
insert into ontology_relationships values (25354, "is_a", "EHDAA2:0003429");
insert into ontology_definitions values (25354, 5, "EHDAA2:0003365", NULL, 1);
insert into ontology_terms values (51639, 25355, "dermatome 11", 0, 0, 0, 0);
insert into ontology_relationships values (25355, "is_a", "AEO:0000132");
insert into ontology_relationships values (25355, "is_a", "EHDAA2:0003429");
insert into ontology_definitions values (25355, 5, "EHDAA2:0003366", NULL, 1);
insert into ontology_terms values (51640, 25356, "myotome 11", 0, 0, 0, 0);
insert into ontology_relationships values (25356, "is_a", "AEO:0000132");
insert into ontology_relationships values (25356, "is_a", "EHDAA2:0003432");
insert into ontology_definitions values (25356, 5, "EHDAA2:0003367", NULL, 1);
insert into ontology_terms values (51641, 25357, "dermatome 12", 0, 0, 0, 0);
insert into ontology_relationships values (25357, "is_a", "AEO:0000132");
insert into ontology_relationships values (25357, "is_a", "EHDAA2:0003429");
insert into ontology_definitions values (25357, 5, "EHDAA2:0003368", NULL, 1);
insert into ontology_terms values (51642, 25358, "myotome 12", 0, 0, 0, 0);
insert into ontology_relationships values (25358, "is_a", "AEO:0000132");
insert into ontology_relationships values (25358, "is_a", "EHDAA2:0003432");
insert into ontology_definitions values (25358, 5, "EHDAA2:0003369", NULL, 1);
insert into ontology_terms values (51643, 25359, "dermatome 13", 0, 0, 0, 0);
insert into ontology_relationships values (25359, "is_a", "AEO:0000132");
insert into ontology_relationships values (25359, "is_a", "EHDAA2:0003429");
insert into ontology_definitions values (25359, 5, "EHDAA2:0003370", NULL, 1);
insert into ontology_terms values (51644, 25360, "myotome 13", 0, 0, 0, 0);
insert into ontology_relationships values (25360, "is_a", "AEO:0000132");
insert into ontology_relationships values (25360, "is_a", "EHDAA2:0003432");
insert into ontology_definitions values (25360, 5, "EHDAA2:0003371", NULL, 1);
insert into ontology_terms values (51645, 25361, "dermatome 14", 0, 0, 0, 0);
insert into ontology_relationships values (25361, "is_a", "AEO:0000132");
insert into ontology_relationships values (25361, "is_a", "EHDAA2:0003429");
insert into ontology_definitions values (25361, 5, "EHDAA2:0003372", NULL, 1);
insert into ontology_terms values (51646, 25362, "myotome 14", 0, 0, 0, 0);
insert into ontology_relationships values (25362, "is_a", "AEO:0000132");
insert into ontology_relationships values (25362, "is_a", "EHDAA2:0003432");
insert into ontology_definitions values (25362, 5, "EHDAA2:0003373", NULL, 1);
insert into ontology_terms values (51647, 25363, "myotome 15", 0, 0, 0, 0);
insert into ontology_relationships values (25363, "is_a", "AEO:0000132");
insert into ontology_relationships values (25363, "is_a", "EHDAA2:0003432");
insert into ontology_definitions values (25363, 5, "EHDAA2:0003374", NULL, 1);
insert into ontology_terms values (51648, 25364, "dermatome 15", 0, 0, 0, 0);
insert into ontology_relationships values (25364, "is_a", "AEO:0000132");
insert into ontology_relationships values (25364, "is_a", "EHDAA2:0003429");
insert into ontology_definitions values (25364, 5, "EHDAA2:0003375", NULL, 1);
insert into ontology_terms values (51649, 25365, "dermatome 16", 0, 0, 0, 0);
insert into ontology_relationships values (25365, "is_a", "AEO:0000132");
insert into ontology_relationships values (25365, "is_a", "EHDAA2:0003429");
insert into ontology_definitions values (25365, 5, "EHDAA2:0003376", NULL, 1);
insert into ontology_terms values (51650, 25366, "myotome 16", 0, 0, 0, 0);
insert into ontology_relationships values (25366, "is_a", "AEO:0000132");
insert into ontology_relationships values (25366, "is_a", "EHDAA2:0003432");
insert into ontology_definitions values (25366, 5, "EHDAA2:0003377", NULL, 1);
insert into ontology_terms values (51651, 25367, "myotome 17", 0, 0, 0, 0);
insert into ontology_relationships values (25367, "is_a", "AEO:0000132");
insert into ontology_relationships values (25367, "is_a", "EHDAA2:0003432");
insert into ontology_definitions values (25367, 5, "EHDAA2:0003378", NULL, 1);
insert into ontology_terms values (51652, 25368, "dermatome 17", 0, 0, 0, 0);
insert into ontology_relationships values (25368, "is_a", "AEO:0000132");
insert into ontology_relationships values (25368, "is_a", "EHDAA2:0003429");
insert into ontology_definitions values (25368, 5, "EHDAA2:0003379", NULL, 1);
insert into ontology_terms values (51653, 25369, "dermatome 18", 0, 0, 0, 0);
insert into ontology_relationships values (25369, "is_a", "AEO:0000132");
insert into ontology_relationships values (25369, "is_a", "EHDAA2:0003429");
insert into ontology_definitions values (25369, 5, "EHDAA2:0003380", NULL, 1);
insert into ontology_terms values (51654, 25370, "myotome 18", 0, 0, 0, 0);
insert into ontology_relationships values (25370, "is_a", "AEO:0000132");
insert into ontology_relationships values (25370, "is_a", "EHDAA2:0003432");
insert into ontology_definitions values (25370, 5, "EHDAA2:0003381", NULL, 1);
insert into ontology_terms values (51655, 25371, "myotome 19", 0, 0, 0, 0);
insert into ontology_relationships values (25371, "is_a", "AEO:0000132");
insert into ontology_relationships values (25371, "is_a", "EHDAA2:0003432");
insert into ontology_definitions values (25371, 5, "EHDAA2:0003382", NULL, 1);
insert into ontology_terms values (51656, 25372, "dermatome 19", 0, 0, 0, 0);
insert into ontology_relationships values (25372, "is_a", "AEO:0000132");
insert into ontology_relationships values (25372, "is_a", "EHDAA2:0003429");
insert into ontology_definitions values (25372, 5, "EHDAA2:0003383", NULL, 1);
insert into ontology_terms values (51657, 25373, "myotome 20", 0, 0, 0, 0);
insert into ontology_relationships values (25373, "is_a", "AEO:0000132");
insert into ontology_relationships values (25373, "is_a", "EHDAA2:0003432");
insert into ontology_definitions values (25373, 5, "EHDAA2:0003384", NULL, 1);
insert into ontology_terms values (51658, 25374, "dermatome 20", 0, 0, 0, 0);
insert into ontology_relationships values (25374, "is_a", "AEO:0000132");
insert into ontology_relationships values (25374, "is_a", "EHDAA2:0003429");
insert into ontology_definitions values (25374, 5, "EHDAA2:0003385", NULL, 1);
insert into ontology_terms values (51659, 25375, "myotome 21", 0, 0, 0, 0);
insert into ontology_relationships values (25375, "is_a", "AEO:0000132");
insert into ontology_relationships values (25375, "is_a", "EHDAA2:0003432");
insert into ontology_definitions values (25375, 5, "EHDAA2:0003386", NULL, 1);
insert into ontology_terms values (51660, 25376, "dermatome 21", 0, 0, 0, 0);
insert into ontology_relationships values (25376, "is_a", "AEO:0000132");
insert into ontology_relationships values (25376, "is_a", "EHDAA2:0003429");
insert into ontology_definitions values (25376, 5, "EHDAA2:0003387", NULL, 1);
insert into ontology_terms values (51661, 25377, "dermatome 22", 0, 0, 0, 0);
insert into ontology_relationships values (25377, "is_a", "AEO:0000132");
insert into ontology_relationships values (25377, "is_a", "EHDAA2:0003429");
insert into ontology_definitions values (25377, 5, "EHDAA2:0003388", NULL, 1);
insert into ontology_terms values (51662, 25378, "myotome 22", 0, 0, 0, 0);
insert into ontology_relationships values (25378, "is_a", "AEO:0000132");
insert into ontology_relationships values (25378, "is_a", "EHDAA2:0003432");
insert into ontology_definitions values (25378, 5, "EHDAA2:0003389", NULL, 1);
insert into ontology_terms values (51663, 25379, "myotome 23", 0, 0, 0, 0);
insert into ontology_relationships values (25379, "is_a", "AEO:0000132");
insert into ontology_relationships values (25379, "is_a", "EHDAA2:0003432");
insert into ontology_definitions values (25379, 5, "EHDAA2:0003390", NULL, 1);
insert into ontology_terms values (51664, 25380, "dermatome 23", 0, 0, 0, 0);
insert into ontology_relationships values (25380, "is_a", "AEO:0000132");
insert into ontology_relationships values (25380, "is_a", "EHDAA2:0003429");
insert into ontology_definitions values (25380, 5, "EHDAA2:0003391", NULL, 1);
insert into ontology_terms values (51665, 25381, "myotome 24", 0, 0, 0, 0);
insert into ontology_relationships values (25381, "is_a", "AEO:0000132");
insert into ontology_relationships values (25381, "is_a", "EHDAA2:0003432");
insert into ontology_definitions values (25381, 5, "EHDAA2:0003392", NULL, 1);
insert into ontology_terms values (51666, 25382, "dermatome 24", 0, 0, 0, 0);
insert into ontology_relationships values (25382, "is_a", "AEO:0000132");
insert into ontology_relationships values (25382, "is_a", "EHDAA2:0003429");
insert into ontology_definitions values (25382, 5, "EHDAA2:0003393", NULL, 1);
insert into ontology_terms values (51667, 25383, "myotome 25", 0, 0, 0, 0);
insert into ontology_relationships values (25383, "is_a", "AEO:0000132");
insert into ontology_relationships values (25383, "is_a", "EHDAA2:0003432");
insert into ontology_definitions values (25383, 5, "EHDAA2:0003394", NULL, 1);
insert into ontology_terms values (51668, 25384, "dermatome 25", 0, 0, 0, 0);
insert into ontology_relationships values (25384, "is_a", "AEO:0000132");
insert into ontology_relationships values (25384, "is_a", "EHDAA2:0003429");
insert into ontology_definitions values (25384, 5, "EHDAA2:0003395", NULL, 1);
insert into ontology_terms values (51669, 25385, "dermatome 26", 0, 0, 0, 0);
insert into ontology_relationships values (25385, "is_a", "AEO:0000132");
insert into ontology_relationships values (25385, "is_a", "EHDAA2:0003429");
insert into ontology_definitions values (25385, 5, "EHDAA2:0003396", NULL, 1);
insert into ontology_terms values (51670, 25386, "myotome 26", 0, 0, 0, 0);
insert into ontology_relationships values (25386, "is_a", "AEO:0000132");
insert into ontology_relationships values (25386, "is_a", "EHDAA2:0003432");
insert into ontology_definitions values (25386, 5, "EHDAA2:0003397", NULL, 1);
insert into ontology_terms values (51671, 25387, "myotome 27", 0, 0, 0, 0);
insert into ontology_relationships values (25387, "is_a", "AEO:0000132");
insert into ontology_relationships values (25387, "is_a", "EHDAA2:0003432");
insert into ontology_definitions values (25387, 5, "EHDAA2:0003398", NULL, 1);
insert into ontology_terms values (51672, 25388, "dermatome 27", 0, 0, 0, 0);
insert into ontology_relationships values (25388, "is_a", "AEO:0000132");
insert into ontology_relationships values (25388, "is_a", "EHDAA2:0003429");
insert into ontology_definitions values (25388, 5, "EHDAA2:0003399", NULL, 1);
insert into ontology_terms values (51673, 25389, "myotome 28", 0, 0, 0, 0);
insert into ontology_relationships values (25389, "is_a", "AEO:0000132");
insert into ontology_relationships values (25389, "is_a", "EHDAA2:0003432");
insert into ontology_definitions values (25389, 5, "EHDAA2:0003400", NULL, 1);
insert into ontology_terms values (51674, 25390, "dermatome 28", 0, 0, 0, 0);
insert into ontology_relationships values (25390, "is_a", "AEO:0000132");
insert into ontology_relationships values (25390, "is_a", "EHDAA2:0003429");
insert into ontology_definitions values (25390, 5, "EHDAA2:0003401", NULL, 1);
insert into ontology_terms values (51675, 25391, "myotome 29", 0, 0, 0, 0);
insert into ontology_relationships values (25391, "is_a", "AEO:0000132");
insert into ontology_relationships values (25391, "is_a", "EHDAA2:0003432");
insert into ontology_definitions values (25391, 5, "EHDAA2:0003402", NULL, 1);
insert into ontology_terms values (51676, 25392, "dermatome 29", 0, 0, 0, 0);
insert into ontology_relationships values (25392, "is_a", "AEO:0000132");
insert into ontology_relationships values (25392, "is_a", "EHDAA2:0003429");
insert into ontology_definitions values (25392, 5, "EHDAA2:0003403", NULL, 1);
insert into ontology_terms values (51677, 25393, "dermatome 30", 0, 0, 0, 0);
insert into ontology_relationships values (25393, "is_a", "AEO:0000132");
insert into ontology_relationships values (25393, "is_a", "EHDAA2:0003429");
insert into ontology_definitions values (25393, 5, "EHDAA2:0003404", NULL, 1);
insert into ontology_terms values (51678, 25394, "myotome 30", 0, 0, 0, 0);
insert into ontology_relationships values (25394, "is_a", "AEO:0000132");
insert into ontology_relationships values (25394, "is_a", "EHDAA2:0003432");
insert into ontology_definitions values (25394, 5, "EHDAA2:0003405", NULL, 1);
insert into ontology_terms values (51679, 25395, "dermatome 31", 0, 0, 0, 0);
insert into ontology_relationships values (25395, "is_a", "AEO:0000132");
insert into ontology_relationships values (25395, "is_a", "EHDAA2:0003429");
insert into ontology_definitions values (25395, 5, "EHDAA2:0003406", NULL, 1);
insert into ontology_terms values (51680, 25396, "myotome 31", 0, 0, 0, 0);
insert into ontology_relationships values (25396, "is_a", "AEO:0000132");
insert into ontology_relationships values (25396, "is_a", "EHDAA2:0003432");
insert into ontology_definitions values (25396, 5, "EHDAA2:0003407", NULL, 1);
insert into ontology_terms values (51681, 25397, "myotome 32", 0, 0, 0, 0);
insert into ontology_relationships values (25397, "is_a", "AEO:0000132");
insert into ontology_relationships values (25397, "is_a", "EHDAA2:0003432");
insert into ontology_definitions values (25397, 5, "EHDAA2:0003408", NULL, 1);
insert into ontology_terms values (51682, 25398, "dermatome 32", 0, 0, 0, 0);
insert into ontology_relationships values (25398, "is_a", "AEO:0000132");
insert into ontology_relationships values (25398, "is_a", "EHDAA2:0003429");
insert into ontology_definitions values (25398, 5, "EHDAA2:0003409", NULL, 1);
insert into ontology_terms values (51683, 25399, "dermatome 33", 0, 0, 0, 0);
insert into ontology_relationships values (25399, "is_a", "AEO:0000132");
insert into ontology_relationships values (25399, "is_a", "EHDAA2:0003429");
insert into ontology_definitions values (25399, 5, "EHDAA2:0003410", NULL, 1);
insert into ontology_terms values (51684, 25400, "myotome 33", 0, 0, 0, 0);
insert into ontology_relationships values (25400, "is_a", "AEO:0000132");
insert into ontology_relationships values (25400, "is_a", "EHDAA2:0003432");
insert into ontology_definitions values (25400, 5, "EHDAA2:0003411", NULL, 1);
insert into ontology_terms values (51685, 25401, "myotome 34", 0, 0, 0, 0);
insert into ontology_relationships values (25401, "is_a", "AEO:0000132");
insert into ontology_relationships values (25401, "is_a", "EHDAA2:0003432");
insert into ontology_definitions values (25401, 5, "EHDAA2:0003412", NULL, 1);
insert into ontology_terms values (51686, 25402, "dermatome 34", 0, 0, 0, 0);
insert into ontology_relationships values (25402, "is_a", "AEO:0000132");
insert into ontology_relationships values (25402, "is_a", "EHDAA2:0003429");
insert into ontology_definitions values (25402, 5, "EHDAA2:0003413", NULL, 1);
insert into ontology_terms values (51687, 25403, "myotome 35", 0, 0, 0, 0);
insert into ontology_relationships values (25403, "is_a", "AEO:0000132");
insert into ontology_relationships values (25403, "is_a", "EHDAA2:0003432");
insert into ontology_definitions values (25403, 5, "EHDAA2:0003414", NULL, 1);
insert into ontology_terms values (51688, 25404, "dermatome 35", 0, 0, 0, 0);
insert into ontology_relationships values (25404, "is_a", "AEO:0000132");
insert into ontology_relationships values (25404, "is_a", "EHDAA2:0003429");
insert into ontology_definitions values (25404, 5, "EHDAA2:0003415", NULL, 1);
insert into ontology_terms values (51689, 25405, "myotome 36", 0, 0, 0, 0);
insert into ontology_relationships values (25405, "is_a", "AEO:0000132");
insert into ontology_relationships values (25405, "is_a", "EHDAA2:0003432");
insert into ontology_definitions values (25405, 5, "EHDAA2:0003416", NULL, 1);
insert into ontology_terms values (51690, 25406, "dermatome 36", 0, 0, 0, 0);
insert into ontology_relationships values (25406, "is_a", "AEO:0000132");
insert into ontology_relationships values (25406, "is_a", "EHDAA2:0003429");
insert into ontology_definitions values (25406, 5, "EHDAA2:0003417", NULL, 1);
insert into ontology_terms values (51691, 25407, "myotome 37", 0, 0, 0, 0);
insert into ontology_relationships values (25407, "is_a", "AEO:0000132");
insert into ontology_relationships values (25407, "is_a", "EHDAA2:0003432");
insert into ontology_definitions values (25407, 5, "EHDAA2:0003418", NULL, 1);
insert into ontology_terms values (51692, 25408, "dermatome 37", 0, 0, 0, 0);
insert into ontology_relationships values (25408, "is_a", "AEO:0000132");
insert into ontology_relationships values (25408, "is_a", "EHDAA2:0003429");
insert into ontology_definitions values (25408, 5, "EHDAA2:0003419", NULL, 1);
insert into ontology_terms values (51693, 25409, "myotome 38", 0, 0, 0, 0);
insert into ontology_relationships values (25409, "is_a", "AEO:0000132");
insert into ontology_relationships values (25409, "is_a", "EHDAA2:0003432");
insert into ontology_definitions values (25409, 5, "EHDAA2:0003420", NULL, 1);
insert into ontology_terms values (51694, 25410, "dermatome 38", 0, 0, 0, 0);
insert into ontology_relationships values (25410, "is_a", "AEO:0000132");
insert into ontology_relationships values (25410, "is_a", "EHDAA2:0003429");
insert into ontology_definitions values (25410, 5, "EHDAA2:0003421", NULL, 1);
insert into ontology_terms values (51695, 25411, "myotome 39", 0, 0, 0, 0);
insert into ontology_relationships values (25411, "is_a", "AEO:0000132");
insert into ontology_relationships values (25411, "is_a", "EHDAA2:0003432");
insert into ontology_definitions values (25411, 5, "EHDAA2:0003422", NULL, 1);
insert into ontology_terms values (51696, 25412, "dermatome 39", 0, 0, 0, 0);
insert into ontology_relationships values (25412, "is_a", "AEO:0000132");
insert into ontology_relationships values (25412, "is_a", "EHDAA2:0003429");
insert into ontology_definitions values (25412, 5, "EHDAA2:0003423", NULL, 1);
insert into ontology_terms values (51697, 25413, "trunk and cervical dermatome group", 0, 0, 0, 0);
insert into ontology_relationships values (25413, "is_a", "AEO:0000210");
insert into ontology_definitions values (25413, 5, "EHDAA2:0003424", NULL, 1);
insert into ontology_terms values (51698, 25414, "trunk and cervical myotome group", 0, 0, 0, 0);
insert into ontology_relationships values (25414, "is_a", "AEO:0000210");
insert into ontology_definitions values (25414, 5, "EHDAA2:0003425", NULL, 1);
insert into ontology_terms values (51699, 25415, "trunk and cervical dermomyotome group", 0, 0, 0, 0);
insert into ontology_relationships values (25415, "is_a", "AEO:0000210");
insert into ontology_definitions values (25415, 5, "EHDAA2:0003426", NULL, 1);
insert into ontology_terms values (51700, 25416, "trunk and cervical sclerotome group", 0, 0, 0, 0);
insert into ontology_relationships values (25416, "is_a", "AEO:0000210");
insert into ontology_definitions values (25416, 5, "EHDAA2:0003427", NULL, 1);
insert into ontology_terms values (51701, 25417, "trunk and cervical dermatome", 0, 0, 0, 0);
insert into ontology_relationships values (25417, "is_a", "AEO:0001017");
insert into ontology_definitions values (25417, 5, "EHDAA2:0003429", NULL, 1);
insert into ontology_terms values (51702, 25418, "head dermatome", 0, 0, 0, 0);
insert into ontology_relationships values (25418, "is_a", "AEO:0001017");
insert into ontology_definitions values (25418, 5, "EHDAA2:0003430", NULL, 1);
insert into ontology_terms values (51703, 25419, "trunk and cervical myotome", 0, 0, 0, 0);
insert into ontology_relationships values (25419, "is_a", "AEO:0001018");
insert into ontology_definitions values (25419, 5, "EHDAA2:0003432", NULL, 1);
insert into ontology_terms values (51704, 25420, "head myotome", 0, 0, 0, 0);
insert into ontology_relationships values (25420, "is_a", "AEO:0001018");
insert into ontology_definitions values (25420, 5, "EHDAA2:0003433", NULL, 1);
insert into ontology_terms values (51705, 25421, "head dermomyotome", 0, 0, 0, 0);
insert into ontology_relationships values (25421, "is_a", "CARO:0000069");
insert into ontology_definitions values (25421, 5, "EHDAA2:0003434", NULL, 1);
insert into ontology_terms values (51706, 25422, "head somite", 0, 0, 0, 0);
insert into ontology_relationships values (25422, "is_a", "AEO:0001015");
insert into ontology_definitions values (25422, 5, "EHDAA2:0003437", NULL, 1);
insert into ontology_terms values (51707, 25423, "trunk somite", 0, 0, 0, 0);
insert into ontology_relationships values (25423, "is_a", "AEO:0001015");
insert into ontology_definitions values (25423, 5, "EHDAA2:0003438", NULL, 1);
insert into ontology_terms values (51708, 25424, "head sclerotome", 0, 0, 0, 0);
insert into ontology_relationships values (25424, "is_a", "AEO:0000212");
insert into ontology_definitions values (25424, 5, "EHDAA2:0003441", NULL, 1);
insert into ontology_terms values (51709, 25425, "head sclerotome group", 0, 0, 0, 0);
insert into ontology_relationships values (25425, "is_a", "AEO:0000210");
insert into ontology_definitions values (25425, 5, "EHDAA2:0003442", NULL, 1);
insert into ontology_terms values (51710, 25426, "head dermomyotome group", 0, 0, 0, 0);
insert into ontology_relationships values (25426, "is_a", "AEO:0000210");
insert into ontology_definitions values (25426, 5, "EHDAA2:0003444", NULL, 1);
insert into ontology_terms values (51711, 25427, "sphenoid bone pre-cartilage condensation", 0, 0, 0, 0);
insert into ontology_relationships values (25427, "is_a", "AEO:0000150");
insert into ontology_relationships values (25427, "is_a", "CARO:0000055");
insert into ontology_definitions values (25427, 5, "EHDAA2:0003446", NULL, 1);
insert into ontology_terms values (51712, 25428, "basi-sphenoid pre-cartilage condensation", 0, 0, 0, 0);
insert into ontology_relationships values (25428, "is_a", "AEO:0000150");
insert into ontology_definitions values (25428, 5, "EHDAA2:0003447", NULL, 1);
insert into ontology_terms values (51713, 25429, "sphenoid greater wing pre-cartilage condensation", 0, 0, 0, 0);
insert into ontology_relationships values (25429, "is_a", "AEO:0000150");
insert into ontology_definitions values (25429, 5, "EHDAA2:0003448", NULL, 1);
insert into ontology_terms values (51714, 25430, "sphenoid lesser wing pre-cartilage condensation", 0, 0, 0, 0);
insert into ontology_relationships values (25430, "is_a", "AEO:0000150");
insert into ontology_definitions values (25430, 5, "EHDAA2:0003449", NULL, 1);
insert into ontology_terms values (51715, 25431, "sphenoid greater wing cartilage condensation", 0, 0, 0, 0);
insert into ontology_relationships values (25431, "is_a", "AEO:0000147");
insert into ontology_definitions values (25431, 5, "EHDAA2:0003450", NULL, 1);
insert into ontology_terms values (51716, 25432, "head mesenchyme from head sclerotome", 0, 0, 0, 0);
insert into ontology_relationships values (25432, "is_a", "AEO:0000145");
insert into ontology_definitions values (25432, 5, "EHDAA2:0003451", NULL, 1);
insert into ontology_terms values (51717, 25433, "liver haemangioblasts", 0, 0, 0, 0);
insert into ontology_relationships values (25433, "is_a", "AEO:0000131");
insert into ontology_definitions values (25433, 5, "EHDAA2:0003452", NULL, 1);
insert into ontology_terms values (51718, 25434, "liver vascular system", 0, 0, 0, 0);
insert into ontology_relationships values (25434, "is_a", "CARO:0000011");
insert into ontology_definitions values (25434, 5, "EHDAA2:0003454", NULL, 1);
insert into ontology_terms values (51719, 25435, "sinusoid system", 0, 0, 0, 0);
insert into ontology_relationships values (25435, "is_a", "CARO:0000011");
insert into ontology_definitions values (25435, 5, "EHDAA2:0003455", NULL, 1);
insert into ontology_terms values (51720, 25436, "early liver hepatic sinusoid linings", 0, 0, 0, 0);
insert into ontology_relationships values (25436, "is_a", "AEO:0000207");
insert into ontology_definitions values (25436, 5, "EHDAA2:0003456", NULL, 1);
insert into ontology_terms values (51721, 25437, "liver left lobe hepatic sinusoid linings", 0, 0, 0, 0);
insert into ontology_relationships values (25437, "is_a", "AEO:0000207");
insert into ontology_definitions values (25437, 5, "EHDAA2:0003457", NULL, 1);
insert into ontology_terms values (51722, 25438, "liver right lobe hepatic sinusoid linings", 0, 0, 0, 0);
insert into ontology_relationships values (25438, "is_a", "AEO:0000207");
insert into ontology_definitions values (25438, 5, "EHDAA2:0003458", NULL, 1);
insert into ontology_terms values (51723, 25439, "liver right quadrate lobe hepatic sinusoid linings", 0, 0, 0, 0);
insert into ontology_relationships values (25439, "is_a", "AEO:0000207");
insert into ontology_definitions values (25439, 5, "EHDAA2:0003459", NULL, 1);
insert into ontology_terms values (51724, 25440, "liver right caudate lobe hepatic sinusoid linings", 0, 0, 0, 0);
insert into ontology_relationships values (25440, "is_a", "AEO:0000207");
insert into ontology_definitions values (25440, 5, "EHDAA2:0003460", NULL, 1);
insert into ontology_terms values (51725, 25441, "footplate mesenchyme from myotomes", 0, 0, 0, 0);
insert into ontology_relationships values (25441, "is_a", "AEO:0000145");
insert into ontology_definitions values (25441, 5, "EHDAA2:0003461", NULL, 1);
insert into ontology_terms values (51726, 25442, "footplate mesenchyme from somatopleure mesenchyme", 0, 0, 0, 0);
insert into ontology_relationships values (25442, "is_a", "AEO:0000145");
insert into ontology_definitions values (25442, 5, "EHDAA2:0003462", NULL, 1);
insert into ontology_terms values (51727, 25443, "lower limb bud mesenchyme from myotomes", 0, 0, 0, 0);
insert into ontology_relationships values (25443, "is_a", "AEO:0000145");
insert into ontology_definitions values (25443, 5, "EHDAA2:0003463", NULL, 1);
insert into ontology_terms values (51728, 25444, "lower limb bud mesenchyme from somatopleure mesenchyme", 0, 0, 0, 0);
insert into ontology_relationships values (25444, "is_a", "AEO:0000145");
insert into ontology_definitions values (25444, 5, "EHDAA2:0003464", NULL, 1);
insert into ontology_terms values (51729, 25445, "hip mesenchyme from somatopleure mesenchyme", 0, 0, 0, 0);
insert into ontology_relationships values (25445, "is_a", "AEO:0000145");
insert into ontology_definitions values (25445, 5, "EHDAA2:0003466", NULL, 1);
insert into ontology_terms values (51730, 25446, "hip mesenchyme from myotomes", 0, 0, 0, 0);
insert into ontology_relationships values (25446, "is_a", "AEO:0000145");
insert into ontology_definitions values (25446, 5, "EHDAA2:0003467", NULL, 1);
insert into ontology_terms values (51731, 25447, "lower leg mesenchyme from somatopleure mesenchyme", 0, 0, 0, 0);
insert into ontology_relationships values (25447, "is_a", "CARO:0000055");
insert into ontology_definitions values (25447, 5, "EHDAA2:0003468", NULL, 1);
insert into ontology_terms values (51732, 25448, "lower leg mesenchyme from myotomes", 0, 0, 0, 0);
insert into ontology_relationships values (25448, "is_a", "AEO:0000145");
insert into ontology_definitions values (25448, 5, "EHDAA2:0003469", NULL, 1);
insert into ontology_terms values (51733, 25449, "upper limb bud mesenchyme from somatopleure mesenchyme", 0, 0, 0, 0);
insert into ontology_relationships values (25449, "is_a", "AEO:0000145");
insert into ontology_definitions values (25449, 5, "EHDAA2:0003470", NULL, 1);
insert into ontology_terms values (51734, 25450, "upper limb bud mesenchyeme from myotomes", 0, 0, 0, 0);
insert into ontology_relationships values (25450, "is_a", "AEO:0000145");
insert into ontology_definitions values (25450, 5, "EHDAA2:0003471", NULL, 1);
insert into ontology_terms values (51735, 25451, "handplate mesenchyme from somatopleure mesenchyme", 0, 0, 0, 0);
insert into ontology_relationships values (25451, "is_a", "AEO:0000145");
insert into ontology_definitions values (25451, 5, "EHDAA2:0003472", NULL, 1);
insert into ontology_terms values (51736, 25452, "handplate mesenchyme from myotomes", 0, 0, 0, 0);
insert into ontology_relationships values (25452, "is_a", "AEO:0000145");
insert into ontology_definitions values (25452, 5, "EHDAA2:0003473", NULL, 1);
insert into ontology_terms values (51737, 25453, "forearm mesenchyme from myotomes", 0, 0, 0, 0);
insert into ontology_relationships values (25453, "is_a", "AEO:0000145");
insert into ontology_definitions values (25453, 5, "EHDAA2:0003474", NULL, 1);
insert into ontology_terms values (51738, 25454, "forearm mesenchyme from somatopleure mesenchyme", 0, 0, 0, 0);
insert into ontology_relationships values (25454, "is_a", "AEO:0000145");
insert into ontology_definitions values (25454, 5, "EHDAA2:0003475", NULL, 1);
insert into ontology_terms values (51739, 25455, "upper arm mesenchyme from somatopleure mesenchyme", 0, 0, 0, 0);
insert into ontology_relationships values (25455, "is_a", "AEO:0000145");
insert into ontology_definitions values (25455, 5, "EHDAA2:0003476", NULL, 1);
insert into ontology_terms values (51740, 25456, "upper arm mesenchyme from myotomes", 0, 0, 0, 0);
insert into ontology_relationships values (25456, "is_a", "AEO:0000145");
insert into ontology_definitions values (25456, 5, "EHDAA2:0003477", NULL, 1);
insert into ontology_terms values (51741, 25457, "upper leg mesenchyme from myotomes", 0, 0, 0, 0);
insert into ontology_relationships values (25457, "is_a", "AEO:0000145");
insert into ontology_definitions values (25457, 5, "EHDAA2:0003478", NULL, 1);
insert into ontology_terms values (51742, 25458, "upper leg mesenchyme from somatopleure mesenchyme", 0, 0, 0, 0);
insert into ontology_relationships values (25458, "is_a", "AEO:0000145");
insert into ontology_definitions values (25458, 5, "EHDAA2:0003479", NULL, 1);
insert into ontology_terms values (51743, 25459, "carpal region mesenchyme from myotomes", 0, 0, 0, 0);
insert into ontology_relationships values (25459, "is_a", "AEO:0000145");
insert into ontology_definitions values (25459, 5, "EHDAA2:0003480", NULL, 1);
insert into ontology_terms values (51744, 25460, "carpal region mesenchyme from somatopleure mesenchyme", 0, 0, 0, 0);
insert into ontology_relationships values (25460, "is_a", "AEO:0000145");
insert into ontology_definitions values (25460, 5, "EHDAA2:0003481", NULL, 1);
insert into ontology_terms values (51745, 25461, "toe 1 apical ectodermal ridge", 0, 0, 0, 0);
insert into ontology_relationships values (25461, "is_a", "CARO:0000068");
insert into ontology_definitions values (25461, 5, "EHDAA2:0003482", NULL, 1);
insert into ontology_terms values (51746, 25462, "toe 2 apical ectodermal ridge", 0, 0, 0, 0);
insert into ontology_relationships values (25462, "is_a", "CARO:0000068");
insert into ontology_definitions values (25462, 5, "EHDAA2:0003483", NULL, 1);
insert into ontology_terms values (51747, 25463, "toe 3 apical ectodermal ridge", 0, 0, 0, 0);
insert into ontology_relationships values (25463, "is_a", "CARO:0000068");
insert into ontology_definitions values (25463, 5, "EHDAA2:0003484", NULL, 1);
insert into ontology_terms values (51748, 25464, "toe 4 apical ectodermal ridge", 0, 0, 0, 0);
insert into ontology_relationships values (25464, "is_a", "CARO:0000068");
insert into ontology_definitions values (25464, 5, "EHDAA2:0003485", NULL, 1);
insert into ontology_terms values (51749, 25465, "toe 5 apical ectodermal ridge", 0, 0, 0, 0);
insert into ontology_relationships values (25465, "is_a", "CARO:0000068");
insert into ontology_definitions values (25465, 5, "EHDAA2:0003486", NULL, 1);
insert into ontology_terms values (51750, 25466, "finger 1 apical ectodermal ridge", 0, 0, 0, 0);
insert into ontology_relationships values (25466, "is_a", "CARO:0000068");
insert into ontology_definitions values (25466, 5, "EHDAA2:0003487", NULL, 1);
insert into ontology_terms values (51751, 25467, "finger 2 apical ectodermal ridge", 0, 0, 0, 0);
insert into ontology_relationships values (25467, "is_a", "CARO:0000068");
insert into ontology_definitions values (25467, 5, "EHDAA2:0003488", NULL, 1);
insert into ontology_terms values (51752, 25468, "finger 3 apical ectodermal ridge", 0, 0, 0, 0);
insert into ontology_relationships values (25468, "is_a", "CARO:0000068");
insert into ontology_definitions values (25468, 5, "EHDAA2:0003489", NULL, 1);
insert into ontology_terms values (51753, 25469, "finger 4 apical ectodermal ridge", 0, 0, 0, 0);
insert into ontology_relationships values (25469, "is_a", "CARO:0000068");
insert into ontology_definitions values (25469, 5, "EHDAA2:0003490", NULL, 1);
insert into ontology_terms values (51754, 25470, "finger 5 apical ectodermal ridge", 0, 0, 0, 0);
insert into ontology_relationships values (25470, "is_a", "CARO:0000068");
insert into ontology_definitions values (25470, 5, "EHDAA2:0003491", NULL, 1);
insert into ontology_terms values (51755, 25471, "diaphragm body wall component", 0, 0, 0, 0);
insert into ontology_relationships values (25471, "is_a", "AEO:0000145");
insert into ontology_definitions values (25471, 5, "EHDAA2:0003494", NULL, 1);
insert into ontology_terms values (51756, 25472, "diaphragm muscle", 0, 0, 0, 0);
insert into ontology_relationships values (25472, "is_a", "AEO:0000140");
insert into ontology_definitions values (25472, 5, "EHDAA2:0003495", NULL, 1);
insert into ontology_terms values (51757, 25473, "vertebra C4 pre-cartilage condensation", 0, 0, 0, 0);
insert into ontology_relationships values (25473, "is_a", "AEO:0000147");
insert into ontology_definitions values (25473, 5, "EHDAA2:0004000", NULL, 1);
insert into ontology_terms values (51758, 25474, "vertebra C5 pre-cartilage condensation", 0, 0, 0, 0);
insert into ontology_relationships values (25474, "is_a", "AEO:0000147");
insert into ontology_definitions values (25474, 5, "EHDAA2:0004001", NULL, 1);
insert into ontology_terms values (51759, 25475, "vertebra C6 pre-cartilage condensation", 0, 0, 0, 0);
insert into ontology_relationships values (25475, "is_a", "AEO:0000147");
insert into ontology_definitions values (25475, 5, "EHDAA2:0004002", NULL, 1);
insert into ontology_terms values (51760, 25476, "vertebra C7 pre-cartilage condensation", 0, 0, 0, 0);
insert into ontology_relationships values (25476, "is_a", "AEO:0000147");
insert into ontology_definitions values (25476, 5, "EHDAA2:0004003", NULL, 1);
insert into ontology_terms values (51761, 25477, "axis pre-cartilage condensation", 0, 0, 0, 0);
insert into ontology_relationships values (25477, "is_a", "AEO:0000150");
insert into ontology_definitions values (25477, 5, "EHDAA2:0004004", NULL, 1);
insert into ontology_terms values (51762, 25478, "atlas pre-cartilage condensation", 0, 0, 0, 0);
insert into ontology_relationships values (25478, "is_a", "AEO:0000150");
insert into ontology_definitions values (25478, 5, "EHDAA2:0004005", NULL, 1);
insert into ontology_terms values (51763, 25479, "mesonephros primordial germ cells", 0, 0, 0, 0);
insert into ontology_relationships values (25479, "is_a", "AEO:0001020");
insert into ontology_definitions values (25479, 5, "EHDAA2:0004006", NULL, 1);
insert into ontology_terms values (51764, 25480, "cloacal membrane ectodermal component", 0, 0, 0, 0);
insert into ontology_relationships values (25480, "is_a", "CARO:0000073");
insert into ontology_definitions values (25480, 5, "EHDAA2:0004007", NULL, 1);
insert into ontology_terms values (51765, 25481, "cloacal membrane endodermal component", 0, 0, 0, 0);
insert into ontology_relationships values (25481, "is_a", "CARO:0000073");
insert into ontology_definitions values (25481, 5, "EHDAA2:0004008", NULL, 1);
insert into ontology_terms values (51766, 25482, "cloacal fold", 0, 0, 0, 0);
insert into ontology_relationships values (25482, "is_a", "CARO:0000055");
insert into ontology_definitions values (25482, 5, "EHDAA2:0004009", NULL, 1);
insert into ontology_terms values (51767, 25483, "cloacal fold epithelial component", 0, 0, 0, 0);
insert into ontology_relationships values (25483, "is_a", "CARO:0000073");
insert into ontology_definitions values (25483, 5, "EHDAA2:0004010", NULL, 1);
insert into ontology_terms values (51768, 25484, "cloacal fold mesenchymal component", 0, 0, 0, 0);
insert into ontology_relationships values (25484, "is_a", "AEO:0000146");
insert into ontology_definitions values (25484, 5, "EHDAA2:0004011", NULL, 1);
insert into ontology_terms values (51769, 25485, "anal fold", 0, 0, 0, 0);
insert into ontology_relationships values (25485, "is_a", "CARO:0000055");
insert into ontology_definitions values (25485, 5, "EHDAA2:0004012", NULL, 1);
insert into ontology_terms values (51770, 25486, "anal fold epithelial component", 0, 0, 0, 0);
insert into ontology_relationships values (25486, "is_a", "CARO:0000073");
insert into ontology_definitions values (25486, 5, "EHDAA2:0004013", NULL, 1);
insert into ontology_terms values (51771, 25487, "anal fold mesenchymal component", 0, 0, 0, 0);
insert into ontology_relationships values (25487, "is_a", "AEO:0000146");
insert into ontology_definitions values (25487, 5, "EHDAA2:0004014", NULL, 1);
insert into ontology_terms values (51772, 25488, "perineum", 0, 0, 0, 0);
insert into ontology_relationships values (25488, "is_a", "CARO:0000055");
insert into ontology_definitions values (25488, 5, "EHDAA2:0004015", NULL, 1);
insert into ontology_terms values (51773, 25489, "perineum ectodermal component", 0, 0, 0, 0);
insert into ontology_relationships values (25489, "is_a", "CARO:0000073");
insert into ontology_definitions values (25489, 5, "EHDAA2:0004016", NULL, 1);
insert into ontology_terms values (51774, 25490, "perineum mesenchymal component", 0, 0, 0, 0);
insert into ontology_relationships values (25490, "is_a", "AEO:0000146");
insert into ontology_definitions values (25490, 5, "EHDAA2:0004017", NULL, 1);
insert into ontology_terms values (51775, 25491, "anal membrane", 0, 0, 0, 0);
insert into ontology_relationships values (25491, "is_a", "CARO:0000055");
insert into ontology_definitions values (25491, 5, "EHDAA2:0004018", NULL, 1);
insert into ontology_terms values (51776, 25492, "anal membrane ectodermal component", 0, 0, 0, 0);
insert into ontology_relationships values (25492, "is_a", "CARO:0000073");
insert into ontology_definitions values (25492, 5, "EHDAA2:0004019", NULL, 1);
insert into ontology_terms values (51777, 25493, "anal membrane endodermal component", 0, 0, 0, 0);
insert into ontology_relationships values (25493, "is_a", "CARO:0000073");
insert into ontology_definitions values (25493, 5, "EHDAA2:0004020", NULL, 1);
insert into ontology_terms values (51778, 25494, "indifferent external genitalia", 0, 0, 0, 0);
insert into ontology_relationships values (25494, "is_a", "CARO:0000041");
insert into ontology_definitions values (25494, 5, "EHDAA2:0004021", NULL, 1);
insert into ontology_terms values (51779, 25495, "urogenital fold", 0, 0, 0, 0);
insert into ontology_relationships values (25495, "is_a", "CARO:0000055");
insert into ontology_definitions values (25495, 5, "EHDAA2:0004022", NULL, 1);
insert into ontology_terms values (51780, 25496, "urogenital fold epithelial component", 0, 0, 0, 0);
insert into ontology_relationships values (25496, "is_a", "CARO:0000073");
insert into ontology_definitions values (25496, 5, "EHDAA2:0004023", NULL, 1);
insert into ontology_terms values (51781, 25497, "urogenital fold mesenchymal component", 0, 0, 0, 0);
insert into ontology_relationships values (25497, "is_a", "AEO:0000145");
insert into ontology_definitions values (25497, 5, "EHDAA2:0004024", NULL, 1);
insert into ontology_terms values (51782, 25498, "urogenital membrane", 0, 0, 0, 0);
insert into ontology_relationships values (25498, "is_a", "CARO:0000055");
insert into ontology_definitions values (25498, 5, "EHDAA2:0004025", NULL, 1);
insert into ontology_terms values (51783, 25499, "urogenital membrane ectodermal component", 0, 0, 0, 0);
insert into ontology_relationships values (25499, "is_a", "CARO:0000073");
insert into ontology_definitions values (25499, 5, "EHDAA2:0004026", NULL, 1);
insert into ontology_terms values (51784, 25500, "urogenital membrane endodermal component", 0, 0, 0, 0);
insert into ontology_relationships values (25500, "is_a", "CARO:0000073");
insert into ontology_definitions values (25500, 5, "EHDAA2:0004027", NULL, 1);
insert into ontology_terms values (51785, 25501, "atrioventricular cushion", 0, 0, 0, 0);
insert into ontology_relationships values (25501, "is_a", "CARO:0000055");
insert into ontology_definitions values (25501, 5, "EHDAA2:0004028", NULL, 1);
insert into ontology_terms values (51786, 25502, "tricuspid valve", 0, 0, 0, 0);
insert into ontology_relationships values (25502, "is_a", "EHDAA2:0004046");
insert into ontology_definitions values (25502, 5, "EHDAA2:0004029", NULL, 1);
insert into ontology_terms values (51787, 25503, "tricuspid valve leaflet mesenchyme", 0, 0, 0, 0);
insert into ontology_relationships values (25503, "is_a", "AEO:0000146");
insert into ontology_definitions values (25503, 5, "EHDAA2:0004030", NULL, 1);
insert into ontology_terms values (51788, 25504, "tricuspid valve leaflet endocardium", 0, 0, 0, 0);
insert into ontology_relationships values (25504, "is_a", "CARO:0000073");
insert into ontology_definitions values (25504, 5, "EHDAA2:0004031", NULL, 1);
insert into ontology_terms values (51789, 25505, "4th arch ectoderm", 0, 0, 0, 0);
insert into ontology_relationships values (25505, "is_a", "AEO:0000161");
insert into ontology_definitions values (25505, 5, "EHDAA2:0004032", NULL, 1);
insert into ontology_terms values (51790, 25506, "4th arch endoderm", 0, 0, 0, 0);
insert into ontology_relationships values (25506, "is_a", "AEO:0000161");
insert into ontology_definitions values (25506, 5, "EHDAA2:0004033", NULL, 1);
insert into ontology_terms values (51791, 25507, "genital tubercle mesenchyme", 0, 0, 0, 0);
insert into ontology_relationships values (25507, "is_a", "AEO:0000145");
insert into ontology_definitions values (25507, 5, "EHDAA2:0004034", NULL, 1);
insert into ontology_terms values (51792, 25508, "genital tubercle epithelium", 0, 0, 0, 0);
insert into ontology_relationships values (25508, "is_a", "CARO:0000073");
insert into ontology_definitions values (25508, 5, "EHDAA2:0004035", NULL, 1);
insert into ontology_terms values (51793, 25509, "clitoris epithelium", 0, 0, 0, 0);
insert into ontology_relationships values (25509, "is_a", "AEO:0000176");
insert into ontology_relationships values (25509, "is_a", "CARO:0000073");
insert into ontology_definitions values (25509, 5, "EHDAA2:0004036", NULL, 1);
insert into ontology_terms values (51794, 25510, "clitoris mesenchyme", 0, 0, 0, 0);
insert into ontology_relationships values (25510, "is_a", "AEO:0000145");
insert into ontology_relationships values (25510, "is_a", "AEO:0000176");
insert into ontology_definitions values (25510, 5, "EHDAA2:0004037", NULL, 1);
insert into ontology_terms values (51795, 25511, "penis mesenchyme", 0, 0, 0, 0);
insert into ontology_relationships values (25511, "is_a", "AEO:0000145");
insert into ontology_relationships values (25511, "is_a", "AEO:0000175");
insert into ontology_definitions values (25511, 5, "EHDAA2:0004038", NULL, 1);
insert into ontology_terms values (51796, 25512, "penis epithelium", 0, 0, 0, 0);
insert into ontology_relationships values (25512, "is_a", "AEO:0000175");
insert into ontology_relationships values (25512, "is_a", "CARO:0000073");
insert into ontology_definitions values (25512, 5, "EHDAA2:0004039", NULL, 1);
insert into ontology_terms values (51797, 25513, "female labial swelling mesenchyme", 0, 0, 0, 0);
insert into ontology_relationships values (25513, "is_a", "AEO:0000145");
insert into ontology_relationships values (25513, "is_a", "AEO:0000176");
insert into ontology_definitions values (25513, 5, "EHDAA2:0004040", NULL, 1);
insert into ontology_terms values (51798, 25514, "female labial swelling epithelium", 0, 0, 0, 0);
insert into ontology_relationships values (25514, "is_a", "AEO:0000176");
insert into ontology_relationships values (25514, "is_a", "CARO:0000073");
insert into ontology_definitions values (25514, 5, "EHDAA2:0004041", NULL, 1);
insert into ontology_terms values (51799, 25515, "male genital swelling mesenchyme", 0, 0, 0, 0);
insert into ontology_relationships values (25515, "is_a", "AEO:0000175");
insert into ontology_definitions values (25515, 5, "EHDAA2:0004042", NULL, 1);
insert into ontology_terms values (51800, 25516, "male genital swelling epithelium", 0, 0, 0, 0);
insert into ontology_relationships values (25516, "is_a", "AEO:0000175");
insert into ontology_definitions values (25516, 5, "EHDAA2:0004043", NULL, 1);
insert into ontology_terms values (51801, 25517, "gonadal ridge", 0, 0, 0, 0);
insert into ontology_relationships values (25517, "is_a", "CARO:0000055");
insert into ontology_definitions values (25517, 5, "EHDAA2:0004044", NULL, 1);
insert into ontology_terms values (51802, 25518, "ovary mesothelium", 0, 0, 0, 0);
insert into ontology_relationships values (25518, "is_a", "AEO:0000111");
insert into ontology_relationships values (25518, "is_a", "AEO:0000176");
insert into ontology_definitions values (25518, 5, "EHDAA2:0004045", NULL, 1);
insert into ontology_terms values (51803, 25519, "valve", 0, 0, 0, 0);
insert into ontology_relationships values (25519, "is_a", "CARO:0000055");
insert into ontology_definitions values (25519, 5, "EHDAA2:0004046", NULL, 1);
insert into ontology_terms values (51804, 25520, "mesonephros mesothelium", 0, 0, 0, 0);
insert into ontology_relationships values (25520, "is_a", "AEO:0000111");
insert into ontology_definitions values (25520, 5, "EHDAA2:0004047", NULL, 1);
insert into ontology_terms values (51805, 25521, "early paramesonephric duct", 0, 0, 0, 0);
insert into ontology_relationships values (25521, "is_a", "AEO:0000114");
insert into ontology_definitions values (25521, 5, "EHDAA2:0004048", NULL, 1);
insert into ontology_terms values (51806, 25522, "gonadal ridge mesothelium", 0, 0, 0, 0);
insert into ontology_relationships values (25522, "is_a", "CARO:0000069");
insert into ontology_definitions values (25522, 5, "EHDAA2:0004049", NULL, 1);
insert into ontology_terms values (51807, 25523, "gonadal ridge primordial germ cells", 0, 0, 0, 0);
insert into ontology_relationships values (25523, "is_a", "AEO:0001020");
insert into ontology_definitions values (25523, 5, "EHDAA2:0004050", NULL, 1);
insert into ontology_terms values (51808, 25524, "primitive sex cords", 0, 0, 0, 0);
insert into ontology_relationships values (25524, "is_a", "AEO:0000216");
insert into ontology_definitions values (25524, 5, "EHDAA2:0004051", NULL, 1);
insert into ontology_terms values (51809, 25525, "5-7 cervical nephrotomes", 0, 0, 0, 0);
insert into ontology_relationships values (25525, "is_a", "AEO:0000119");
insert into ontology_definitions values (25525, 5, "EHDAA2:0004055", NULL, 1);
insert into ontology_terms values (51810, 25526, "urorectal septum mesenchyme", 0, 0, 0, 0);
insert into ontology_relationships values (25526, "is_a", "AEO:0000145");
insert into ontology_definitions values (25526, 5, "EHDAA2:0004056", NULL, 1);
insert into ontology_terms values (51811, 25527, "urorectal septum epithelium", 0, 0, 0, 0);
insert into ontology_relationships values (25527, "is_a", "CARO:0000073");
insert into ontology_definitions values (25527, 5, "EHDAA2:0004057", NULL, 1);
insert into ontology_terms values (51812, 25528, "bladder lumen", 0, 0, 0, 0);
insert into ontology_relationships values (25528, "is_a", "AEO:0000221");
insert into ontology_definitions values (25528, 5, "EHDAA2:0004058", NULL, 1);
insert into ontology_terms values (51813, 25529, "bladder mesenchyme", 0, 0, 0, 0);
insert into ontology_relationships values (25529, "is_a", "AEO:0000145");
insert into ontology_definitions values (25529, 5, "EHDAA2:0004059", NULL, 1);
insert into ontology_terms values (51814, 25530, "urogenital sinus", 0, 0, 0, 0);
insert into ontology_relationships values (25530, "is_a", "CARO:0000055");
insert into ontology_definitions values (25530, 5, "EHDAA2:0004060", NULL, 1);
insert into ontology_terms values (51815, 25531, "urogenital sinus epithelium", 0, 0, 0, 0);
insert into ontology_relationships values (25531, "is_a", "CARO:0000073");
insert into ontology_definitions values (25531, 5, "EHDAA2:0004061", NULL, 1);
insert into ontology_terms values (51816, 25532, "metanephric mesenchyme", 0, 0, 0, 0);
insert into ontology_relationships values (25532, "is_a", "AEO:0000148");
insert into ontology_definitions values (25532, 5, "EHDAA2:0004062", NULL, 1);
insert into ontology_terms values (51817, 25533, "larynx", 0, 0, 0, 0);
insert into ontology_relationships values (25533, "is_a", "CARO:0000055");
insert into ontology_definitions values (25533, 5, "EHDAA2:0004063", NULL, 1);
insert into ontology_terms values (51818, 25534, "primary interventricular foramen", 0, 0, 0, 0);
insert into ontology_relationships values (25534, "is_a", "AEO:0000080");
insert into ontology_definitions values (25534, 5, "EHDAA2:0004064", NULL, 1);
insert into ontology_terms values (51819, 25535, "laryngeal epithelium", 0, 0, 0, 0);
insert into ontology_relationships values (25535, "is_a", "AEO:0000114");
insert into ontology_definitions values (25535, 5, "EHDAA2:0004065", NULL, 1);
insert into ontology_terms values (51820, 25536, "primitive heart tube lumen", 0, 0, 0, 0);
insert into ontology_relationships values (25536, "is_a", "AEO:0000221");
insert into ontology_definitions values (25536, 5, "EHDAA2:0004066", NULL, 1);
insert into ontology_terms values (51821, 25537, "endocardiogenic tissue", 0, 0, 0, 0);
insert into ontology_relationships values (25537, "is_a", "AEO:0000125");
insert into ontology_definitions values (25537, 5, "EHDAA2:0004067", NULL, 1);
insert into ontology_terms values (51822, 25538, "lower foregut region", 0, 0, 0, 0);
insert into ontology_relationships values (25538, "is_a", "CARO:0000055");
insert into ontology_definitions values (25538, 5, "EHDAA2:0004068", NULL, 1);
insert into ontology_terms values (51823, 25539, "respiratory primordium", 0, 0, 0, 0);
insert into ontology_relationships values (25539, "is_a", "CARO:0000055");
insert into ontology_definitions values (25539, 5, "EHDAA2:0004069", NULL, 1);
insert into ontology_terms values (51824, 25540, "respiratory primordium epithelium", 0, 0, 0, 0);
insert into ontology_relationships values (25540, "is_a", "AEO:0000115");
insert into ontology_definitions values (25540, 5, "EHDAA2:0004070", NULL, 1);
insert into ontology_terms values (51825, 25541, "respiratory primordium associated mesenchyme", 0, 0, 0, 0);
insert into ontology_relationships values (25541, "is_a", "CARO:0000055");
insert into ontology_definitions values (25541, 5, "EHDAA2:0004071", NULL, 1);
insert into ontology_terms values (51826, 25542, "hyaloid artery", 0, 0, 0, 0);
insert into ontology_relationships values (25542, "is_a", "AEO:0000208");
insert into ontology_definitions values (25542, 5, "EHDAA2:0004072", NULL, 1);
insert into ontology_terms values (51827, 25543, "laryngo-tracheal groove", 0, 0, 0, 0);
insert into ontology_relationships values (25543, "is_a", "AEO:0000161");
insert into ontology_definitions values (25543, 5, "EHDAA2:0004073", NULL, 1);
insert into ontology_terms values (51828, 25544, "6th arch", 0, 0, 0, 0);
insert into ontology_relationships values (25544, "is_a", "AEO:0000205");
insert into ontology_relationships values (25544, "is_a", "CARO:0000055");
insert into ontology_definitions values (25544, 5, "EHDAA2:0004075", NULL, 1);
insert into ontology_terms values (51829, 25545, "6th arch mesenchyme", 0, 0, 0, 0);
insert into ontology_relationships values (25545, "is_a", "CARO:0000055");
insert into ontology_definitions values (25545, 5, "EHDAA2:0004076", NULL, 1);
insert into ontology_terms values (51830, 25546, "6th arch mesenchyme from neural crest", 0, 0, 0, 0);
insert into ontology_relationships values (25546, "is_a", "AEO:0000146");
insert into ontology_definitions values (25546, 5, "EHDAA2:0004077", NULL, 1);
insert into ontology_terms values (51831, 25547, "6th arch mesenchyme from head mesenchyme", 0, 0, 0, 0);
insert into ontology_relationships values (25547, "is_a", "AEO:0000146");
insert into ontology_definitions values (25547, 5, "EHDAA2:0004078", NULL, 1);
insert into ontology_terms values (51832, 25548, "6th arch endoderm", 0, 0, 0, 0);
insert into ontology_relationships values (25548, "is_a", "CARO:0000073");
insert into ontology_definitions values (25548, 5, "EHDAA2:0004079", NULL, 1);
insert into ontology_terms values (51833, 25549, "6th arch ectoderm", 0, 0, 0, 0);
insert into ontology_relationships values (25549, "is_a", "CARO:0000073");
insert into ontology_definitions values (25549, 5, "EHDAA2:0004080", NULL, 1);
insert into ontology_terms values (51834, 25550, "epiglottis", 0, 0, 0, 0);
insert into ontology_relationships values (25550, "is_a", "CARO:0000055");
insert into ontology_definitions values (25550, 5, "EHDAA2:0004081", NULL, 1);
insert into ontology_terms values (51835, 25551, "oropharynx", 0, 0, 0, 0);
insert into ontology_relationships values (25551, "is_a", "CARO:0000055");
insert into ontology_definitions values (25551, 5, "EHDAA2:0004082", NULL, 1);
insert into ontology_terms values (51836, 25552, "oropharynx epithelium", 0, 0, 0, 0);
insert into ontology_relationships values (25552, "is_a", "CARO:0000073");
insert into ontology_definitions values (25552, 5, "EHDAA2:0004083", NULL, 1);
insert into ontology_terms values (51837, 25553, "oropharynx associated mesenchyme", 0, 0, 0, 0);
insert into ontology_relationships values (25553, "is_a", "AEO:0000146");
insert into ontology_definitions values (25553, 5, "EHDAA2:0004084", NULL, 1);
insert into ontology_terms values (51838, 25554, "laryngeal associated mesenchyme", 0, 0, 0, 0);
insert into ontology_relationships values (25554, "is_a", "AEO:0000146");
insert into ontology_definitions values (25554, 5, "EHDAA2:0004085", NULL, 1);
insert into ontology_terms values (51839, 25555, "epiglottis epithelium", 0, 0, 0, 0);
insert into ontology_relationships values (25555, "is_a", "CARO:0000073");
insert into ontology_definitions values (25555, 5, "EHDAA2:0004086", NULL, 1);
insert into ontology_terms values (51840, 25556, "epiglottis associated mesenchyme", 0, 0, 0, 0);
insert into ontology_relationships values (25556, "is_a", "AEO:0000146");
insert into ontology_definitions values (25556, 5, "EHDAA2:0004087", NULL, 1);
insert into ontology_terms values (51841, 25557, "thyroid pre-cartilage condensation", 0, 0, 0, 0);
insert into ontology_relationships values (25557, "is_a", "AEO:0000150");
insert into ontology_definitions values (25557, 5, "EHDAA2:0004088", NULL, 1);
insert into ontology_terms values (51842, 25558, "lung bud", 0, 0, 0, 0);
insert into ontology_relationships values (25558, "is_a", "CARO:0000055");
insert into ontology_definitions values (25558, 5, "EHDAA2:0004089", NULL, 1);
insert into ontology_terms values (51843, 25559, "lung bud epithelium", 0, 0, 0, 0);
insert into ontology_relationships values (25559, "is_a", "AEO:0000115");
insert into ontology_definitions values (25559, 5, "EHDAA2:0004090", NULL, 1);
insert into ontology_terms values (51844, 25560, "lung bud associated mesenchyme", 0, 0, 0, 0);
insert into ontology_relationships values (25560, "is_a", "AEO:0000146");
insert into ontology_definitions values (25560, 5, "EHDAA2:0004091", NULL, 1);
insert into ontology_terms values (51845, 25561, "respiratory primordium associated mesenchyme from pharyngeal arch mesenchyme", 0, 0, 0, 0);
insert into ontology_relationships values (25561, "is_a", "AEO:0000146");
insert into ontology_definitions values (25561, 5, "EHDAA2:0004092", NULL, 1);
insert into ontology_terms values (51846, 25562, "respiratory primordium associated mesenchyme from splanchnopleure", 0, 0, 0, 0);
insert into ontology_relationships values (25562, "is_a", "AEO:0000146");
insert into ontology_definitions values (25562, 5, "EHDAA2:0004093", NULL, 1);
insert into ontology_terms values (51847, 25563, "right lung lower lobe bronchiole", 0, 0, 0, 0);
insert into ontology_relationships values (25563, "is_a", "AEO:0000114");
insert into ontology_definitions values (25563, 5, "EHDAA2:0004094", NULL, 1);
insert into ontology_terms values (51848, 25564, "left lung lower lobe respiratory tree", 0, 0, 0, 0);
insert into ontology_relationships values (25564, "is_a", "AEO:0000117");
insert into ontology_definitions values (25564, 5, "EHDAA2:0004095", NULL, 1);
insert into ontology_terms values (51849, 25565, "left lung upper lobe respiratory tree", 0, 0, 0, 0);
insert into ontology_relationships values (25565, "is_a", "AEO:0000117");
insert into ontology_definitions values (25565, 5, "EHDAA2:0004096", NULL, 1);
insert into ontology_terms values (51850, 25566, "right lung upper lobe respiratory tree", 0, 0, 0, 0);
insert into ontology_relationships values (25566, "is_a", "AEO:0000117");
insert into ontology_definitions values (25566, 5, "EHDAA2:0004097", NULL, 1);
insert into ontology_terms values (51851, 25567, "right lung lower lobe respiratory tree", 0, 0, 0, 0);
insert into ontology_relationships values (25567, "is_a", "AEO:0000117");
insert into ontology_definitions values (25567, 5, "EHDAA2:0004098", NULL, 1);
insert into ontology_terms values (51852, 25568, "right lung middle lobe respiratory tree", 0, 0, 0, 0);
insert into ontology_relationships values (25568, "is_a", "AEO:0000117");
insert into ontology_definitions values (25568, 5, "EHDAA2:0004099", NULL, 1);
insert into ontology_terms values (51853, 25569, "renal artery", 0, 0, 0, 0);
insert into ontology_relationships values (25569, "is_a", "AEO:0000208");
insert into ontology_definitions values (25569, 5, "EHDAA2:0004100", NULL, 1);
insert into ontology_terms values (51854, 25570, "nasal conchae", 0, 0, 0, 0);
insert into ontology_relationships values (25570, "is_a", "CARO:0000055");
insert into ontology_definitions values (25570, 5, "EHDAA2:0004101", NULL, 1);
insert into ontology_terms values (51855, 25571, "vomeronasal epithelium", 0, 0, 0, 0);
insert into ontology_relationships values (25571, "is_a", "CARO:0000073");
insert into ontology_definitions values (25571, 5, "EHDAA2:0004102", NULL, 1);
insert into ontology_terms values (51856, 25572, "vomeronasal mesenchyme", 0, 0, 0, 0);
insert into ontology_relationships values (25572, "is_a", "AEO:0000146");
insert into ontology_definitions values (25572, 5, "EHDAA2:0004103", NULL, 1);
insert into ontology_terms values (51857, 25573, "nasal septum", 0, 0, 0, 0);
insert into ontology_relationships values (25573, "is_a", "AEO:0000148");
insert into ontology_definitions values (25573, 5, "EHDAA2:0004104", NULL, 1);
insert into ontology_terms values (51858, 25574, "nasal sac", 0, 0, 0, 0);
insert into ontology_relationships values (25574, "is_a", "AEO:0000204");
insert into ontology_definitions values (25574, 5, "EHDAA2:0004105", NULL, 1);
insert into ontology_terms values (51859, 25575, "nasal conchae mesenchyme", 0, 0, 0, 0);
insert into ontology_relationships values (25575, "is_a", "AEO:0000146");
insert into ontology_definitions values (25575, 5, "EHDAA2:0004106", NULL, 1);
insert into ontology_terms values (51860, 25576, "nasal conchae epithelium", 0, 0, 0, 0);
insert into ontology_relationships values (25576, "is_a", "CARO:0000073");
insert into ontology_definitions values (25576, 5, "EHDAA2:0004107", NULL, 1);
insert into ontology_terms values (51861, 25577, "frontonasal process epithelium", 0, 0, 0, 0);
insert into ontology_relationships values (25577, "is_a", "CARO:0000073");
insert into ontology_definitions values (25577, 5, "EHDAA2:0004108", NULL, 1);
insert into ontology_terms values (51862, 25578, "frontonasal process mesenchyme", 0, 0, 0, 0);
insert into ontology_relationships values (25578, "is_a", "AEO:0000146");
insert into ontology_definitions values (25578, 5, "EHDAA2:0004109", NULL, 1);
insert into ontology_terms values (51863, 25579, "optic system", 0, 0, 0, 0);
insert into ontology_relationships values (25579, "is_a", "CARO:0000011");
insert into ontology_definitions values (25579, 5, "EHDAA2:0004110", NULL, 1);
insert into ontology_terms values (51864, 25580, "optic vesicle proximal part", 0, 0, 0, 0);
insert into ontology_relationships values (25580, "is_a", "CARO:0000073");
insert into ontology_definitions values (25580, 5, "EHDAA2:0004111", NULL, 1);
insert into ontology_terms values (51865, 25581, "opthalmic vein", 0, 0, 0, 0);
insert into ontology_relationships values (25581, "is_a", "AEO:0000209");
insert into ontology_definitions values (25581, 5, "EHDAA2:0004113", NULL, 1);
insert into ontology_terms values (51866, 25582, "auditory meatus epithelium", 0, 0, 0, 0);
insert into ontology_relationships values (25582, "is_a", "AEO:0000114");
insert into ontology_definitions values (25582, 5, "EHDAA2:0004114", NULL, 1);
insert into ontology_terms values (51867, 25583, "tubotympanic recess epithelium", 0, 0, 0, 0);
insert into ontology_relationships values (25583, "is_a", "AEO:0000115");
insert into ontology_definitions values (25583, 5, "EHDAA2:0004115", NULL, 1);
insert into ontology_terms values (51868, 25584, "tympanic cavity epithelium", 0, 0, 0, 0);
insert into ontology_relationships values (25584, "is_a", "AEO:0000115");
insert into ontology_definitions values (25584, 5, "EHDAA2:0004116", NULL, 1);
insert into ontology_terms values (51869, 25585, "auditory tube epithelium", 0, 0, 0, 0);
insert into ontology_relationships values (25585, "is_a", "AEO:0000114");
insert into ontology_definitions values (25585, 5, "EHDAA2:0004117", NULL, 1);
insert into ontology_terms values (51870, 25586, "auditory tube lumen", 0, 0, 0, 0);
insert into ontology_relationships values (25586, "is_a", "AEO:0000078");
insert into ontology_definitions values (25586, 5, "EHDAA2:0004118", NULL, 1);
insert into ontology_terms values (51871, 25587, "tympanic cavity", 0, 0, 0, 0);
insert into ontology_relationships values (25587, "is_a", "AEO:0000221");
insert into ontology_definitions values (25587, 5, "EHDAA2:0004119", NULL, 1);
insert into ontology_terms values (51872, 25588, "future membranous labyrinth lumen", 0, 0, 0, 0);
insert into ontology_relationships values (25588, "is_a", "AEO:0000222");
insert into ontology_definitions values (25588, 5, "EHDAA2:0004120", NULL, 1);
insert into ontology_terms values (51873, 25589, "otocyst lumen", 0, 0, 0, 0);
insert into ontology_relationships values (25589, "is_a", "AEO:0000079");
insert into ontology_definitions values (25589, 5, "EHDAA2:0004121", NULL, 1);
insert into ontology_terms values (51874, 25590, "early endolymphatic appendage epithelium", 0, 0, 0, 0);
insert into ontology_relationships values (25590, "is_a", "AEO:0000114");
insert into ontology_definitions values (25590, 5, "EHDAA2:0004122", NULL, 1);
insert into ontology_terms values (51875, 25591, "early endolymphatic appendage associated mesenchyme", 0, 0, 0, 0);
insert into ontology_relationships values (25591, "is_a", "AEO:0000146");
insert into ontology_definitions values (25591, 5, "EHDAA2:0004123", NULL, 1);
insert into ontology_terms values (51876, 25592, "pancreas dorsal primordium mesenchyme", 0, 0, 0, 0);
insert into ontology_relationships values (25592, "is_a", "AEO:0000146");
insert into ontology_definitions values (25592, 5, "EHDAA2:0004124", NULL, 1);
insert into ontology_terms values (51877, 25593, "pancreas ventral primordium mesenchyme", 0, 0, 0, 0);
insert into ontology_relationships values (25593, "is_a", "AEO:0000146");
insert into ontology_definitions values (25593, 5, "EHDAA2:0004125", NULL, 1);
insert into ontology_terms values (51878, 25594, "ventral pancreas head mesenchyme", 0, 0, 0, 0);
insert into ontology_relationships values (25594, "is_a", "AEO:0000146");
insert into ontology_definitions values (25594, 5, "EHDAA2:0004126", NULL, 1);
insert into ontology_terms values (51879, 25595, "dorsal pancreas head mesenchyme", 0, 0, 0, 0);
insert into ontology_relationships values (25595, "is_a", "AEO:0000146");
insert into ontology_definitions values (25595, 5, "EHDAA2:0004127", NULL, 1);
insert into ontology_terms values (51880, 25596, "dorsal pancreas mesenchyme", 0, 0, 0, 0);
insert into ontology_relationships values (25596, "is_a", "AEO:0000146");
insert into ontology_definitions values (25596, 5, "EHDAA2:0004128", NULL, 1);
insert into ontology_terms values (51881, 25597, "pancreas body mesenchyme", 0, 0, 0, 0);
insert into ontology_relationships values (25597, "is_a", "AEO:0000146");
insert into ontology_definitions values (25597, 5, "EHDAA2:0004129", NULL, 1);
insert into ontology_terms values (51882, 25598, "pancreas tail mesenchyme", 0, 0, 0, 0);
insert into ontology_relationships values (25598, "is_a", "AEO:0000146");
insert into ontology_definitions values (25598, 5, "EHDAA2:0004130", NULL, 1);
insert into ontology_terms values (51883, 25599, "ventral pancreas mesenchyme", 0, 0, 0, 0);
insert into ontology_relationships values (25599, "is_a", "AEO:0000146");
insert into ontology_definitions values (25599, 5, "EHDAA2:0004131", NULL, 1);
insert into ontology_terms values (51884, 25600, "lower jaw epithelium from ectoderm", 0, 0, 0, 0);
insert into ontology_relationships values (25600, "is_a", "CARO:0000073");
insert into ontology_definitions values (25600, 5, "EHDAA2:0004132", NULL, 1);
insert into ontology_terms values (51885, 25601, "lower jaw epithelium from endoderm", 0, 0, 0, 0);
insert into ontology_relationships values (25601, "is_a", "CARO:0000073");
insert into ontology_definitions values (25601, 5, "EHDAA2:0004133", NULL, 1);
insert into ontology_terms values (51886, 25602, "upper jaw epithelium from ectoderm", 0, 0, 0, 0);
insert into ontology_relationships values (25602, "is_a", "CARO:0000073");
insert into ontology_definitions values (25602, 5, "EHDAA2:0004134", NULL, 1);
insert into ontology_terms values (51887, 25603, "upper jaw epithelium from endoderm", 0, 0, 0, 0);
insert into ontology_relationships values (25603, "is_a", "CARO:0000073");
insert into ontology_definitions values (25603, 5, "EHDAA2:0004135", NULL, 1);
insert into ontology_terms values (51888, 25604, "oral epithelium from endoderm", 0, 0, 0, 0);
insert into ontology_relationships values (25604, "is_a", "CARO:0000073");
insert into ontology_definitions values (25604, 5, "EHDAA2:0004136", NULL, 1);
insert into ontology_terms values (51889, 25605, "oral epithelium from ectoderm", 0, 0, 0, 0);
insert into ontology_relationships values (25605, "is_a", "CARO:0000073");
insert into ontology_definitions values (25605, 5, "EHDAA2:0004137", NULL, 1);
insert into ontology_terms values (51890, 25606, "Rathkes pouch invagination", 0, 0, 0, 0);
insert into ontology_relationships values (25606, "is_a", "AEO:0000078");
insert into ontology_definitions values (25606, 5, "EHDAA2:0004138", NULL, 1);
insert into ontology_terms values (51891, 25607, "adenohypophysis invagination", 0, 0, 0, 0);
insert into ontology_relationships values (25607, "is_a", "AEO:0000078");
insert into ontology_definitions values (25607, 5, "EHDAA2:0004139", NULL, 1);
insert into ontology_terms values (51892, 25608, "adenohypophysis lumen", 0, 0, 0, 0);
insert into ontology_relationships values (25608, "is_a", "AEO:0000078");
insert into ontology_definitions values (25608, 5, "EHDAA2:0004140", NULL, 1);
insert into ontology_terms values (51893, 25609, "foramen ovale of heart", 0, 0, 0, 0);
insert into ontology_relationships values (25609, "is_a", "AEO:0000080");
insert into ontology_definitions values (25609, 5, "EHDAA2:0004142", NULL, 1);
insert into ontology_terms values (51894, 25610, "truncus arteriosus", 0, 0, 0, 0);
insert into ontology_relationships values (25610, "is_a", "AEO:0000208");
insert into ontology_definitions values (25610, 5, "EHDAA2:0004143", NULL, 1);
insert into ontology_terms values (51895, 25611, "heart-associated blood vessels", 0, 0, 0, 0);
insert into ontology_relationships values (25611, "is_a", "CARO:0000041");
insert into ontology_definitions values (25611, 5, "EHDAA2:0004144", NULL, 1);
insert into ontology_terms values (51896, 25612, "aortic sac", 0, 0, 0, 0);
insert into ontology_relationships values (25612, "is_a", "AEO:0000208");
insert into ontology_definitions values (25612, 5, "EHDAA2:0004145", NULL, 1);
insert into ontology_terms values (51897, 25613, "primitive heart tube jelly", 0, 0, 0, 0);
insert into ontology_relationships values (25613, "is_a", "CARO:0000040");
insert into ontology_definitions values (25613, 5, "EHDAA2:0004146", NULL, 1);
insert into ontology_terms values (51898, 25614, "cardiac system", 0, 0, 0, 0);
insert into ontology_relationships values (25614, "is_a", "CARO:0000011");
insert into ontology_definitions values (25614, 5, "EHDAA2:0004147", NULL, 1);
insert into ontology_terms values (51899, 25615, "outflow tract neural crest", 0, 0, 0, 0);
insert into ontology_relationships values (25615, "is_a", "AEO:0000132");
insert into ontology_relationships values (25615, "is_a", "AEO:0000151");
insert into ontology_definitions values (25615, 5, "EHDAA2:0004148", NULL, 1);
insert into ontology_terms values (51900, 25616, "atrioventricular region", 0, 0, 0, 0);
insert into ontology_relationships values (25616, "is_a", "CARO:0000055");
insert into ontology_definitions values (25616, 5, "EHDAA2:0004149", NULL, 1);
insert into ontology_terms values (51901, 25617, "heart muscle", 0, 0, 0, 0);
insert into ontology_relationships values (25617, "is_a", "CARO:0000041");
insert into ontology_definitions values (25617, 5, "EHDAA2:0004150", NULL, 1);
insert into ontology_terms values (51902, 25618, "atrioventricular canal region jelly", 0, 0, 0, 0);
insert into ontology_relationships values (25618, "is_a", "CARO:0000040");
insert into ontology_definitions values (25618, 5, "EHDAA2:0004151", NULL, 1);
insert into ontology_terms values (51903, 25619, "atrioventicular pre-cushion mesenchyme", 0, 0, 0, 0);
insert into ontology_relationships values (25619, "is_a", "AEO:0000145");
insert into ontology_definitions values (25619, 5, "EHDAA2:0004152", NULL, 1);
insert into ontology_terms values (51904, 25620, "endocardium", 0, 0, 0, 0);
insert into ontology_relationships values (25620, "is_a", "CARO:0000055");
insert into ontology_definitions values (25620, 5, "EHDAA2:0004153", NULL, 1);
insert into ontology_terms values (51905, 25621, "left atrium heart muscle", 0, 0, 0, 0);
insert into ontology_relationships values (25621, "is_a", "AEO:0000142");
insert into ontology_definitions values (25621, 5, "EHDAA2:0004154", NULL, 1);
insert into ontology_terms values (51906, 25622, "right atrium heart muscle", 0, 0, 0, 0);
insert into ontology_relationships values (25622, "is_a", "AEO:0000142");
insert into ontology_definitions values (25622, 5, "EHDAA2:0004155", NULL, 1);
insert into ontology_terms values (51907, 25623, "left ventrical heart muscle", 0, 0, 0, 0);
insert into ontology_relationships values (25623, "is_a", "AEO:0000142");
insert into ontology_definitions values (25623, 5, "EHDAA2:0004156", NULL, 1);
insert into ontology_terms values (51908, 25624, "right ventrical heart muscle", 0, 0, 0, 0);
insert into ontology_relationships values (25624, "is_a", "AEO:0000142");
insert into ontology_definitions values (25624, 5, "EHDAA2:0004157", NULL, 1);
insert into ontology_terms values (51909, 25625, "muscular interventricular septum heart muscle", 0, 0, 0, 0);
insert into ontology_relationships values (25625, "is_a", "AEO:0000142");
insert into ontology_definitions values (25625, 5, "EHDAA2:0004158", NULL, 1);
insert into ontology_terms values (51910, 25626, "interatrial septum primum heart muscle", 0, 0, 0, 0);
insert into ontology_relationships values (25626, "is_a", "AEO:0000142");
insert into ontology_definitions values (25626, 5, "EHDAA2:0004159", NULL, 1);
insert into ontology_terms values (51911, 25627, "interatrial septum secundum heart muscle", 0, 0, 0, 0);
insert into ontology_relationships values (25627, "is_a", "AEO:0000142");
insert into ontology_definitions values (25627, 5, "EHDAA2:0004160", NULL, 1);
insert into ontology_terms values (51912, 25628, "heart tissues", 0, 0, 0, 0);
insert into ontology_relationships values (25628, "is_a", "CARO:0000054");
insert into ontology_definitions values (25628, 5, "EHDAA2:0004161", NULL, 1);
insert into ontology_terms values (51913, 25629, "heart mesenchyme", 0, 0, 0, 0);
insert into ontology_relationships values (25629, "is_a", "CARO:0000041");
insert into ontology_definitions values (25629, 5, "EHDAA2:0004162", NULL, 1);
insert into ontology_terms values (51914, 25630, "atrioventricular cushion mesenchyme", 0, 0, 0, 0);
insert into ontology_relationships values (25630, "is_a", "AEO:0000145");
insert into ontology_definitions values (25630, 5, "EHDAA2:0004163", NULL, 1);
insert into ontology_terms values (51915, 25631, "ventricular region", 0, 0, 0, 0);
insert into ontology_relationships values (25631, "is_a", "CARO:0000055");
insert into ontology_definitions values (25631, 5, "EHDAA2:0004164", NULL, 1);
insert into ontology_terms values (51916, 25632, "atrioventricular region endocardium", 0, 0, 0, 0);
insert into ontology_relationships values (25632, "is_a", "CARO:0000073");
insert into ontology_definitions values (25632, 5, "EHDAA2:0004165", NULL, 1);
insert into ontology_terms values (51917, 25633, "atrioventricular region heart muscle", 0, 0, 0, 0);
insert into ontology_relationships values (25633, "is_a", "AEO:0000142");
insert into ontology_definitions values (25633, 5, "EHDAA2:0004166", NULL, 1);
insert into ontology_terms values (51918, 25634, "mitral valve leaflet mesenchyme", 0, 0, 0, 0);
insert into ontology_relationships values (25634, "is_a", "AEO:0000146");
insert into ontology_definitions values (25634, 5, "EHDAA2:0004167", NULL, 1);
insert into ontology_terms values (51919, 25635, "left atrium auricular region heart muscle", 0, 0, 0, 0);
insert into ontology_relationships values (25635, "is_a", "AEO:0000142");
insert into ontology_definitions values (25635, 5, "EHDAA2:0004168", NULL, 1);
insert into ontology_terms values (51920, 25636, "right atrium auricular region heart muscle", 0, 0, 0, 0);
insert into ontology_relationships values (25636, "is_a", "AEO:0000142");
insert into ontology_definitions values (25636, 5, "EHDAA2:0004169", NULL, 1);
insert into ontology_terms values (51921, 25637, "right atrium future auricular region heart muscle", 0, 0, 0, 0);
insert into ontology_relationships values (25637, "is_a", "AEO:0000142");
insert into ontology_definitions values (25637, 5, "EHDAA2:0004170", NULL, 1);
insert into ontology_terms values (51922, 25638, "interatrial septum primum endocardium", 0, 0, 0, 0);
insert into ontology_relationships values (25638, "is_a", "CARO:0000073");
insert into ontology_definitions values (25638, 5, "EHDAA2:0004171", NULL, 1);
insert into ontology_terms values (51923, 25639, "interatrial septum secundum endocardium", 0, 0, 0, 0);
insert into ontology_relationships values (25639, "is_a", "CARO:0000073");
insert into ontology_definitions values (25639, 5, "EHDAA2:0004172", NULL, 1);
insert into ontology_terms values (51924, 25640, "left venous valve leaflet mesenchyme", 0, 0, 0, 0);
insert into ontology_relationships values (25640, "is_a", "AEO:0000146");
insert into ontology_definitions values (25640, 5, "EHDAA2:0004173", NULL, 1);
insert into ontology_terms values (51925, 25641, "left venous valve leaflet endocardium", 0, 0, 0, 0);
insert into ontology_relationships values (25641, "is_a", "CARO:0000073");
insert into ontology_definitions values (25641, 5, "EHDAA2:0004174", NULL, 1);
insert into ontology_terms values (51926, 25642, "right venous valve leaflet endocardium", 0, 0, 0, 0);
insert into ontology_relationships values (25642, "is_a", "CARO:0000073");
insert into ontology_definitions values (25642, 5, "EHDAA2:0004175", NULL, 1);
insert into ontology_terms values (51927, 25643, "right venous valve leaflet mesenchyme", 0, 0, 0, 0);
insert into ontology_relationships values (25643, "is_a", "AEO:0000146");
insert into ontology_definitions values (25643, 5, "EHDAA2:0004176", NULL, 1);
insert into ontology_terms values (51928, 25644, "inferior vena cava valve leaflet mesenchyme", 0, 0, 0, 0);
insert into ontology_relationships values (25644, "is_a", "AEO:0000146");
insert into ontology_definitions values (25644, 5, "EHDAA2:0004177", NULL, 1);
insert into ontology_terms values (51929, 25645, "inferior vena cava valve leaflet endocardium", 0, 0, 0, 0);
insert into ontology_relationships values (25645, "is_a", "CARO:0000073");
insert into ontology_definitions values (25645, 5, "EHDAA2:0004178", NULL, 1);
insert into ontology_terms values (51930, 25646, "aortic valve leaflet endocardium", 0, 0, 0, 0);
insert into ontology_relationships values (25646, "is_a", "CARO:0000073");
insert into ontology_definitions values (25646, 5, "EHDAA2:0004179", NULL, 1);
insert into ontology_terms values (51931, 25647, "pulmonary valve leaflet endocardium", 0, 0, 0, 0);
insert into ontology_relationships values (25647, "is_a", "CARO:0000073");
insert into ontology_definitions values (25647, 5, "EHDAA2:0004180", NULL, 1);
insert into ontology_terms values (51932, 25648, "heart lumen", 0, 0, 0, 0);
insert into ontology_relationships values (25648, "is_a", "AEO:0000221");
insert into ontology_definitions values (25648, 5, "EHDAA2:0004181", NULL, 1);
insert into ontology_terms values (51933, 25649, "atrioventricular node", 0, 0, 0, 0);
insert into ontology_relationships values (25649, "is_a", "EHDAA2:0004528");
insert into ontology_definitions values (25649, 5, "EHDAA2:0004183", NULL, 1);
insert into ontology_terms values (51934, 25650, "sinoatrial node", 0, 0, 0, 0);
insert into ontology_relationships values (25650, "is_a", "EHDAA2:0004528");
insert into ontology_definitions values (25650, 5, "EHDAA2:0004184", NULL, 1);
insert into ontology_terms values (51935, 25651, "heart muscle conducting system", 0, 0, 0, 0);
insert into ontology_relationships values (25651, "is_a", "CARO:0000011");
insert into ontology_definitions values (25651, 5, "EHDAA2:0004185", NULL, 1);
insert into ontology_terms values (51936, 25652, "aortico-pulmonary spiral septum mesenchyme", 0, 0, 0, 0);
insert into ontology_relationships values (25652, "is_a", "AEO:0000146");
insert into ontology_definitions values (25652, 5, "EHDAA2:0004186", NULL, 1);
insert into ontology_terms values (51937, 25653, "aortico-pulmonary spiral septum endocardium", 0, 0, 0, 0);
insert into ontology_relationships values (25653, "is_a", "CARO:0000073");
insert into ontology_definitions values (25653, 5, "EHDAA2:0004187", NULL, 1);
insert into ontology_terms values (51938, 25654, "sacral parasympathetic ganglia", 0, 0, 0, 0);
insert into ontology_relationships values (25654, "is_a", "AEO:0000135");
insert into ontology_definitions values (25654, 5, "EHDAA2:0004200", NULL, 1);
insert into ontology_terms values (51939, 25655, "enteric nervous system ganglia", 0, 0, 0, 0);
insert into ontology_relationships values (25655, "is_a", "AEO:0000135");
insert into ontology_relationships values (25655, "is_a", "CARO:0000054");
insert into ontology_definitions values (25655, 5, "EHDAA2:0004201", NULL, 1);
insert into ontology_terms values (51940, 25656, "enteric nervous system", 0, 0, 0, 0);
insert into ontology_relationships values (25656, "is_a", "CARO:0000011");
insert into ontology_definitions values (25656, 5, "EHDAA2:0004202", NULL, 1);
insert into ontology_terms values (51941, 25657, "rostral neuropore", 0, 0, 0, 0);
insert into ontology_relationships values (25657, "is_a", "AEO:0000080");
insert into ontology_definitions values (25657, 5, "EHDAA2:0004203", NULL, 1);
insert into ontology_terms values (51942, 25658, "optic nervous system", 0, 0, 0, 0);
insert into ontology_relationships values (25658, "is_a", "CARO:0000011");
insert into ontology_definitions values (25658, 5, "EHDAA2:0004204", NULL, 1);
insert into ontology_terms values (51943, 25659, "branchial placode group", 0, 0, 0, 0);
insert into ontology_relationships values (25659, "is_a", "CARO:0000054");
insert into ontology_definitions values (25659, 5, "EHDAA2:0004205", NULL, 1);
insert into ontology_terms values (51944, 25660, "epibranchial placode 1", 0, 0, 0, 0);
insert into ontology_relationships values (25660, "is_a", "AEO:0000218");
insert into ontology_definitions values (25660, 5, "EHDAA2:0004206", NULL, 1);
insert into ontology_terms values (51945, 25661, "epibranchial placode 2", 0, 0, 0, 0);
insert into ontology_relationships values (25661, "is_a", "AEO:0000218");
insert into ontology_definitions values (25661, 5, "EHDAA2:0004207", NULL, 1);
insert into ontology_terms values (51946, 25662, "epibranchial placode 3", 0, 0, 0, 0);
insert into ontology_relationships values (25662, "is_a", "AEO:0000218");
insert into ontology_definitions values (25662, 5, "EHDAA2:0004208", NULL, 1);
insert into ontology_terms values (51947, 25663, "trigeminal placode", 0, 0, 0, 0);
insert into ontology_relationships values (25663, "is_a", "AEO:0000218");
insert into ontology_definitions values (25663, 5, "EHDAA2:0004209", NULL, 1);
insert into ontology_terms values (51948, 25664, "midbrain oculomotor nucleus", 0, 0, 0, 0);
insert into ontology_relationships values (25664, "is_a", "AEO:0000136");
insert into ontology_definitions values (25664, 5, "EHDAA2:0004211", NULL, 1);
insert into ontology_terms values (51949, 25665, "trunk dorsal root ganglions", 0, 0, 0, 0);
insert into ontology_relationships values (25665, "is_a", "AEO:0000135");
insert into ontology_relationships values (25665, "is_a", "AEO:0000210");
insert into ontology_definitions values (25665, 5, "EHDAA2:0004300", NULL, 1);
insert into ontology_terms values (51950, 25666, "trunk segmental spinal nerves", 0, 0, 0, 0);
insert into ontology_relationships values (25666, "is_a", "AEO:0000137");
insert into ontology_definitions values (25666, 5, "EHDAA2:0004301", NULL, 1);
insert into ontology_terms values (51951, 25667, "cervical mesenchyme from cervical neural crest", 0, 0, 0, 0);
insert into ontology_relationships values (25667, "is_a", "CARO:0000054");
insert into ontology_definitions values (25667, 5, "EHDAA2:0004302", NULL, 1);
insert into ontology_terms values (51952, 25668, "cervical lateral migration pathway NC-derived mesenchyme", 0, 0, 0, 0);
insert into ontology_relationships values (25668, "is_a", "AEO:0000132");
insert into ontology_definitions values (25668, 5, "EHDAA2:0004303", NULL, 1);
insert into ontology_terms values (51953, 25669, "cervical medial migration pathway NC-derived", 0, 0, 0, 0);
insert into ontology_relationships values (25669, "is_a", "AEO:0000132");
insert into ontology_definitions values (25669, 5, "EHDAA2:0004304", NULL, 1);
insert into ontology_terms values (51954, 25670, "nucleus ambiguus", 0, 0, 0, 0);
insert into ontology_relationships values (25670, "is_a", "AEO:0000136");
insert into ontology_definitions values (25670, 5, "EHDAA2:0004305", NULL, 1);
insert into ontology_terms values (51955, 25671, "myelencephalon nucleus ambiguus", 0, 0, 0, 0);
insert into ontology_relationships values (25671, "is_a", "AEO:0000136");
insert into ontology_definitions values (25671, 5, "EHDAA2:0004306", NULL, 1);
insert into ontology_terms values (51956, 25672, "early nucleus ambiguus", 0, 0, 0, 0);
insert into ontology_relationships values (25672, "is_a", "AEO:0000132");
insert into ontology_relationships values (25672, "is_a", "AEO:0000136");
insert into ontology_definitions values (25672, 5, "EHDAA2:0004307", NULL, 1);
insert into ontology_terms values (51957, 25673, "early trochlear nucleus", 0, 0, 0, 0);
insert into ontology_relationships values (25673, "is_a", "AEO:0000136");
insert into ontology_definitions values (25673, 5, "EHDAA2:0004308", NULL, 1);
insert into ontology_terms values (51958, 25674, "early abducens nucleus", 0, 0, 0, 0);
insert into ontology_relationships values (25674, "is_a", "AEO:0000136");
insert into ontology_definitions values (25674, 5, "EHDAA2:0004309", NULL, 1);
insert into ontology_terms values (51959, 25675, "abducens nucleus", 0, 0, 0, 0);
insert into ontology_relationships values (25675, "is_a", "AEO:0000136");
insert into ontology_definitions values (25675, 5, "EHDAA2:0004310", NULL, 1);
insert into ontology_terms values (51960, 25676, "vestibular VIII ganglion complex", 0, 0, 0, 0);
insert into ontology_relationships values (25676, "is_a", "AEO:0000135");
insert into ontology_definitions values (25676, 5, "EHDAA2:0004313", NULL, 1);
insert into ontology_terms values (51961, 25677, "spiral ganglion", 0, 0, 0, 0);
insert into ontology_relationships values (25677, "is_a", "AEO:0000135");
insert into ontology_definitions values (25677, 5, "EHDAA2:0004314", NULL, 1);
insert into ontology_terms values (51962, 25678, "future subarachnoid space", 0, 0, 0, 0);
insert into ontology_relationships values (25678, "is_a", "AEO:0000222");
insert into ontology_definitions values (25678, 5, "EHDAA2:0004315", NULL, 1);
insert into ontology_terms values (51963, 25679, "future arachnoid layer", 0, 0, 0, 0);
insert into ontology_relationships values (25679, "is_a", "CARO:0000055");
insert into ontology_definitions values (25679, 5, "EHDAA2:0004316", NULL, 1);
insert into ontology_terms values (51964, 25680, "future dura mater", 0, 0, 0, 0);
insert into ontology_relationships values (25680, "is_a", "CARO:0000055");
insert into ontology_definitions values (25680, 5, "EHDAA2:0004317", NULL, 1);
insert into ontology_terms values (51965, 25681, "pia mater", 0, 0, 0, 0);
insert into ontology_relationships values (25681, "is_a", "CARO:0000055");
insert into ontology_definitions values (25681, 5, "EHDAA2:0004318", NULL, 1);
insert into ontology_terms values (51966, 25682, "early rhombomere group", 0, 0, 0, 0);
insert into ontology_relationships values (25682, "is_a", "CARO:0000054");
insert into ontology_definitions values (25682, 5, "EHDAA2:0004320", NULL, 1);
insert into ontology_terms values (51967, 25683, "pro-rhombomere group", 0, 0, 0, 0);
insert into ontology_relationships values (25683, "is_a", "CARO:0000054");
insert into ontology_definitions values (25683, 5, "EHDAA2:0004321", NULL, 1);
insert into ontology_terms values (51968, 25684, "rhombencephalon lateral wall", 0, 0, 0, 0);
insert into ontology_relationships values (25684, "is_a", "AEO:0001008");
insert into ontology_relationships values (25684, "is_a", "CARO:0000055");
insert into ontology_definitions values (25684, 5, "EHDAA2:0004322", NULL, 1);
insert into ontology_terms values (51969, 25685, "rhombencephalon roof plate", 0, 0, 0, 0);
insert into ontology_relationships values (25685, "is_a", "CARO:0000073");
insert into ontology_definitions values (25685, 5, "EHDAA2:0004323", NULL, 1);
insert into ontology_terms values (51970, 25686, "rhombencephalon floor plate", 0, 0, 0, 0);
insert into ontology_relationships values (25686, "is_a", "CARO:0000068");
insert into ontology_definitions values (25686, 5, "EHDAA2:0004324", NULL, 1);
insert into ontology_terms values (51971, 25687, "early rhombomere 01 lateral wall", 0, 0, 0, 0);
insert into ontology_relationships values (25687, "is_a", "AEO:0001008");
insert into ontology_definitions values (25687, 5, "EHDAA2:0004325", NULL, 1);
insert into ontology_terms values (51972, 25688, "early rhombomere 02 lateral wall", 0, 0, 0, 0);
insert into ontology_relationships values (25688, "is_a", "AEO:0001008");
insert into ontology_definitions values (25688, 5, "EHDAA2:0004326", NULL, 1);
insert into ontology_terms values (51973, 25689, "early rhombomere 04 lateral wall", 0, 0, 0, 0);
insert into ontology_relationships values (25689, "is_a", "AEO:0001008");
insert into ontology_definitions values (25689, 5, "EHDAA2:0004327", NULL, 1);
insert into ontology_terms values (51974, 25690, "early rhombomere 03 lateral wall", 0, 0, 0, 0);
insert into ontology_relationships values (25690, "is_a", "AEO:0001008");
insert into ontology_definitions values (25690, 5, "EHDAA2:0004328", NULL, 1);
insert into ontology_terms values (51975, 25691, "early rhombomere 05 lateral wall", 0, 0, 0, 0);
insert into ontology_relationships values (25691, "is_a", "AEO:0001008");
insert into ontology_definitions values (25691, 5, "EHDAA2:0004329", NULL, 1);
insert into ontology_terms values (51976, 25692, "early rhombomere 06 lateral wall", 0, 0, 0, 0);
insert into ontology_relationships values (25692, "is_a", "AEO:0001008");
insert into ontology_definitions values (25692, 5, "EHDAA2:0004330", NULL, 1);
insert into ontology_terms values (51977, 25693, "early rhombomere 07 lateral wall", 0, 0, 0, 0);
insert into ontology_relationships values (25693, "is_a", "AEO:0001008");
insert into ontology_definitions values (25693, 5, "EHDAA2:0004331", NULL, 1);
insert into ontology_terms values (51978, 25694, "early rhombomere 08 lateral wall", 0, 0, 0, 0);
insert into ontology_relationships values (25694, "is_a", "AEO:0001008");
insert into ontology_definitions values (25694, 5, "EHDAA2:0004332", NULL, 1);
insert into ontology_terms values (51979, 25695, "early rhombomere 08 roof plate", 0, 0, 0, 0);
insert into ontology_relationships values (25695, "is_a", "CARO:0000073");
insert into ontology_definitions values (25695, 5, "EHDAA2:0004333", NULL, 1);
insert into ontology_terms values (51980, 25696, "early rhombomere 07 roof plate", 0, 0, 0, 0);
insert into ontology_relationships values (25696, "is_a", "CARO:0000073");
insert into ontology_definitions values (25696, 5, "EHDAA2:0004334", NULL, 1);
insert into ontology_terms values (51981, 25697, "early rhombomere 06 roof plate", 0, 0, 0, 0);
insert into ontology_relationships values (25697, "is_a", "CARO:0000073");
insert into ontology_definitions values (25697, 5, "EHDAA2:0004335", NULL, 1);
insert into ontology_terms values (51982, 25698, "early rhombomere 05 roof plate", 0, 0, 0, 0);
insert into ontology_relationships values (25698, "is_a", "CARO:0000073");
insert into ontology_definitions values (25698, 5, "EHDAA2:0004336", NULL, 1);
insert into ontology_terms values (51983, 25699, "early rhombomere 04 roof plate", 0, 0, 0, 0);
insert into ontology_relationships values (25699, "is_a", "CARO:0000073");
insert into ontology_definitions values (25699, 5, "EHDAA2:0004337", NULL, 1);
insert into ontology_terms values (51984, 25700, "early rhombomere 03 roof plate", 0, 0, 0, 0);
insert into ontology_relationships values (25700, "is_a", "CARO:0000073");
insert into ontology_definitions values (25700, 5, "EHDAA2:0004338", NULL, 1);
insert into ontology_terms values (51985, 25701, "early rhombomere 02 roof plate", 0, 0, 0, 0);
insert into ontology_relationships values (25701, "is_a", "CARO:0000073");
insert into ontology_definitions values (25701, 5, "EHDAA2:0004339", NULL, 1);
insert into ontology_terms values (51986, 25702, "early rhombomere 01 roof plate", 0, 0, 0, 0);
insert into ontology_relationships values (25702, "is_a", "CARO:0000073");
insert into ontology_definitions values (25702, 5, "EHDAA2:0004340", NULL, 1);
insert into ontology_terms values (51987, 25703, "early rhombomere 01 floor plate", 0, 0, 0, 0);
insert into ontology_relationships values (25703, "is_a", "CARO:0000068");
insert into ontology_definitions values (25703, 5, "EHDAA2:0004341", NULL, 1);
insert into ontology_terms values (51988, 25704, "early rhombomere 02 floor plate", 0, 0, 0, 0);
insert into ontology_relationships values (25704, "is_a", "CARO:0000068");
insert into ontology_definitions values (25704, 5, "EHDAA2:0004342", NULL, 1);
insert into ontology_terms values (51989, 25705, "early rhombomere 03 floor plate", 0, 0, 0, 0);
insert into ontology_relationships values (25705, "is_a", "CARO:0000068");
insert into ontology_definitions values (25705, 5, "EHDAA2:0004343", NULL, 1);
insert into ontology_terms values (51990, 25706, "early rhombomere 04 floor plate", 0, 0, 0, 0);
insert into ontology_relationships values (25706, "is_a", "CARO:0000068");
insert into ontology_definitions values (25706, 5, "EHDAA2:0004344", NULL, 1);
insert into ontology_terms values (51991, 25707, "early rhombomere 05 floor plate", 0, 0, 0, 0);
insert into ontology_relationships values (25707, "is_a", "CARO:0000068");
insert into ontology_definitions values (25707, 5, "EHDAA2:0004345", NULL, 1);
insert into ontology_terms values (51992, 25708, "early rhombomere 06 floor plate", 0, 0, 0, 0);
insert into ontology_relationships values (25708, "is_a", "CARO:0000068");
insert into ontology_definitions values (25708, 5, "EHDAA2:0004346", NULL, 1);
insert into ontology_terms values (51993, 25709, "early rhombomere 07 floor plate", 0, 0, 0, 0);
insert into ontology_relationships values (25709, "is_a", "CARO:0000068");
insert into ontology_definitions values (25709, 5, "EHDAA2:0004347", NULL, 1);
insert into ontology_terms values (51994, 25710, "early rhombomere 08 floor plate", 0, 0, 0, 0);
insert into ontology_relationships values (25710, "is_a", "CARO:0000068");
insert into ontology_definitions values (25710, 5, "EHDAA2:0004348", NULL, 1);
insert into ontology_terms values (51995, 25711, "isthmus primordium floor plate", 0, 0, 0, 0);
insert into ontology_relationships values (25711, "is_a", "CARO:0000068");
insert into ontology_definitions values (25711, 5, "EHDAA2:0004349", NULL, 1);
insert into ontology_terms values (51996, 25712, "isthmus primordium roof plate", 0, 0, 0, 0);
insert into ontology_relationships values (25712, "is_a", "CARO:0000073");
insert into ontology_definitions values (25712, 5, "EHDAA2:0004350", NULL, 1);
insert into ontology_terms values (51997, 25713, "isthmus primordium lateral wall", 0, 0, 0, 0);
insert into ontology_relationships values (25713, "is_a", "AEO:0001008");
insert into ontology_definitions values (25713, 5, "EHDAA2:0004351", NULL, 1);
insert into ontology_terms values (51998, 25714, "mesomere group", 0, 0, 0, 0);
insert into ontology_relationships values (25714, "is_a", "CARO:0000054");
insert into ontology_definitions values (25714, 5, "EHDAA2:0004352", NULL, 1);
insert into ontology_terms values (51999, 25715, "mesomere M1", 0, 0, 0, 0);
insert into ontology_relationships values (25715, "is_a", "CARO:0000055");
insert into ontology_definitions values (25715, 5, "EHDAA2:0004353", NULL, 1);
insert into ontology_terms values (52000, 25716, "mesomere M2", 0, 0, 0, 0);
insert into ontology_relationships values (25716, "is_a", "CARO:0000055");
insert into ontology_definitions values (25716, 5, "EHDAA2:0004354", NULL, 1);
insert into ontology_terms values (52001, 25717, "mesomere M1 ventricular layer", 0, 0, 0, 0);
insert into ontology_relationships values (25717, "is_a", "AEO:0001009");
insert into ontology_definitions values (25717, 5, "EHDAA2:0004355", NULL, 1);
insert into ontology_terms values (52002, 25718, "mesomere M1 mantle layer", 0, 0, 0, 0);
insert into ontology_relationships values (25718, "is_a", "AEO:0001010");
insert into ontology_relationships values (25718, "is_a", "CARO:0000055");
insert into ontology_definitions values (25718, 5, "EHDAA2:0004356", NULL, 1);
insert into ontology_terms values (52003, 25719, "mesomere M1 marginal layer", 0, 0, 0, 0);
insert into ontology_relationships values (25719, "is_a", "AEO:0001011");
insert into ontology_definitions values (25719, 5, "EHDAA2:0004357", NULL, 1);
insert into ontology_terms values (52004, 25720, "mesomere M2 ventricular layer", 0, 0, 0, 0);
insert into ontology_relationships values (25720, "is_a", "AEO:0001009");
insert into ontology_definitions values (25720, 5, "EHDAA2:0004358", NULL, 1);
insert into ontology_terms values (52005, 25721, "mesomere M2 marginal layer", 0, 0, 0, 0);
insert into ontology_relationships values (25721, "is_a", "AEO:0001011");
insert into ontology_definitions values (25721, 5, "EHDAA2:0004359", NULL, 1);
insert into ontology_terms values (52006, 25722, "mesomere M2 mantle layer", 0, 0, 0, 0);
insert into ontology_relationships values (25722, "is_a", "AEO:0001010");
insert into ontology_relationships values (25722, "is_a", "CARO:0000055");
insert into ontology_definitions values (25722, 5, "EHDAA2:0004360", NULL, 1);
insert into ontology_terms values (52007, 25723, "spinal cord central canal", 0, 0, 0, 0);
insert into ontology_relationships values (25723, "is_a", "AEO:0000078");
insert into ontology_definitions values (25723, 5, "EHDAA2:0004361", NULL, 1);
insert into ontology_terms values (52008, 25724, "CNS ventricular system", 0, 0, 0, 0);
insert into ontology_relationships values (25724, "is_a", "AEO:0000222");
insert into ontology_definitions values (25724, 5, "EHDAA2:0004362", NULL, 1);
insert into ontology_terms values (52009, 25725, "future spinal cord lumen", 0, 0, 0, 0);
insert into ontology_relationships values (25725, "is_a", "AEO:0000078");
insert into ontology_definitions values (25725, 5, "EHDAA2:0004363", NULL, 1);
insert into ontology_terms values (52010, 25726, "mesomere M1 roof plate", 0, 0, 0, 0);
insert into ontology_relationships values (25726, "is_a", "CARO:0000073");
insert into ontology_definitions values (25726, 5, "EHDAA2:0004364", NULL, 1);
insert into ontology_terms values (52011, 25727, "mesomere M1 floor plate", 0, 0, 0, 0);
insert into ontology_relationships values (25727, "is_a", "CARO:0000068");
insert into ontology_definitions values (25727, 5, "EHDAA2:0004365", NULL, 1);
insert into ontology_terms values (52012, 25728, "mesomere M1 lateral wall", 0, 0, 0, 0);
insert into ontology_relationships values (25728, "is_a", "AEO:0001008");
insert into ontology_relationships values (25728, "is_a", "CARO:0000055");
insert into ontology_definitions values (25728, 5, "EHDAA2:0004366", NULL, 1);
insert into ontology_terms values (52013, 25729, "mesomere M2 lateral wall", 0, 0, 0, 0);
insert into ontology_relationships values (25729, "is_a", "AEO:0001008");
insert into ontology_relationships values (25729, "is_a", "CARO:0000055");
insert into ontology_definitions values (25729, 5, "EHDAA2:0004367", NULL, 1);
insert into ontology_terms values (52014, 25730, "mesomere M2 floor plate", 0, 0, 0, 0);
insert into ontology_relationships values (25730, "is_a", "CARO:0000068");
insert into ontology_definitions values (25730, 5, "EHDAA2:0004368", NULL, 1);
insert into ontology_terms values (52015, 25731, "mesomere M2 roof plate", 0, 0, 0, 0);
insert into ontology_relationships values (25731, "is_a", "CARO:0000073");
insert into ontology_definitions values (25731, 5, "EHDAA2:0004369", NULL, 1);
insert into ontology_terms values (52016, 25732, "rhombomere 01 alar plate", 0, 0, 0, 0);
insert into ontology_relationships values (25732, "is_a", "AEO:0001012");
insert into ontology_definitions values (25732, 5, "EHDAA2:0004370", NULL, 1);
insert into ontology_terms values (52017, 25733, "rhombomere 01 basal plate", 0, 0, 0, 0);
insert into ontology_relationships values (25733, "is_a", "AEO:0001012");
insert into ontology_definitions values (25733, 5, "EHDAA2:0004371", NULL, 1);
insert into ontology_terms values (52018, 25734, "mesomere M1 alar plate", 0, 0, 0, 0);
insert into ontology_relationships values (25734, "is_a", "AEO:0001012");
insert into ontology_definitions values (25734, 5, "EHDAA2:0004372", NULL, 1);
insert into ontology_terms values (52019, 25735, "mesomere M1 basal plate", 0, 0, 0, 0);
insert into ontology_relationships values (25735, "is_a", "AEO:0001012");
insert into ontology_definitions values (25735, 5, "EHDAA2:0004373", NULL, 1);
insert into ontology_terms values (52020, 25736, "midbrain alar plate", 0, 0, 0, 0);
insert into ontology_relationships values (25736, "is_a", "AEO:0001012");
insert into ontology_definitions values (25736, 5, "EHDAA2:0004374", NULL, 1);
insert into ontology_terms values (52021, 25737, "midbrain basal plate", 0, 0, 0, 0);
insert into ontology_relationships values (25737, "is_a", "AEO:0001012");
insert into ontology_definitions values (25737, 5, "EHDAA2:0004375", NULL, 1);
insert into ontology_terms values (52022, 25738, "mesomere M2 alar plate", 0, 0, 0, 0);
insert into ontology_relationships values (25738, "is_a", "AEO:0001012");
insert into ontology_definitions values (25738, 5, "EHDAA2:0004376", NULL, 1);
insert into ontology_terms values (52023, 25739, "mesomere M2 basal plate", 0, 0, 0, 0);
insert into ontology_relationships values (25739, "is_a", "AEO:0001012");
insert into ontology_definitions values (25739, 5, "EHDAA2:0004377", NULL, 1);
insert into ontology_terms values (52024, 25740, "early rhombomere 01 marginal layer", 0, 0, 0, 0);
insert into ontology_relationships values (25740, "is_a", "AEO:0001011");
insert into ontology_definitions values (25740, 5, "EHDAA2:0004378", NULL, 1);
insert into ontology_terms values (52025, 25741, "early rhombomere 02 marginal layer", 0, 0, 0, 0);
insert into ontology_relationships values (25741, "is_a", "AEO:0001011");
insert into ontology_definitions values (25741, 5, "EHDAA2:0004379", NULL, 1);
insert into ontology_terms values (52026, 25742, "early rhombomere 03 marginal layer", 0, 0, 0, 0);
insert into ontology_relationships values (25742, "is_a", "AEO:0001011");
insert into ontology_definitions values (25742, 5, "EHDAA2:0004380", NULL, 1);
insert into ontology_terms values (52027, 25743, "early rhombomere 04 marginal layer", 0, 0, 0, 0);
insert into ontology_relationships values (25743, "is_a", "AEO:0001011");
insert into ontology_definitions values (25743, 5, "EHDAA2:0004381", NULL, 1);
insert into ontology_terms values (52028, 25744, "early rhombomere 05 marginal layer", 0, 0, 0, 0);
insert into ontology_relationships values (25744, "is_a", "AEO:0001011");
insert into ontology_definitions values (25744, 5, "EHDAA2:0004382", NULL, 1);
insert into ontology_terms values (52029, 25745, "early rhombomere 06 marginal layer", 0, 0, 0, 0);
insert into ontology_relationships values (25745, "is_a", "AEO:0001011");
insert into ontology_definitions values (25745, 5, "EHDAA2:0004383", NULL, 1);
insert into ontology_terms values (52030, 25746, "early rhombomere 07 marginal layer", 0, 0, 0, 0);
insert into ontology_relationships values (25746, "is_a", "AEO:0001011");
insert into ontology_definitions values (25746, 5, "EHDAA2:0004384", NULL, 1);
insert into ontology_terms values (52031, 25747, "early rhombomere 08 marginal layer", 0, 0, 0, 0);
insert into ontology_relationships values (25747, "is_a", "AEO:0001011");
insert into ontology_definitions values (25747, 5, "EHDAA2:0004385", NULL, 1);
insert into ontology_terms values (52032, 25748, "isthmus primordium marginal layer", 0, 0, 0, 0);
insert into ontology_relationships values (25748, "is_a", "AEO:0001011");
insert into ontology_definitions values (25748, 5, "EHDAA2:0004386", NULL, 1);
insert into ontology_terms values (52033, 25749, "rhombomere 03 alar plate", 0, 0, 0, 0);
insert into ontology_relationships values (25749, "is_a", "AEO:0001012");
insert into ontology_definitions values (25749, 5, "EHDAA2:0004387", NULL, 1);
insert into ontology_terms values (52034, 25750, "rhombomere 03 basal plate", 0, 0, 0, 0);
insert into ontology_relationships values (25750, "is_a", "AEO:0001012");
insert into ontology_definitions values (25750, 5, "EHDAA2:0004388", NULL, 1);
insert into ontology_terms values (52035, 25751, "rhombomere 02 alar plate", 0, 0, 0, 0);
insert into ontology_relationships values (25751, "is_a", "AEO:0001012");
insert into ontology_definitions values (25751, 5, "EHDAA2:0004389", NULL, 1);
insert into ontology_terms values (52036, 25752, "rhombomere 02 basal plate", 0, 0, 0, 0);
insert into ontology_relationships values (25752, "is_a", "AEO:0001012");
insert into ontology_definitions values (25752, 5, "EHDAA2:0004390", NULL, 1);
insert into ontology_terms values (52037, 25753, "early isthmus alar plate", 0, 0, 0, 0);
insert into ontology_relationships values (25753, "is_a", "AEO:0001012");
insert into ontology_definitions values (25753, 5, "EHDAA2:0004391", NULL, 1);
insert into ontology_terms values (52038, 25754, "early isthmus basal plate", 0, 0, 0, 0);
insert into ontology_relationships values (25754, "is_a", "AEO:0001012");
insert into ontology_definitions values (25754, 5, "EHDAA2:0004392", NULL, 1);
insert into ontology_terms values (52039, 25755, "early isthmus cerebellar primordium", 0, 0, 0, 0);
insert into ontology_relationships values (25755, "is_a", "AEO:0001008");
insert into ontology_definitions values (25755, 5, "EHDAA2:0004393", NULL, 1);
insert into ontology_terms values (52040, 25756, "pons", 0, 0, 0, 0);
insert into ontology_relationships values (25756, "is_a", "CARO:0000024");
insert into ontology_definitions values (25756, 5, "EHDAA2:0004394", NULL, 1);
insert into ontology_terms values (52041, 25757, "isthmus", 0, 0, 0, 0);
insert into ontology_relationships values (25757, "is_a", "CARO:0000055");
insert into ontology_definitions values (25757, 5, "EHDAA2:0004395", NULL, 1);
insert into ontology_terms values (52042, 25758, "isthmus floor plate", 0, 0, 0, 0);
insert into ontology_relationships values (25758, "is_a", "CARO:0000068");
insert into ontology_definitions values (25758, 5, "EHDAA2:0004396", NULL, 1);
insert into ontology_terms values (52043, 25759, "isthmus lateral wall", 0, 0, 0, 0);
insert into ontology_relationships values (25759, "is_a", "AEO:0001008");
insert into ontology_relationships values (25759, "is_a", "CARO:0000055");
insert into ontology_definitions values (25759, 5, "EHDAA2:0004397", NULL, 1);
insert into ontology_terms values (52044, 25760, "isthmus marginal layer", 0, 0, 0, 0);
insert into ontology_relationships values (25760, "is_a", "AEO:0001011");
insert into ontology_definitions values (25760, 5, "EHDAA2:0004398", NULL, 1);
insert into ontology_terms values (52045, 25761, "isthmus mantle layer", 0, 0, 0, 0);
insert into ontology_relationships values (25761, "is_a", "AEO:0001010");
insert into ontology_relationships values (25761, "is_a", "CARO:0000055");
insert into ontology_definitions values (25761, 5, "EHDAA2:0004399", NULL, 1);
insert into ontology_terms values (52046, 25762, "isthmus ventricular layer", 0, 0, 0, 0);
insert into ontology_relationships values (25762, "is_a", "AEO:0001009");
insert into ontology_definitions values (25762, 5, "EHDAA2:0004400", NULL, 1);
insert into ontology_terms values (52047, 25763, "cerebellum roof plate", 0, 0, 0, 0);
insert into ontology_relationships values (25763, "is_a", "CARO:0000073");
insert into ontology_definitions values (25763, 5, "EHDAA2:0004401", NULL, 1);
insert into ontology_terms values (52048, 25764, "isthmus basal plate", 0, 0, 0, 0);
insert into ontology_relationships values (25764, "is_a", "AEO:0001012");
insert into ontology_definitions values (25764, 5, "EHDAA2:0004402", NULL, 1);
insert into ontology_terms values (52049, 25765, "isthmus alar plate", 0, 0, 0, 0);
insert into ontology_relationships values (25765, "is_a", "AEO:0001012");
insert into ontology_definitions values (25765, 5, "EHDAA2:0004403", NULL, 1);
insert into ontology_terms values (52050, 25766, "cerebellum lateral wall", 0, 0, 0, 0);
insert into ontology_relationships values (25766, "is_a", "AEO:0001008");
insert into ontology_relationships values (25766, "is_a", "CARO:0000055");
insert into ontology_definitions values (25766, 5, "EHDAA2:0004404", NULL, 1);
insert into ontology_terms values (52051, 25767, "pons choroid plexus", 0, 0, 0, 0);
insert into ontology_relationships values (25767, "is_a", "CARO:0000055");
insert into ontology_definitions values (25767, 5, "EHDAA2:0004405", NULL, 1);
insert into ontology_terms values (52052, 25768, "pons choroid plexus capillaries", 0, 0, 0, 0);
insert into ontology_relationships values (25768, "is_a", "AEO:0000209");
insert into ontology_definitions values (25768, 5, "EHDAA2:0004406", NULL, 1);
insert into ontology_terms values (52053, 25769, "pons choroid plexus epithelium", 0, 0, 0, 0);
insert into ontology_relationships values (25769, "is_a", "CARO:0000073");
insert into ontology_definitions values (25769, 5, "EHDAA2:0004407", NULL, 1);
insert into ontology_terms values (52054, 25770, "rhombomere 04 alar plate", 0, 0, 0, 0);
insert into ontology_relationships values (25770, "is_a", "AEO:0001012");
insert into ontology_definitions values (25770, 5, "EHDAA2:0004408", NULL, 1);
insert into ontology_terms values (52055, 25771, "rhombomere 04 basal plate", 0, 0, 0, 0);
insert into ontology_relationships values (25771, "is_a", "AEO:0001012");
insert into ontology_definitions values (25771, 5, "EHDAA2:0004409", NULL, 1);
insert into ontology_terms values (52056, 25772, "rhombomere 05 alar plate", 0, 0, 0, 0);
insert into ontology_relationships values (25772, "is_a", "AEO:0001012");
insert into ontology_definitions values (25772, 5, "EHDAA2:0004410", NULL, 1);
insert into ontology_terms values (52057, 25773, "rhombomere 05 basal plate", 0, 0, 0, 0);
insert into ontology_relationships values (25773, "is_a", "AEO:0001012");
insert into ontology_definitions values (25773, 5, "EHDAA2:0004411", NULL, 1);
insert into ontology_terms values (52058, 25774, "rhombomere 06 basal plate", 0, 0, 0, 0);
insert into ontology_relationships values (25774, "is_a", "AEO:0001012");
insert into ontology_definitions values (25774, 5, "EHDAA2:0004412", NULL, 1);
insert into ontology_terms values (52059, 25775, "rhombomere 06 alar plate", 0, 0, 0, 0);
insert into ontology_relationships values (25775, "is_a", "AEO:0001012");
insert into ontology_definitions values (25775, 5, "EHDAA2:0004413", NULL, 1);
insert into ontology_terms values (52060, 25776, "rhombomere 07 basal plate", 0, 0, 0, 0);
insert into ontology_relationships values (25776, "is_a", "AEO:0001012");
insert into ontology_definitions values (25776, 5, "EHDAA2:0004414", NULL, 1);
insert into ontology_terms values (52061, 25777, "rhombomere 07 alar plate", 0, 0, 0, 0);
insert into ontology_relationships values (25777, "is_a", "AEO:0001012");
insert into ontology_definitions values (25777, 5, "EHDAA2:0004415", NULL, 1);
insert into ontology_terms values (52062, 25778, "rhombomere 08 basal plate", 0, 0, 0, 0);
insert into ontology_relationships values (25778, "is_a", "AEO:0001012");
insert into ontology_definitions values (25778, 5, "EHDAA2:0004416", NULL, 1);
insert into ontology_terms values (52063, 25779, "rhombomere 08 alar plate", 0, 0, 0, 0);
insert into ontology_relationships values (25779, "is_a", "AEO:0001012");
insert into ontology_definitions values (25779, 5, "EHDAA2:0004417", NULL, 1);
insert into ontology_terms values (52064, 25780, "neural crest", 0, 0, 0, 0);
insert into ontology_relationships values (25780, "is_a", "CARO:0000054");
insert into ontology_definitions values (25780, 5, "EHDAA2:0004419", NULL, 1);
insert into ontology_terms values (52065, 25781, "head neural crest", 0, 0, 0, 0);
insert into ontology_relationships values (25781, "is_a", "CARO:0000054");
insert into ontology_definitions values (25781, 5, "EHDAA2:0004420", NULL, 1);
insert into ontology_terms values (52066, 25782, "mesenchyme from future diencephalic neural crest", 0, 0, 0, 0);
insert into ontology_relationships values (25782, "is_a", "CARO:0000054");
insert into ontology_definitions values (25782, 5, "EHDAA2:0004421", NULL, 1);
insert into ontology_terms values (52067, 25783, "mesenchyme from rhombencephalic neural crest", 0, 0, 0, 0);
insert into ontology_relationships values (25783, "is_a", "CARO:0000054");
insert into ontology_definitions values (25783, 5, "EHDAA2:0004423", NULL, 1);
insert into ontology_terms values (52068, 25784, "future telencephalon", 0, 0, 0, 0);
insert into ontology_relationships values (25784, "is_a", "CARO:0000055");
insert into ontology_definitions values (25784, 5, "EHDAA2:0004424", NULL, 1);
insert into ontology_terms values (52069, 25785, "future telencephalon medium", 0, 0, 0, 0);
insert into ontology_relationships values (25785, "is_a", "CARO:0000055");
insert into ontology_relationships values (25785, "is_a", "CARO:0000073");
insert into ontology_definitions values (25785, 5, "EHDAA2:0004425", NULL, 1);
insert into ontology_terms values (52070, 25786, "future diencephalon D1 neuromere", 0, 0, 0, 0);
insert into ontology_relationships values (25786, "is_a", "CARO:0000055");
insert into ontology_definitions values (25786, 5, "EHDAA2:0004426", NULL, 1);
insert into ontology_terms values (52071, 25787, "future diencephalon D2 neuromere", 0, 0, 0, 0);
insert into ontology_relationships values (25787, "is_a", "CARO:0000055");
insert into ontology_definitions values (25787, 5, "EHDAA2:0004427", NULL, 1);
insert into ontology_terms values (52072, 25788, "future diencephalon D1 lateral wall", 0, 0, 0, 0);
insert into ontology_relationships values (25788, "is_a", "AEO:0001008");
insert into ontology_relationships values (25788, "is_a", "CARO:0000055");
insert into ontology_definitions values (25788, 5, "EHDAA2:0004428", NULL, 1);
insert into ontology_terms values (52073, 25789, "future diencephalon D1 chiasmatic plate", 0, 0, 0, 0);
insert into ontology_relationships values (25789, "is_a", "CARO:0000068");
insert into ontology_definitions values (25789, 5, "EHDAA2:0004429", NULL, 1);
insert into ontology_terms values (52074, 25790, "future diencephalon D1  roof plate", 0, 0, 0, 0);
insert into ontology_relationships values (25790, "is_a", "CARO:0000073");
insert into ontology_definitions values (25790, 5, "EHDAA2:0004430", NULL, 1);
insert into ontology_terms values (52075, 25791, "optic primordium", 0, 0, 0, 0);
insert into ontology_relationships values (25791, "is_a", "CARO:0000073");
insert into ontology_definitions values (25791, 5, "EHDAA2:0004431", NULL, 1);
insert into ontology_terms values (52076, 25792, "non-optic region of D1 lateral wall", 0, 0, 0, 0);
insert into ontology_relationships values (25792, "is_a", "AEO:0001008");
insert into ontology_definitions values (25792, 5, "EHDAA2:0004432", NULL, 1);
insert into ontology_terms values (52077, 25793, "optic sulcus", 0, 0, 0, 0);
insert into ontology_relationships values (25793, "is_a", "AEO:0000161");
insert into ontology_definitions values (25793, 5, "EHDAA2:0004433", NULL, 1);
insert into ontology_terms values (52078, 25794, "neurohypohysial region", 0, 0, 0, 0);
insert into ontology_relationships values (25794, "is_a", "CARO:0000068");
insert into ontology_definitions values (25794, 5, "EHDAA2:0004434", NULL, 1);
insert into ontology_terms values (52079, 25795, "early neurohypohysial region", 0, 0, 0, 0);
insert into ontology_relationships values (25795, "is_a", "CARO:0000068");
insert into ontology_definitions values (25795, 5, "EHDAA2:0004435", NULL, 1);
insert into ontology_terms values (52080, 25796, "future telencephalon medium anterior wall", 0, 0, 0, 0);
insert into ontology_relationships values (25796, "is_a", "CARO:0000073");
insert into ontology_definitions values (25796, 5, "EHDAA2:0004436", NULL, 1);
insert into ontology_terms values (52081, 25797, "future telencephalon medium floor plate", 0, 0, 0, 0);
insert into ontology_relationships values (25797, "is_a", "CARO:0000068");
insert into ontology_definitions values (25797, 5, "EHDAA2:0004437", NULL, 1);
insert into ontology_terms values (52082, 25798, "commisural plate", 0, 0, 0, 0);
insert into ontology_relationships values (25798, "is_a", "CARO:0000068");
insert into ontology_definitions values (25798, 5, "EHDAA2:0004438", NULL, 1);
insert into ontology_terms values (52083, 25799, "telencephalon medium anterior wall", 0, 0, 0, 0);
insert into ontology_relationships values (25799, "is_a", "CARO:0000073");
insert into ontology_definitions values (25799, 5, "EHDAA2:0004439", NULL, 1);
insert into ontology_terms values (52084, 25800, "ependymal fluid", 0, 0, 0, 0);
insert into ontology_relationships values (25800, "is_a", "AEO:0000188");
insert into ontology_definitions values (25800, 5, "EHDAA2:0004440", NULL, 1);
insert into ontology_terms values (52085, 25801, "cerebrospinal fluid", 0, 0, 0, 0);
insert into ontology_relationships values (25801, "is_a", "AEO:0000188");
insert into ontology_definitions values (25801, 5, "EHDAA2:0004441", NULL, 1);
insert into ontology_terms values (52086, 25802, "mesenchyme from mesencephalic neural crest", 0, 0, 0, 0);
insert into ontology_relationships values (25802, "is_a", "AEO:0001016");
insert into ontology_definitions values (25802, 5, "EHDAA2:0004442", NULL, 1);
insert into ontology_terms values (52087, 25803, "hippocampus", 0, 0, 0, 0);
insert into ontology_relationships values (25803, "is_a", "AEO:0001008");
insert into ontology_relationships values (25803, "is_a", "AEO:0001012");
insert into ontology_definitions values (25803, 5, "EHDAA2:0004443", NULL, 1);
insert into ontology_terms values (52088, 25804, "early amygdaloid body", 0, 0, 0, 0);
insert into ontology_relationships values (25804, "is_a", "AEO:0000136");
insert into ontology_definitions values (25804, 5, "EHDAA2:0004444", NULL, 1);
insert into ontology_terms values (52089, 25805, "telencephalon basal area", 0, 0, 0, 0);
insert into ontology_relationships values (25805, "is_a", "CARO:0000055");
insert into ontology_definitions values (25805, 5, "EHDAA2:0004445", NULL, 1);
insert into ontology_terms values (52090, 25806, "telencephalon basal area mantle layer", 0, 0, 0, 0);
insert into ontology_relationships values (25806, "is_a", "AEO:0001010");
insert into ontology_relationships values (25806, "is_a", "CARO:0000055");
insert into ontology_definitions values (25806, 5, "EHDAA2:0004446", NULL, 1);
insert into ontology_terms values (52091, 25807, "telencephalon basal area marginal layer", 0, 0, 0, 0);
insert into ontology_relationships values (25807, "is_a", "AEO:0001011");
insert into ontology_definitions values (25807, 5, "EHDAA2:0004447", NULL, 1);
insert into ontology_terms values (52092, 25808, "telencephalon basal area ventricular layer", 0, 0, 0, 0);
insert into ontology_relationships values (25808, "is_a", "AEO:0001009");
insert into ontology_definitions values (25808, 5, "EHDAA2:0004448", NULL, 1);
insert into ontology_terms values (52093, 25809, "lateral ventricle choroid plexus", 0, 0, 0, 0);
insert into ontology_relationships values (25809, "is_a", "CARO:0000055");
insert into ontology_definitions values (25809, 5, "EHDAA2:0004449", NULL, 1);
insert into ontology_terms values (52094, 25810, "lateral ventricle choroid plexus epithelium", 0, 0, 0, 0);
insert into ontology_relationships values (25810, "is_a", "CARO:0000070");
insert into ontology_definitions values (25810, 5, "EHDAA2:0004450", NULL, 1);
insert into ontology_terms values (52095, 25811, "lateral ventricle choroid plexus capillaries", 0, 0, 0, 0);
insert into ontology_relationships values (25811, "is_a", "AEO:0000209");
insert into ontology_definitions values (25811, 5, "EHDAA2:0004451", NULL, 1);
insert into ontology_terms values (52096, 25812, "telencephalon pia mater capillaries", 0, 0, 0, 0);
insert into ontology_relationships values (25812, "is_a", "AEO:0000209");
insert into ontology_definitions values (25812, 5, "EHDAA2:0004452", NULL, 1);
insert into ontology_terms values (52097, 25813, "primary meninx", 0, 0, 0, 0);
insert into ontology_relationships values (25813, "is_a", "CARO:0000054");
insert into ontology_definitions values (25813, 5, "EHDAA2:0004453", NULL, 1);
insert into ontology_terms values (52098, 25814, "diencephalon D1 neuromere", 0, 0, 0, 0);
insert into ontology_relationships values (25814, "is_a", "CARO:0000055");
insert into ontology_definitions values (25814, 5, "EHDAA2:0004454", NULL, 1);
insert into ontology_terms values (52099, 25815, "diencephalon D2 neuromere", 0, 0, 0, 0);
insert into ontology_relationships values (25815, "is_a", "CARO:0000055");
insert into ontology_definitions values (25815, 5, "EHDAA2:0004455", NULL, 1);
insert into ontology_terms values (52100, 25816, "diencephalon D1 lateral wall", 0, 0, 0, 0);
insert into ontology_relationships values (25816, "is_a", "AEO:0001008");
insert into ontology_relationships values (25816, "is_a", "CARO:0000055");
insert into ontology_definitions values (25816, 5, "EHDAA2:0004456", NULL, 1);
insert into ontology_terms values (52101, 25817, "diencephalon D1 roof plate", 0, 0, 0, 0);
insert into ontology_relationships values (25817, "is_a", "CARO:0000073");
insert into ontology_definitions values (25817, 5, "EHDAA2:0004457", NULL, 1);
insert into ontology_terms values (52102, 25818, "diencephalon D1 chiasmatic plate", 0, 0, 0, 0);
insert into ontology_relationships values (25818, "is_a", "CARO:0000068");
insert into ontology_definitions values (25818, 5, "EHDAA2:0004458", NULL, 1);
insert into ontology_terms values (52103, 25819, "diencephalon D2 roof plate", 0, 0, 0, 0);
insert into ontology_relationships values (25819, "is_a", "CARO:0000073");
insert into ontology_definitions values (25819, 5, "EHDAA2:0004459", NULL, 1);
insert into ontology_terms values (52104, 25820, "diencephalon D2 floor plate", 0, 0, 0, 0);
insert into ontology_relationships values (25820, "is_a", "CARO:0000068");
insert into ontology_definitions values (25820, 5, "EHDAA2:0004460", NULL, 1);
insert into ontology_terms values (52105, 25821, "future caudate nucleus", 0, 0, 0, 0);
insert into ontology_relationships values (25821, "is_a", "AEO:0000136");
insert into ontology_definitions values (25821, 5, "EHDAA2:0004461", NULL, 1);
insert into ontology_terms values (52106, 25822, "globus pallidus externus", 0, 0, 0, 0);
insert into ontology_relationships values (25822, "is_a", "AEO:0000136");
insert into ontology_definitions values (25822, 5, "EHDAA2:0004462", NULL, 1);
insert into ontology_terms values (52107, 25823, "diencephalon D2 lateral wall", 0, 0, 0, 0);
insert into ontology_relationships values (25823, "is_a", "AEO:0001008");
insert into ontology_relationships values (25823, "is_a", "CARO:0000055");
insert into ontology_definitions values (25823, 5, "EHDAA2:0004463", NULL, 1);
insert into ontology_terms values (52108, 25824, "diencephalon D1 ventricular layer", 0, 0, 0, 0);
insert into ontology_relationships values (25824, "is_a", "AEO:0001009");
insert into ontology_definitions values (25824, 5, "EHDAA2:0004464", NULL, 1);
insert into ontology_terms values (52109, 25825, "diencephalon D1 mantle layer", 0, 0, 0, 0);
insert into ontology_relationships values (25825, "is_a", "AEO:0001010");
insert into ontology_relationships values (25825, "is_a", "CARO:0000055");
insert into ontology_definitions values (25825, 5, "EHDAA2:0004465", NULL, 1);
insert into ontology_terms values (52110, 25826, "diencephalon D2 mantle layer", 0, 0, 0, 0);
insert into ontology_relationships values (25826, "is_a", "AEO:0001010");
insert into ontology_relationships values (25826, "is_a", "CARO:0000055");
insert into ontology_definitions values (25826, 5, "EHDAA2:0004466", NULL, 1);
insert into ontology_terms values (52111, 25827, "diencephalon D2 ventricular layer", 0, 0, 0, 0);
insert into ontology_relationships values (25827, "is_a", "AEO:0001009");
insert into ontology_definitions values (25827, 5, "EHDAA2:0004467", NULL, 1);
insert into ontology_terms values (52112, 25828, "hypothalamic cell cord", 0, 0, 0, 0);
insert into ontology_relationships values (25828, "is_a", "AEO:0001010");
insert into ontology_definitions values (25828, 5, "EHDAA2:0004468", NULL, 1);
insert into ontology_terms values (52113, 25829, "thalamic complex", 0, 0, 0, 0);
insert into ontology_relationships values (25829, "is_a", "CARO:0000041");
insert into ontology_definitions values (25829, 5, "EHDAA2:0004469", NULL, 1);
insert into ontology_terms values (52114, 25830, "subthalamus", 0, 0, 0, 0);
insert into ontology_relationships values (25830, "is_a", "CARO:0000055");
insert into ontology_definitions values (25830, 5, "EHDAA2:0004470", NULL, 1);
insert into ontology_terms values (52115, 25831, "ventral thalamus", 0, 0, 0, 0);
insert into ontology_relationships values (25831, "is_a", "CARO:0000055");
insert into ontology_definitions values (25831, 5, "EHDAA2:0004471", NULL, 1);
insert into ontology_terms values (52116, 25832, "synencephalon", 0, 0, 0, 0);
insert into ontology_relationships values (25832, "is_a", "CARO:0000055");
insert into ontology_definitions values (25832, 5, "EHDAA2:0004472", NULL, 1);
insert into ontology_terms values (52117, 25833, "midbrain sulcus limitans", 0, 0, 0, 0);
insert into ontology_relationships values (25833, "is_a", "AEO:0000161");
insert into ontology_definitions values (25833, 5, "EHDAA2:0004473", NULL, 1);
insert into ontology_terms values (52118, 25834, "tectum", 0, 0, 0, 0);
insert into ontology_relationships values (25834, "is_a", "CARO:0000055");
insert into ontology_definitions values (25834, 5, "EHDAA2:0004474", NULL, 1);
insert into ontology_terms values (52119, 25835, "tegmentum", 0, 0, 0, 0);
insert into ontology_relationships values (25835, "is_a", "CARO:0000055");
insert into ontology_definitions values (25835, 5, "EHDAA2:0004475", NULL, 1);
insert into ontology_terms values (52120, 25836, "tegmentum marginal layer", 0, 0, 0, 0);
insert into ontology_relationships values (25836, "is_a", "AEO:0001011");
insert into ontology_definitions values (25836, 5, "EHDAA2:0004476", NULL, 1);
insert into ontology_terms values (52121, 25837, "tegmentum ventricular layer", 0, 0, 0, 0);
insert into ontology_relationships values (25837, "is_a", "AEO:0001009");
insert into ontology_definitions values (25837, 5, "EHDAA2:0004477", NULL, 1);
insert into ontology_terms values (52122, 25838, "tegmentum mantle layer", 0, 0, 0, 0);
insert into ontology_relationships values (25838, "is_a", "AEO:0001010");
insert into ontology_relationships values (25838, "is_a", "CARO:0000055");
insert into ontology_definitions values (25838, 5, "EHDAA2:0004478", NULL, 1);
insert into ontology_terms values (52123, 25839, "tegmentum basal plate", 0, 0, 0, 0);
insert into ontology_relationships values (25839, "is_a", "AEO:0001012");
insert into ontology_definitions values (25839, 5, "EHDAA2:0004479", NULL, 1);
insert into ontology_terms values (52124, 25840, "tectum ventricular layer", 0, 0, 0, 0);
insert into ontology_relationships values (25840, "is_a", "AEO:0001009");
insert into ontology_definitions values (25840, 5, "EHDAA2:0004480", NULL, 1);
insert into ontology_terms values (52125, 25841, "tectum marginal layer", 0, 0, 0, 0);
insert into ontology_relationships values (25841, "is_a", "AEO:0001011");
insert into ontology_definitions values (25841, 5, "EHDAA2:0004481", NULL, 1);
insert into ontology_terms values (52126, 25842, "tectum mantle layer", 0, 0, 0, 0);
insert into ontology_relationships values (25842, "is_a", "AEO:0001009");
insert into ontology_relationships values (25842, "is_a", "CARO:0000055");
insert into ontology_definitions values (25842, 5, "EHDAA2:0004482", NULL, 1);
insert into ontology_terms values (52127, 25843, "tectum alar plate", 0, 0, 0, 0);
insert into ontology_relationships values (25843, "is_a", "AEO:0001012");
insert into ontology_definitions values (25843, 5, "EHDAA2:0004483", NULL, 1);
insert into ontology_terms values (52128, 25844, "tegmentum oculomotor nucleus", 0, 0, 0, 0);
insert into ontology_relationships values (25844, "is_a", "AEO:0000136");
insert into ontology_definitions values (25844, 5, "EHDAA2:0004484", NULL, 1);
insert into ontology_terms values (52129, 25845, "tectum  trigeminal sensory nucleus", 0, 0, 0, 0);
insert into ontology_relationships values (25845, "is_a", "AEO:0000136");
insert into ontology_definitions values (25845, 5, "EHDAA2:0004485", NULL, 1);
insert into ontology_terms values (52130, 25846, "tegmentum oculomotor III nerve", 0, 0, 0, 0);
insert into ontology_relationships values (25846, "is_a", "AEO:0000137");
insert into ontology_definitions values (25846, 5, "EHDAA2:0004486", NULL, 1);
insert into ontology_terms values (52131, 25847, "synencephalon mantle layer", 0, 0, 0, 0);
insert into ontology_relationships values (25847, "is_a", "AEO:0001010");
insert into ontology_relationships values (25847, "is_a", "CARO:0000055");
insert into ontology_definitions values (25847, 5, "EHDAA2:0004487", NULL, 1);
insert into ontology_terms values (52132, 25848, "synencephalon marginal layer", 0, 0, 0, 0);
insert into ontology_relationships values (25848, "is_a", "AEO:0001011");
insert into ontology_definitions values (25848, 5, "EHDAA2:0004488", NULL, 1);
insert into ontology_terms values (52133, 25849, "synencephalon ventricular layer", 0, 0, 0, 0);
insert into ontology_relationships values (25849, "is_a", "AEO:0001009");
insert into ontology_definitions values (25849, 5, "EHDAA2:0004489", NULL, 1);
insert into ontology_terms values (52134, 25850, "subthalamus mantle layer", 0, 0, 0, 0);
insert into ontology_relationships values (25850, "is_a", "AEO:0001010");
insert into ontology_relationships values (25850, "is_a", "CARO:0000055");
insert into ontology_definitions values (25850, 5, "EHDAA2:0004490", NULL, 1);
insert into ontology_terms values (52135, 25851, "subthalamus marginal layer", 0, 0, 0, 0);
insert into ontology_relationships values (25851, "is_a", "AEO:0001011");
insert into ontology_definitions values (25851, 5, "EHDAA2:0004491", NULL, 1);
insert into ontology_terms values (52136, 25852, "subthalamus ventricular layer", 0, 0, 0, 0);
insert into ontology_relationships values (25852, "is_a", "AEO:0001009");
insert into ontology_definitions values (25852, 5, "EHDAA2:0004492", NULL, 1);
insert into ontology_terms values (52137, 25853, "ventral thalamus mantle layer", 0, 0, 0, 0);
insert into ontology_relationships values (25853, "is_a", "AEO:0001010");
insert into ontology_relationships values (25853, "is_a", "CARO:0000055");
insert into ontology_definitions values (25853, 5, "EHDAA2:0004493", NULL, 1);
insert into ontology_terms values (52138, 25854, "ventral thalamus marginal layer", 0, 0, 0, 0);
insert into ontology_relationships values (25854, "is_a", "AEO:0001011");
insert into ontology_definitions values (25854, 5, "EHDAA2:0004494", NULL, 1);
insert into ontology_terms values (52139, 25855, "ventral thalamus ventricular layer", 0, 0, 0, 0);
insert into ontology_relationships values (25855, "is_a", "AEO:0001009");
insert into ontology_definitions values (25855, 5, "EHDAA2:0004495", NULL, 1);
insert into ontology_terms values (52140, 25856, "archipallium", 0, 0, 0, 0);
insert into ontology_relationships values (25856, "is_a", "CARO:0000055");
insert into ontology_definitions values (25856, 5, "EHDAA2:0004496", NULL, 1);
insert into ontology_terms values (52141, 25857, "archipallium mantle layer", 0, 0, 0, 0);
insert into ontology_relationships values (25857, "is_a", "AEO:0001010");
insert into ontology_definitions values (25857, 5, "EHDAA2:0004497", NULL, 1);
insert into ontology_terms values (52142, 25858, "archipallium ventricular layer", 0, 0, 0, 0);
insert into ontology_relationships values (25858, "is_a", "AEO:0001009");
insert into ontology_definitions values (25858, 5, "EHDAA2:0004498", NULL, 1);
insert into ontology_terms values (52143, 25859, "archipallium marginal layer", 0, 0, 0, 0);
insert into ontology_relationships values (25859, "is_a", "AEO:0001011");
insert into ontology_definitions values (25859, 5, "EHDAA2:0004499", NULL, 1);
insert into ontology_terms values (52144, 25860, "axillary sac", 0, 0, 0, 0);
insert into ontology_relationships values (25860, "is_a", "AEO:0000115");
insert into ontology_definitions values (25860, 5, "EHDAA2:0004500", NULL, 1);
insert into ontology_terms values (52145, 25861, "thoracic duct", 0, 0, 0, 0);
insert into ontology_relationships values (25861, "is_a", "AEO:0000114");
insert into ontology_definitions values (25861, 5, "EHDAA2:0004501", NULL, 1);
insert into ontology_terms values (52146, 25862, "lumbar sac", 0, 0, 0, 0);
insert into ontology_relationships values (25862, "is_a", "AEO:0000115");
insert into ontology_definitions values (25862, 5, "EHDAA2:0004502", NULL, 1);
insert into ontology_terms values (52147, 25863, "body arteries", 0, 0, 0, 0);
insert into ontology_relationships values (25863, "is_a", "CARO:0000054");
insert into ontology_definitions values (25863, 5, "EHDAA2:0004503", NULL, 1);
insert into ontology_terms values (52148, 25864, "coronary artery left", 0, 0, 0, 0);
insert into ontology_relationships values (25864, "is_a", "AEO:0000208");
insert into ontology_definitions values (25864, 5, "EHDAA2:0004504", NULL, 1);
insert into ontology_terms values (52149, 25865, "coronary artery right", 0, 0, 0, 0);
insert into ontology_relationships values (25865, "is_a", "AEO:0000208");
insert into ontology_definitions values (25865, 5, "EHDAA2:0004505", NULL, 1);
insert into ontology_terms values (52150, 25866, "haematoblasts", 0, 0, 0, 0);
insert into ontology_relationships values (25866, "is_a", "AEO:0001016");
insert into ontology_definitions values (25866, 5, "EHDAA2:0004506", NULL, 1);
insert into ontology_terms values (52151, 25867, "cardiac veins", 0, 0, 0, 0);
insert into ontology_relationships values (25867, "is_a", "CARO:0000041");
insert into ontology_definitions values (25867, 5, "EHDAA2:0004507", NULL, 1);
insert into ontology_terms values (52152, 25868, "great cardiac vein", 0, 0, 0, 0);
insert into ontology_relationships values (25868, "is_a", "AEO:0000209");
insert into ontology_definitions values (25868, 5, "EHDAA2:0004508", NULL, 1);
insert into ontology_terms values (52153, 25869, "middle cardiac vein", 0, 0, 0, 0);
insert into ontology_relationships values (25869, "is_a", "AEO:0000209");
insert into ontology_definitions values (25869, 5, "EHDAA2:0004509", NULL, 1);
insert into ontology_terms values (52154, 25870, "angioblast clusters", 0, 0, 0, 0);
insert into ontology_relationships values (25870, "is_a", "AEO:0001016");
insert into ontology_definitions values (25870, 5, "EHDAA2:0004510", NULL, 1);
insert into ontology_terms values (52155, 25871, "subepicardial vasculoplexus capillaries", 0, 0, 0, 0);
insert into ontology_relationships values (25871, "is_a", "AEO:0000209");
insert into ontology_definitions values (25871, 5, "EHDAA2:0004511", NULL, 1);
insert into ontology_terms values (52156, 25872, "aortic system", 0, 0, 0, 0);
insert into ontology_relationships values (25872, "is_a", "CARO:0000054");
insert into ontology_definitions values (25872, 5, "EHDAA2:0004512", NULL, 1);
insert into ontology_terms values (52157, 25873, "fused midline dorsal aorta", 0, 0, 0, 0);
insert into ontology_relationships values (25873, "is_a", "AEO:0000208");
insert into ontology_definitions values (25873, 5, "EHDAA2:0004513", NULL, 1);
insert into ontology_terms values (52158, 25874, "subclavian artery right", 0, 0, 0, 0);
insert into ontology_relationships values (25874, "is_a", "AEO:0000208");
insert into ontology_definitions values (25874, 5, "EHDAA2:0004514", NULL, 1);
insert into ontology_terms values (52159, 25875, "4th arch artery right", 0, 0, 0, 0);
insert into ontology_relationships values (25875, "is_a", "AEO:0000208");
insert into ontology_definitions values (25875, 5, "EHDAA2:0004515", NULL, 1);
insert into ontology_terms values (52160, 25876, "6th arch artery right", 0, 0, 0, 0);
insert into ontology_relationships values (25876, "is_a", "AEO:0000208");
insert into ontology_definitions values (25876, 5, "EHDAA2:0004516", NULL, 1);
insert into ontology_terms values (52161, 25877, "stapedial artery definitive", 0, 0, 0, 0);
insert into ontology_relationships values (25877, "is_a", "AEO:0000208");
insert into ontology_definitions values (25877, 5, "EHDAA2:0004517", NULL, 1);
insert into ontology_terms values (52162, 25878, "posterior communicating artery", 0, 0, 0, 0);
insert into ontology_relationships values (25878, "is_a", "AEO:0000208");
insert into ontology_definitions values (25878, 5, "EHDAA2:0004518", NULL, 1);
insert into ontology_terms values (52163, 25879, "coeliac trunk", 0, 0, 0, 0);
insert into ontology_relationships values (25879, "is_a", "AEO:0000208");
insert into ontology_definitions values (25879, 5, "EHDAA2:0004519", NULL, 1);
insert into ontology_terms values (52164, 25880, "vascular system", 0, 0, 0, 0);
insert into ontology_relationships values (25880, "is_a", "CARO:0000011");
insert into ontology_definitions values (25880, 5, "EHDAA2:0004520", NULL, 1);
insert into ontology_terms values (52165, 25881, "head arteries", 0, 0, 0, 0);
insert into ontology_relationships values (25881, "is_a", "CARO:0000041");
insert into ontology_definitions values (25881, 5, "EHDAA2:0004521", NULL, 1);
insert into ontology_terms values (52166, 25882, "heart associated arteries", 0, 0, 0, 0);
insert into ontology_relationships values (25882, "is_a", "CARO:0000054");
insert into ontology_definitions values (25882, 5, "EHDAA2:0004522", NULL, 1);
insert into ontology_terms values (52167, 25883, "heart associated veins", 0, 0, 0, 0);
insert into ontology_relationships values (25883, "is_a", "CARO:0000054");
insert into ontology_relationships values (25883, "is_a", "CS20");
insert into ontology_definitions values (25883, 5, "EHDAA2:0004523", NULL, 1);
insert into ontology_terms values (52168, 25884, "limb arteries", 0, 0, 0, 0);
insert into ontology_relationships values (25884, "is_a", "CARO:0000041");
insert into ontology_definitions values (25884, 5, "EHDAA2:0004524", NULL, 1);
insert into ontology_terms values (52169, 25885, "liver capillary plexus", 0, 0, 0, 0);
insert into ontology_relationships values (25885, "is_a", "AEO:0000209");
insert into ontology_definitions values (25885, 5, "EHDAA2:0004525", NULL, 1);
insert into ontology_terms values (52170, 25886, "body venous capillary plexus", 0, 0, 0, 0);
insert into ontology_relationships values (25886, "is_a", "AEO:0000209");
insert into ontology_definitions values (25886, 5, "EHDAA2:0004526", NULL, 1);
insert into ontology_terms values (52171, 25887, "limb veins", 0, 0, 0, 0);
insert into ontology_relationships values (25887, "is_a", "CARO:0000054");
insert into ontology_definitions values (25887, 5, "EHDAA2:0004527", NULL, 1);
insert into ontology_terms values (52172, 25888, "conducting muscle tissue", 0, 0, 0, 0);
insert into ontology_relationships values (25888, "is_a", "AEO:0000142");
insert into ontology_definitions values (25888, 5, "EHDAA2:0004528", NULL, 1);
insert into ontology_terms values (52173, 25889, "marginal vein of lower limb", 0, 0, 0, 0);
insert into ontology_relationships values (25889, "is_a", "AEO:0000209");
insert into ontology_definitions values (25889, 5, "EHDAA2:0004529", NULL, 1);
insert into ontology_terms values (52174, 25890, "marginal vein of upper limb", 0, 0, 0, 0);
insert into ontology_relationships values (25890, "is_a", "AEO:0000209");
insert into ontology_definitions values (25890, 5, "EHDAA2:0004530", NULL, 1);
insert into ontology_terms values (52175, 25891, "upper limb vascular plexus", 0, 0, 0, 0);
insert into ontology_relationships values (25891, "is_a", "AEO:0000209");
insert into ontology_definitions values (25891, 5, "EHDAA2:0004531", NULL, 1);
insert into ontology_terms values (52176, 25892, "lower limb vascular plexus", 0, 0, 0, 0);
insert into ontology_relationships values (25892, "is_a", "AEO:0000209");
insert into ontology_definitions values (25892, 5, "EHDAA2:0004532", NULL, 1);
insert into ontology_terms values (52177, 25893, "azygous vein", 0, 0, 0, 0);
insert into ontology_relationships values (25893, "is_a", "AEO:0000209");
insert into ontology_definitions values (25893, 5, "EHDAA2:0004533", NULL, 1);
insert into ontology_terms values (52178, 25894, "hemiazygous vein", 0, 0, 0, 0);
insert into ontology_relationships values (25894, "is_a", "AEO:0000209");
insert into ontology_definitions values (25894, 5, "EHDAA2:0004534", NULL, 1);
insert into ontology_terms values (52179, 25895, "common cardinal vein right", 0, 0, 0, 0);
insert into ontology_relationships values (25895, "is_a", "AEO:0000209");
insert into ontology_definitions values (25895, 5, "EHDAA2:0004535", NULL, 1);
insert into ontology_terms values (52180, 25896, "posterior cardinal vein right", 0, 0, 0, 0);
insert into ontology_relationships values (25896, "is_a", "AEO:0000209");
insert into ontology_definitions values (25896, 5, "EHDAA2:0004536", NULL, 1);
insert into ontology_terms values (52181, 25897, "precardinal vein right", 0, 0, 0, 0);
insert into ontology_relationships values (25897, "is_a", "AEO:0000209");
insert into ontology_definitions values (25897, 5, "EHDAA2:0004537", NULL, 1);
insert into ontology_terms values (52182, 25898, "subcardinal vein right", 0, 0, 0, 0);
insert into ontology_relationships values (25898, "is_a", "AEO:0000209");
insert into ontology_definitions values (25898, 5, "EHDAA2:0004538", NULL, 1);
insert into ontology_terms values (52183, 25899, "supracardinal vein right", 0, 0, 0, 0);
insert into ontology_relationships values (25899, "is_a", "AEO:0000209");
insert into ontology_definitions values (25899, 5, "EHDAA2:0004539", NULL, 1);
insert into ontology_terms values (52184, 25900, "embryonic venous capillary plexus", 0, 0, 0, 0);
insert into ontology_relationships values (25900, "is_a", "AEO:0000209");
insert into ontology_definitions values (25900, 5, "EHDAA2:0004540", NULL, 1);
insert into ontology_terms values (52185, 25901, "head and neck venous capillary plexus", 0, 0, 0, 0);
insert into ontology_relationships values (25901, "is_a", "AEO:0000209");
insert into ontology_definitions values (25901, 5, "EHDAA2:0004541", NULL, 1);
insert into ontology_terms values (52186, 25902, "head and neck veins", 0, 0, 0, 0);
insert into ontology_relationships values (25902, "is_a", "CARO:0000054");
insert into ontology_definitions values (25902, 5, "EHDAA2:0004542", NULL, 1);
insert into ontology_terms values (52187, 25903, "body veins", 0, 0, 0, 0);
insert into ontology_relationships values (25903, "is_a", "CARO:0000054");
insert into ontology_definitions values (25903, 5, "EHDAA2:0004543", NULL, 1);
insert into ontology_terms values (52188, 25904, "right ventricle papillary muscles", 0, 0, 0, 0);
insert into ontology_relationships values (25904, "is_a", "AEO:0000142");
insert into ontology_definitions values (25904, 5, "EHDAA2:0004544", NULL, 1);
insert into ontology_terms values (52189, 25905, "right ventricle chordae tendinae", 0, 0, 0, 0);
insert into ontology_relationships values (25905, "is_a", "AEO:0000081");
insert into ontology_definitions values (25905, 5, "EHDAA2:0004545", NULL, 1);
insert into ontology_terms values (52190, 25906, "zygote", 0, 0, 0, 0);
insert into ontology_relationships values (25906, "is_a", "AEO:0000013");
insert into ontology_definitions values (25906, 5, "EHDAA2:0004546", NULL, 1);
insert into ontology_terms values (52191, 25907, "third polar body", 0, 0, 0, 0);
insert into ontology_relationships values (25907, "is_a", "CARO:0000042");
insert into ontology_definitions values (25907, 5, "EHDAA2:0004547", NULL, 1);
insert into ontology_terms values (52192, 25908, "nasal fin", 0, 0, 0, 0);
insert into ontology_relationships values (25908, "is_a", "CARO:0000055");
insert into ontology_definitions values (25908, 5, "EHDAA2:0004548", NULL, 1);
insert into ontology_terms values (52193, 25909, "oroonasal membrane respiratory epithelium", 0, 0, 0, 0);
insert into ontology_relationships values (25909, "is_a", "CARO:0000070");
insert into ontology_definitions values (25909, 5, "EHDAA2:0004549", NULL, 1);
insert into ontology_terms values (52194, 25910, "oroonasal membrane oral epithelium", 0, 0, 0, 0);
insert into ontology_relationships values (25910, "is_a", "CARO:0000070");
insert into ontology_definitions values (25910, 5, "EHDAA2:0004550", NULL, 1);
insert into ontology_terms values (52195, 25911, "nasal fin oral epithelium", 0, 0, 0, 0);
insert into ontology_relationships values (25911, "is_a", "CARO:0000073");
insert into ontology_definitions values (25911, 5, "EHDAA2:0004551", NULL, 1);
insert into ontology_terms values (52196, 25912, "nasal fin respiratory epithelium", 0, 0, 0, 0);
insert into ontology_relationships values (25912, "is_a", "CARO:0000073");
insert into ontology_definitions values (25912, 5, "EHDAA2:0004552", NULL, 1);
insert into ontology_terms values (52197, 25913, "laryngopharyngeal cavity", 0, 0, 0, 0);
insert into ontology_relationships values (25913, "is_a", "AEO:0000221");
insert into ontology_definitions values (25913, 5, "EHDAA2:0004553", NULL, 1);
insert into ontology_terms values (52198, 25914, "lesser sac", 0, 0, 0, 0);
insert into ontology_relationships values (25914, "is_a", "CARO:0000055");
insert into ontology_definitions values (25914, 5, "EHDAA2:0004554", NULL, 1);
insert into ontology_terms values (52199, 25915, "nasopharyngeal cavity", 0, 0, 0, 0);
insert into ontology_relationships values (25915, "is_a", "AEO:0000215");
insert into ontology_definitions values (25915, 5, "EHDAA2:0004555", NULL, 1);
insert into ontology_terms values (52200, 25916, "oropharyngeal cavity", 0, 0, 0, 0);
insert into ontology_relationships values (25916, "is_a", "AEO:0000215");
insert into ontology_definitions values (25916, 5, "EHDAA2:0004556", NULL, 1);
insert into ontology_terms values (52201, 25917, "lesser sac lining", 0, 0, 0, 0);
insert into ontology_relationships values (25917, "is_a", "AEO:0000111");
insert into ontology_definitions values (25917, 5, "EHDAA2:0004557", NULL, 1);
insert into ontology_terms values (52202, 25918, "lesser sac cavity", 0, 0, 0, 0);
insert into ontology_relationships values (25918, "is_a", "AEO:0000215");
insert into ontology_definitions values (25918, 5, "EHDAA2:0004558", NULL, 1);
insert into ontology_terms values (52203, 25919, "gut mesothelium", 0, 0, 0, 0);
insert into ontology_relationships values (25919, "is_a", "CARO:0000041");
insert into ontology_definitions values (25919, 5, "EHDAA2:0004559", NULL, 1);
insert into ontology_terms values (52204, 25920, "dorsal mesentery", 0, 0, 0, 0);
insert into ontology_relationships values (25920, "is_a", "CARO:0000055");
insert into ontology_definitions values (25920, 5, "EHDAA2:0004560", NULL, 1);
insert into ontology_terms values (52205, 25921, "appendix epithelium", 0, 0, 0, 0);
insert into ontology_relationships values (25921, "is_a", "AEO:0000115");
insert into ontology_definitions values (25921, 5, "EHDAA2:0004561", NULL, 1);
insert into ontology_terms values (52206, 25922, "appendix associated mesenchyme", 0, 0, 0, 0);
insert into ontology_relationships values (25922, "is_a", "AEO:0000146");
insert into ontology_definitions values (25922, 5, "EHDAA2:0004562", NULL, 1);
insert into ontology_terms values (52207, 25923, "early midgut region", 0, 0, 0, 0);
insert into ontology_relationships values (25923, "is_a", "AEO:0000210");
insert into ontology_definitions values (25923, 5, "EHDAA2:0004563", NULL, 1);
insert into ontology_terms values (52208, 25924, "midgut part of future large intestine", 0, 0, 0, 0);
insert into ontology_relationships values (25924, "is_a", "CARO:0000055");
insert into ontology_definitions values (25924, 5, "EHDAA2:0004564", NULL, 1);
insert into ontology_terms values (52209, 25925, "gut tissues", 0, 0, 0, 0);
insert into ontology_relationships values (25925, "is_a", "CARO:0000041");
insert into ontology_definitions values (25925, 5, "EHDAA2:0004565", NULL, 1);
insert into ontology_terms values (52210, 25926, "gut mesentery", 0, 0, 0, 0);
insert into ontology_relationships values (25926, "is_a", "CARO:0000041");
insert into ontology_definitions values (25926, 5, "EHDAA2:0004566", NULL, 1);
insert into ontology_terms values (52211, 25927, "gut epithelium", 0, 0, 0, 0);
insert into ontology_relationships values (25927, "is_a", "CARO:0000041");
insert into ontology_definitions values (25927, 5, "EHDAA2:0004567", NULL, 1);
insert into ontology_terms values (52212, 25928, "early foregut endoderm", 0, 0, 0, 0);
insert into ontology_relationships values (25928, "is_a", "CARO:0000073");
insert into ontology_definitions values (25928, 5, "EHDAA2:0004568", NULL, 1);
insert into ontology_terms values (52213, 25929, "ventral mesentery", 0, 0, 0, 0);
insert into ontology_relationships values (25929, "is_a", "CARO:0000055");
insert into ontology_definitions values (25929, 5, "EHDAA2:0004569", NULL, 1);
insert into ontology_terms values (52214, 25930, "laryngopharynx associated mesenchyme", 0, 0, 0, 0);
insert into ontology_relationships values (25930, "is_a", "AEO:0000146");
insert into ontology_definitions values (25930, 5, "EHDAA2:0004571", NULL, 1);
insert into ontology_terms values (52215, 25931, "lienorenal ligament", 0, 0, 0, 0);
insert into ontology_relationships values (25931, "is_a", "AEO:0000151");
insert into ontology_definitions values (25931, 5, "EHDAA2:0004572", NULL, 1);
insert into ontology_terms values (52216, 25932, "foregut mesothelium", 0, 0, 0, 0);
insert into ontology_relationships values (25932, "is_a", "AEO:0000111");
insert into ontology_definitions values (25932, 5, "EHDAA2:0004573", NULL, 1);
insert into ontology_terms values (52217, 25933, "laryngopharynx", 0, 0, 0, 0);
insert into ontology_relationships values (25933, "is_a", "CARO:0000055");
insert into ontology_definitions values (25933, 5, "EHDAA2:0004574", NULL, 1);
insert into ontology_terms values (52218, 25934, "laryngopharynx epithelium", 0, 0, 0, 0);
insert into ontology_relationships values (25934, "is_a", "CARO:0000073");
insert into ontology_definitions values (25934, 5, "EHDAA2:0004575", NULL, 1);
insert into ontology_terms values (52219, 25935, "midgut mesothelium", 0, 0, 0, 0);
insert into ontology_relationships values (25935, "is_a", "AEO:0000111");
insert into ontology_definitions values (25935, 5, "EHDAA2:0004576", NULL, 1);
insert into ontology_terms values (52220, 25936, "midgut part of future large intestine epithelium", 0, 0, 0, 0);
insert into ontology_relationships values (25936, "is_a", "AEO:0000114");
insert into ontology_definitions values (25936, 5, "EHDAA2:0004577", NULL, 1);
insert into ontology_terms values (52221, 25937, "midgut part of future large intestine associated mesenchyme", 0, 0, 0, 0);
insert into ontology_relationships values (25937, "is_a", "AEO:0000146");
insert into ontology_definitions values (25937, 5, "EHDAA2:0004578", NULL, 1);
insert into ontology_terms values (52222, 25938, "midgut part of future large intestine mesentery", 0, 0, 0, 0);
insert into ontology_relationships values (25938, "is_a", "AEO:0000151");
insert into ontology_definitions values (25938, 5, "EHDAA2:0004579", NULL, 1);
insert into ontology_terms values (52223, 25939, "coecum mesentery", 0, 0, 0, 0);
insert into ontology_relationships values (25939, "is_a", "AEO:0000151");
insert into ontology_definitions values (25939, 5, "EHDAA2:0004580", NULL, 1);
insert into ontology_terms values (52224, 25940, "future jejunum & ileum mesentery", 0, 0, 0, 0);
insert into ontology_relationships values (25940, "is_a", "AEO:0000151");
insert into ontology_definitions values (25940, 5, "EHDAA2:0004581", NULL, 1);
insert into ontology_terms values (52225, 25941, "early hindgut", 0, 0, 0, 0);
insert into ontology_relationships values (25941, "is_a", "CARO:0000055");
insert into ontology_definitions values (25941, 5, "EHDAA2:0004582", NULL, 1);
insert into ontology_terms values (52226, 25942, "foregut dorsal mesentery", 0, 0, 0, 0);
insert into ontology_relationships values (25942, "is_a", "AEO:0000210");
insert into ontology_definitions values (25942, 5, "EHDAA2:0004583", NULL, 1);
insert into ontology_terms values (52227, 25943, "hindgut mesothelium", 0, 0, 0, 0);
insert into ontology_relationships values (25943, "is_a", "AEO:0000111");
insert into ontology_definitions values (25943, 5, "EHDAA2:0004584", NULL, 1);
insert into ontology_terms values (52228, 25944, "cloacal epithelium", 0, 0, 0, 0);
insert into ontology_relationships values (25944, "is_a", "CARO:0000073");
insert into ontology_definitions values (25944, 5, "EHDAA2:0004585", NULL, 1);
insert into ontology_terms values (52229, 25945, "cloacal lumen", 0, 0, 0, 0);
insert into ontology_relationships values (25945, "is_a", "AEO:0000221");
insert into ontology_definitions values (25945, 5, "EHDAA2:0004586", NULL, 1);
insert into ontology_terms values (52230, 25946, "rectal lumen", 0, 0, 0, 0);
insert into ontology_relationships values (25946, "is_a", "AEO:0000221");
insert into ontology_definitions values (25946, 5, "EHDAA2:0004587", NULL, 1);
insert into ontology_terms values (52231, 25947, "internal anal region", 0, 0, 0, 0);
insert into ontology_relationships values (25947, "is_a", "CARO:0000041");
insert into ontology_definitions values (25947, 5, "EHDAA2:0004588", NULL, 1);
insert into ontology_terms values (52232, 25948, "external anal region", 0, 0, 0, 0);
insert into ontology_relationships values (25948, "is_a", "CARO:0000041");
insert into ontology_definitions values (25948, 5, "EHDAA2:0004589", NULL, 1);
insert into ontology_terms values (52233, 25949, "anal region membranes", 0, 0, 0, 0);
insert into ontology_relationships values (25949, "is_a", "CARO:0000041");
insert into ontology_definitions values (25949, 5, "EHDAA2:0004590", NULL, 1);
insert into ontology_terms values (52234, 25950, "internal anal region mesenchyme", 0, 0, 0, 0);
insert into ontology_relationships values (25950, "is_a", "AEO:0000146");
insert into ontology_definitions values (25950, 5, "EHDAA2:0004591", NULL, 1);
insert into ontology_terms values (52235, 25951, "external anal region surface ectoderm", 0, 0, 0, 0);
insert into ontology_relationships values (25951, "is_a", "CARO:0000041");
insert into ontology_definitions values (25951, 5, "EHDAA2:0004592", NULL, 1);
insert into ontology_terms values (52236, 25952, "rest of external anal region surface ectoderm", 0, 0, 0, 0);
insert into ontology_relationships values (25952, "is_a", "CARO:0000073");
insert into ontology_definitions values (25952, 5, "EHDAA2:0004593", NULL, 1);
insert into ontology_terms values (52237, 25953, "peri-arterial mesenchyme", 0, 0, 0, 0);
insert into ontology_relationships values (25953, "is_a", "AEO:0000146");
insert into ontology_definitions values (25953, 5, "EHDAA2:0004594", NULL, 1);
insert into ontology_terms values (52238, 25954, "thyroid mesenchyme", 0, 0, 0, 0);
insert into ontology_relationships values (25954, "is_a", "AEO:0000146");
insert into ontology_definitions values (25954, 5, "EHDAA2:0004595", NULL, 1);
insert into ontology_terms values (52239, 25955, "membranous interventricular septum", 0, 0, 0, 0);
insert into ontology_relationships values (25955, "is_a", "CARO:0000055");
insert into ontology_definitions values (25955, 5, "EHDAA2:0004596", NULL, 1);
insert into ontology_terms values (52240, 25956, "membranous interventricular septum mesenchyme", 0, 0, 0, 0);
insert into ontology_relationships values (25956, "is_a", "AEO:0000146");
insert into ontology_definitions values (25956, 5, "EHDAA2:0004597", NULL, 1);
insert into ontology_terms values (52241, 25957, "tongue epithelium", 0, 0, 0, 0);
insert into ontology_relationships values (25957, "is_a", "CARO:0000073");
insert into ontology_definitions values (25957, 5, "EHDAA2:0004598", NULL, 1);
insert into ontology_terms values (52242, 25958, "maxillary process ectoderm", 0, 0, 0, 0);
insert into ontology_relationships values (25958, "is_a", "CARO:0000073");
insert into ontology_definitions values (25958, 5, "EHDAA2:0004599", NULL, 1);
insert into ontology_terms values (52243, 25959, "mandibular process ectoderm", 0, 0, 0, 0);
insert into ontology_relationships values (25959, "is_a", "CARO:0000073");
insert into ontology_definitions values (25959, 5, "EHDAA2:0004600", NULL, 1);
insert into ontology_terms values (52244, 25960, "maxillary process mesenchyme from neural crest", 0, 0, 0, 0);
insert into ontology_relationships values (25960, "is_a", "AEO:0000145");
insert into ontology_definitions values (25960, 5, "EHDAA2:0004601", NULL, 1);
insert into ontology_terms values (52245, 25961, "maxillary process mesenchyme from head mesenchyme", 0, 0, 0, 0);
insert into ontology_relationships values (25961, "is_a", "AEO:0000145");
insert into ontology_definitions values (25961, 5, "EHDAA2:0004602", NULL, 1);
insert into ontology_terms values (52246, 25962, "mandibular process mesenchyme from neural crest", 0, 0, 0, 0);
insert into ontology_relationships values (25962, "is_a", "AEO:0000145");
insert into ontology_definitions values (25962, 5, "EHDAA2:0004603", NULL, 1);
insert into ontology_terms values (52247, 25963, "mandibular process mesenchyme from head mesenchyme", 0, 0, 0, 0);
insert into ontology_relationships values (25963, "is_a", "AEO:0000145");
insert into ontology_definitions values (25963, 5, "EHDAA2:0004604", NULL, 1);
insert into ontology_terms values (52248, 25964, "lower jaw skeleton", 0, 0, 0, 0);
insert into ontology_relationships values (25964, "is_a", "CARO:0000041");
insert into ontology_definitions values (25964, 5, "EHDAA2:0004606", NULL, 1);
insert into ontology_terms values (52249, 25965, "upper jaw region", 0, 0, 0, 0);
insert into ontology_relationships values (25965, "is_a", "CARO:0000041");
insert into ontology_definitions values (25965, 5, "EHDAA2:0004607", NULL, 1);
insert into ontology_terms values (52250, 25966, "primary palate bone", 0, 0, 0, 0);
insert into ontology_relationships values (25966, "is_a", "AEO:0000085");
insert into ontology_definitions values (25966, 5, "EHDAA2:0004608", NULL, 1);
insert into ontology_terms values (52251, 25967, "primary palate epithelium", 0, 0, 0, 0);
insert into ontology_relationships values (25967, "is_a", "CARO:0000073");
insert into ontology_definitions values (25967, 5, "EHDAA2:0004609", NULL, 1);
insert into ontology_terms values (52252, 25968, "hypoglossal cord", 0, 0, 0, 0);
insert into ontology_relationships values (25968, "is_a", "AEO:0000140");
insert into ontology_definitions values (25968, 5, "EHDAA2:0004610", NULL, 1);
insert into ontology_terms values (52253, 25969, "copula", 0, 0, 0, 0);
insert into ontology_relationships values (25969, "is_a", "AEO:0000205");
insert into ontology_definitions values (25969, 5, "EHDAA2:0004611", NULL, 1);
insert into ontology_terms values (52254, 25970, "copula epithelium", 0, 0, 0, 0);
insert into ontology_relationships values (25970, "is_a", "CARO:0000073");
insert into ontology_definitions values (25970, 5, "EHDAA2:0004612", NULL, 1);
insert into ontology_terms values (52255, 25971, "copula associared mesenchyme", 0, 0, 0, 0);
insert into ontology_relationships values (25971, "is_a", "AEO:0000146");
insert into ontology_definitions values (25971, 5, "EHDAA2:0004613", NULL, 1);
insert into ontology_terms values (52256, 25972, "tongue mesenchyme", 0, 0, 0, 0);
insert into ontology_relationships values (25972, "is_a", "AEO:0000146");
insert into ontology_definitions values (25972, 5, "EHDAA2:0004614", NULL, 1);
insert into ontology_terms values (52257, 25973, "haemolymphoid system", 0, 0, 0, 0);
insert into ontology_relationships values (25973, "is_a", "CARO:0000011");
insert into ontology_definitions values (25973, 5, "EHDAA2:0004615", NULL, 1);
insert into ontology_terms values (52258, 25974, "pharyngeal arch endoderm", 0, 0, 0, 0);
insert into ontology_relationships values (25974, "is_a", "CARO:0000041");
insert into ontology_definitions values (25974, 5, "EHDAA2:0004621", NULL, 1);
insert into ontology_terms values (52259, 25975, "nodose ganglion", 0, 0, 0, 0);
insert into ontology_relationships values (25975, "is_a", "AEO:0000135");
insert into ontology_definitions values (25975, 5, "EHDAA2:0004622", NULL, 1);
insert into ontology_terms values (52260, 25976, "geniculate ganglion", 0, 0, 0, 0);
insert into ontology_relationships values (25976, "is_a", "AEO:0000135");
insert into ontology_definitions values (25976, 5, "EHDAA2:0004623", NULL, 1);
insert into ontology_terms values (52261, 25977, "accessory XI ganglion", 0, 0, 0, 0);
insert into ontology_relationships values (25977, "is_a", "AEO:0000135");
insert into ontology_definitions values (25977, 5, "EHDAA2:0004625", NULL, 1);
insert into ontology_terms values (52262, 25978, "trigeminal nucleus group", 0, 0, 0, 0);
insert into ontology_relationships values (25978, "is_a", "CARO:0000054");
insert into ontology_definitions values (25978, 5, "EHDAA2:0004626", NULL, 1);
insert into ontology_terms values (52263, 25979, "midbrain trigeminal sensory nucleus", 0, 0, 0, 0);
insert into ontology_relationships values (25979, "is_a", "AEO:0000136");
insert into ontology_definitions values (25979, 5, "EHDAA2:0004627", NULL, 1);
insert into ontology_terms values (52264, 25980, "trigeminal pontine sensory nucleus", 0, 0, 0, 0);
insert into ontology_relationships values (25980, "is_a", "AEO:0000136");
insert into ontology_definitions values (25980, 5, "EHDAA2:0004628", NULL, 1);
insert into ontology_terms values (52265, 25981, "trigeminal medullary sensory nucleus", 0, 0, 0, 0);
insert into ontology_relationships values (25981, "is_a", "AEO:0000136");
insert into ontology_definitions values (25981, 5, "EHDAA2:0004629", NULL, 1);
insert into ontology_terms values (52266, 25982, "trigeminal pontine motor nucleus", 0, 0, 0, 0);
insert into ontology_relationships values (25982, "is_a", "AEO:0000136");
insert into ontology_definitions values (25982, 5, "EHDAA2:0004630", NULL, 1);
insert into ontology_terms values (52267, 25983, "early trigeminal pontine motor nucleus", 0, 0, 0, 0);
insert into ontology_relationships values (25983, "is_a", "AEO:0000136");
insert into ontology_definitions values (25983, 5, "EHDAA2:0004631", NULL, 1);
insert into ontology_terms values (52268, 25984, "early trigeminal pontine sensory nucleus", 0, 0, 0, 0);
insert into ontology_relationships values (25984, "is_a", "AEO:0000136");
insert into ontology_definitions values (25984, 5, "EHDAA2:0004632", NULL, 1);
insert into ontology_terms values (52269, 25985, "early trigeminal myelencephalon sensory nucleus", 0, 0, 0, 0);
insert into ontology_relationships values (25985, "is_a", "AEO:0000136");
insert into ontology_definitions values (25985, 5, "EHDAA2:0004633", NULL, 1);
insert into ontology_terms values (52270, 25986, "trigeminal myelencephalon sensory nucleus", 0, 0, 0, 0);
insert into ontology_relationships values (25986, "is_a", "AEO:0000136");
insert into ontology_definitions values (25986, 5, "EHDAA2:0004634", NULL, 1);
insert into ontology_terms values (52271, 25987, "hypoglossal XII nucleus", 0, 0, 0, 0);
insert into ontology_relationships values (25987, "is_a", "AEO:0000136");
insert into ontology_definitions values (25987, 5, "EHDAA2:0004635", NULL, 1);
insert into ontology_terms values (52272, 25988, "early hypoglossal nucleus", 0, 0, 0, 0);
insert into ontology_relationships values (25988, "is_a", "AEO:0000136");
insert into ontology_definitions values (25988, 5, "EHDAA2:0004636", NULL, 1);
insert into ontology_terms values (52273, 25989, "myelencephalon hypoglossal XII nucleus", 0, 0, 0, 0);
insert into ontology_relationships values (25989, "is_a", "AEO:0000136");
insert into ontology_definitions values (25989, 5, "EHDAA2:0004637", NULL, 1);
insert into ontology_terms values (52274, 25990, "facial nucleus", 0, 0, 0, 0);
insert into ontology_relationships values (25990, "is_a", "AEO:0000136");
insert into ontology_definitions values (25990, 5, "EHDAA2:0004638", NULL, 1);
insert into ontology_terms values (52275, 25991, "future facial nucleus", 0, 0, 0, 0);
insert into ontology_relationships values (25991, "is_a", "AEO:0000136");
insert into ontology_definitions values (25991, 5, "EHDAA2:0004639", NULL, 1);
insert into ontology_terms values (52276, 25992, "early facial nucleus", 0, 0, 0, 0);
insert into ontology_relationships values (25992, "is_a", "AEO:0000136");
insert into ontology_definitions values (25992, 5, "EHDAA2:0004640", NULL, 1);
insert into ontology_terms values (52277, 25993, "inferior salivatory nucleus", 0, 0, 0, 0);
insert into ontology_relationships values (25993, "is_a", "AEO:0000136");
insert into ontology_definitions values (25993, 5, "EHDAA2:0004641", NULL, 1);
insert into ontology_terms values (52278, 25994, "early inferior salivatory nucleus", 0, 0, 0, 0);
insert into ontology_relationships values (25994, "is_a", "AEO:0000136");
insert into ontology_definitions values (25994, 5, "EHDAA2:0004642", NULL, 1);
insert into ontology_terms values (52279, 25995, "future inferior salivatory nucleus", 0, 0, 0, 0);
insert into ontology_relationships values (25995, "is_a", "AEO:0000136");
insert into ontology_definitions values (25995, 5, "EHDAA2:0004643", NULL, 1);
insert into ontology_terms values (52280, 25996, "future superior salivatory nucleus", 0, 0, 0, 0);
insert into ontology_relationships values (25996, "is_a", "AEO:0000136");
insert into ontology_definitions values (25996, 5, "EHDAA2:0004644", NULL, 1);
insert into ontology_terms values (52281, 25997, "early superior salivatory nucleus", 0, 0, 0, 0);
insert into ontology_relationships values (25997, "is_a", "AEO:0000136");
insert into ontology_definitions values (25997, 5, "EHDAA2:0004645", NULL, 1);
insert into ontology_terms values (52282, 25998, "superior salivatory nucleus", 0, 0, 0, 0);
insert into ontology_relationships values (25998, "is_a", "AEO:0000136");
insert into ontology_definitions values (25998, 5, "EHDAA2:0004646", NULL, 1);
insert into ontology_terms values (52283, 25999, "future nucleus ambiguus", 0, 0, 0, 0);
insert into ontology_relationships values (25999, "is_a", "AEO:0000136");
insert into ontology_definitions values (25999, 5, "EHDAA2:0004647", NULL, 1);
insert into ontology_terms values (52284, 26000, "superior jugular ganglion", 0, 0, 0, 0);
insert into ontology_relationships values (26000, "is_a", "AEO:0000135");
insert into ontology_definitions values (26000, 5, "EHDAA2:0004648", NULL, 1);
insert into ontology_terms values (52285, 26001, "dorsal motor nucleus of vagus", 0, 0, 0, 0);
insert into ontology_relationships values (26001, "is_a", "AEO:0000136");
insert into ontology_definitions values (26001, 5, "EHDAA2:0004649", NULL, 1);
insert into ontology_terms values (52286, 26002, "future dorsal motor nucleus of vagus", 0, 0, 0, 0);
insert into ontology_relationships values (26002, "is_a", "AEO:0000136");
insert into ontology_definitions values (26002, 5, "EHDAA2:0004650", NULL, 1);
insert into ontology_terms values (52287, 26003, "early dorsal motor nucleus of vagus", 0, 0, 0, 0);
insert into ontology_relationships values (26003, "is_a", "AEO:0000136");
insert into ontology_definitions values (26003, 5, "EHDAA2:0004651", NULL, 1);
insert into ontology_terms values (52288, 26004, "myelencephalon dorsal motor nucleus of vagus", 0, 0, 0, 0);
insert into ontology_relationships values (26004, "is_a", "AEO:0000136");
insert into ontology_definitions values (26004, 5, "EHDAA2:0004652", NULL, 1);
insert into ontology_terms values (52289, 26005, "meninges", 0, 0, 0, 0);
insert into ontology_relationships values (26005, "is_a", "CARO:0000054");
insert into ontology_relationships values (26005, "is_a", "CARO:0000055");
insert into ontology_definitions values (26005, 5, "EHDAA2:0004661", NULL, 1);
insert into ontology_terms values (52290, 26006, "neopallium", 0, 0, 0, 0);
insert into ontology_relationships values (26006, "is_a", "CARO:0000055");
insert into ontology_definitions values (26006, 5, "EHDAA2:0004662", NULL, 1);
insert into ontology_terms values (52291, 26007, "paleopallium", 0, 0, 0, 0);
insert into ontology_relationships values (26007, "is_a", "CARO:0000055");
insert into ontology_definitions values (26007, 5, "EHDAA2:0004663", NULL, 1);
insert into ontology_terms values (52292, 26008, "neopallium mantle layer", 0, 0, 0, 0);
insert into ontology_relationships values (26008, "is_a", "AEO:0001010");
insert into ontology_definitions values (26008, 5, "EHDAA2:0004664", NULL, 1);
insert into ontology_terms values (52293, 26009, "neopallium ventricular layer", 0, 0, 0, 0);
insert into ontology_relationships values (26009, "is_a", "AEO:0001009");
insert into ontology_definitions values (26009, 5, "EHDAA2:0004665", NULL, 1);
insert into ontology_terms values (52294, 26010, "neopallium marginal layer", 0, 0, 0, 0);
insert into ontology_relationships values (26010, "is_a", "AEO:0001011");
insert into ontology_definitions values (26010, 5, "EHDAA2:0004666", NULL, 1);
insert into ontology_terms values (52295, 26011, "epithalamus marginal layer", 0, 0, 0, 0);
insert into ontology_relationships values (26011, "is_a", "AEO:0001011");
insert into ontology_definitions values (26011, 5, "EHDAA2:0004667", NULL, 1);
insert into ontology_terms values (52296, 26012, "neural tube floor plate", 0, 0, 0, 0);
insert into ontology_relationships values (26012, "is_a", "CARO:0000068");
insert into ontology_definitions values (26012, 5, "EHDAA2:0004668", NULL, 1);
insert into ontology_terms values (52297, 26013, "neural tube lateral wall", 0, 0, 0, 0);
insert into ontology_relationships values (26013, "is_a", "AEO:0001008");
insert into ontology_definitions values (26013, 5, "EHDAA2:0004669", NULL, 1);
insert into ontology_terms values (52298, 26014, "brain arterial system", 0, 0, 0, 0);
insert into ontology_relationships values (26014, "is_a", "CARO:0000041");
insert into ontology_definitions values (26014, 5, "EHDAA2:0004700", NULL, 1);
insert into ontology_terms values (52299, 26015, "olfactory tubercle", 0, 0, 0, 0);
insert into ontology_relationships values (26015, "is_a", "AEO:0000136");
insert into ontology_definitions values (26015, 5, "EHDAA2:0004701", NULL, 1);
insert into ontology_terms values (52300, 26016, "olfactory bulb mantle layer", 0, 0, 0, 0);
insert into ontology_relationships values (26016, "is_a", "AEO:0001010");
insert into ontology_definitions values (26016, 5, "EHDAA2:0004702", NULL, 1);
insert into ontology_terms values (52301, 26017, "olfactory bulb marginal layer", 0, 0, 0, 0);
insert into ontology_relationships values (26017, "is_a", "AEO:0001011");
insert into ontology_definitions values (26017, 5, "EHDAA2:0004703", NULL, 1);
insert into ontology_terms values (52302, 26018, "olfactory bulb ventricular layer", 0, 0, 0, 0);
insert into ontology_relationships values (26018, "is_a", "AEO:0001009");
insert into ontology_relationships values (26018, "is_a", "CARO:0000055");
insert into ontology_definitions values (26018, 5, "EHDAA2:0004704", NULL, 1);
insert into ontology_terms values (52303, 26019, "olfactory bulb", 0, 0, 0, 0);
insert into ontology_relationships values (26019, "is_a", "CARO:0000055");
insert into ontology_definitions values (26019, 5, "EHDAA2:0004705", NULL, 1);
insert into ontology_terms values (52304, 26020, "red nucleus", 0, 0, 0, 0);
insert into ontology_relationships values (26020, "is_a", "AEO:0000136");
insert into ontology_definitions values (26020, 5, "EHDAA2:0004706", NULL, 1);
insert into ontology_terms values (52305, 26021, "nucleus accumbens", 0, 0, 0, 0);
insert into ontology_relationships values (26021, "is_a", "AEO:0000136");
insert into ontology_definitions values (26021, 5, "EHDAA2:0004707", NULL, 1);
insert into ontology_terms values (52306, 26022, "nucleus of the diagonal band", 0, 0, 0, 0);
insert into ontology_relationships values (26022, "is_a", "AEO:0000136");
insert into ontology_definitions values (26022, 5, "EHDAA2:0004708", NULL, 1);
insert into ontology_terms values (52307, 26023, "septal nucleus", 0, 0, 0, 0);
insert into ontology_relationships values (26023, "is_a", "AEO:0000136");
insert into ontology_definitions values (26023, 5, "EHDAA2:0004709", NULL, 1);
insert into ontology_terms values (52308, 26024, "habenular nucleus", 0, 0, 0, 0);
insert into ontology_relationships values (26024, "is_a", "AEO:0000136");
insert into ontology_definitions values (26024, 5, "EHDAA2:0004710", NULL, 1);
insert into ontology_terms values (52309, 26025, "substantia nigra", 0, 0, 0, 0);
insert into ontology_relationships values (26025, "is_a", "AEO:0000136");
insert into ontology_definitions values (26025, 5, "EHDAA2:0004711", NULL, 1);
insert into ontology_terms values (52310, 26026, "mural trophectoderm syncytiotrophoblast", 0, 0, 0, 0);
insert into ontology_relationships values (26026, "is_a", "AEO:0000203");
insert into ontology_definitions values (26026, 5, "EHDAA2:0004712", NULL, 1);
insert into ontology_terms values (52311, 26027, "embryonic cavities", 0, 0, 0, 0);
insert into ontology_definitions values (26027, 5, "EHDAA2:0004713", NULL, 1);
insert into ontology_terms values (52312, 26028, "extraembryonic membranes", 0, 0, 0, 0);
insert into ontology_relationships values (26028, "is_a", "CARO:0000054");
insert into ontology_definitions values (26028, 5, "EHDAA2:0004714", NULL, 1);
insert into ontology_terms values (52313, 26029, "trophoblastic lacunae", 0, 0, 0, 0);
insert into ontology_relationships values (26029, "is_a", "AEO:0000221");
insert into ontology_definitions values (26029, 5, "EHDAA2:0004715", NULL, 1);
insert into ontology_terms values (52314, 26030, "polar bodies", 0, 0, 0, 0);
insert into ontology_relationships values (26030, "is_a", "CARO:0000054");
insert into ontology_definitions values (26030, 5, "EHDAA2:0004716", NULL, 1);
insert into ontology_terms values (52315, 26031, "chorionic villus", 0, 0, 0, 0);
insert into ontology_relationships values (26031, "is_a", "CARO:0000055");
insert into ontology_definitions values (26031, 5, "EHDAA2:0004717", NULL, 1);
insert into ontology_terms values (52316, 26032, "chorionic villus mesenchyme", 0, 0, 0, 0);
insert into ontology_relationships values (26032, "is_a", "AEO:0000151");
insert into ontology_definitions values (26032, 5, "EHDAA2:0004718", NULL, 1);
insert into ontology_terms values (52317, 26033, "chorionic villus syncytiotropbalst", 0, 0, 0, 0);
insert into ontology_relationships values (26033, "is_a", "AEO:0000203");
insert into ontology_definitions values (26033, 5, "EHDAA2:0004719", NULL, 1);
insert into ontology_terms values (52318, 26034, "chorionic villus cytotrophoblast", 0, 0, 0, 0);
insert into ontology_relationships values (26034, "is_a", "CARO:0000073");
insert into ontology_definitions values (26034, 5, "EHDAA2:0004720", NULL, 1);
insert into ontology_terms values (52319, 26035, "allantoic diverticulum eithelium", 0, 0, 0, 0);
insert into ontology_relationships values (26035, "is_a", "AEO:0000115");
insert into ontology_definitions values (26035, 5, "EHDAA2:0004721", NULL, 1);
insert into ontology_terms values (52320, 26036, "allantoic diverticulum mesenchyme", 0, 0, 0, 0);
insert into ontology_relationships values (26036, "is_a", "AEO:0000146");
insert into ontology_definitions values (26036, 5, "EHDAA2:0004722", NULL, 1);
insert into ontology_terms values (52321, 26037, "allantoic mesenchyme", 0, 0, 0, 0);
insert into ontology_relationships values (26037, "is_a", "AEO:0000146");
insert into ontology_definitions values (26037, 5, "EHDAA2:0004723", NULL, 1);
insert into ontology_terms values (52322, 26038, "allantoic epithelium", 0, 0, 0, 0);
insert into ontology_relationships values (26038, "is_a", "AEO:0000115");
insert into ontology_definitions values (26038, 5, "EHDAA2:0004724", NULL, 1);
insert into ontology_terms values (52323, 26039, "urachus epithelium", 0, 0, 0, 0);
insert into ontology_relationships values (26039, "is_a", "AEO:0000114");
insert into ontology_definitions values (26039, 5, "EHDAA2:0004725", NULL, 1);
insert into ontology_terms values (52324, 26040, "urachus mesenchyme", 0, 0, 0, 0);
insert into ontology_relationships values (26040, "is_a", "AEO:0000146");
insert into ontology_definitions values (26040, 5, "EHDAA2:0004726", NULL, 1);
insert into ontology_terms values (52325, 26041, "trunk and cervical sclerotome", 0, 0, 0, 0);
insert into ontology_relationships values (26041, "is_a", "AEO:0000212");
insert into ontology_definitions values (26041, 5, "EHDAA2:0004727", NULL, 1);
insert into ontology_terms values (52326, 26042, "serum", 0, 0, 0, 0);
insert into ontology_relationships values (26042, "is_a", "AEO:0000188");
insert into ontology_definitions values (26042, 5, "EHDAA2:0004728", NULL, 1);
insert into ontology_terms values (52327, 26043, "blood haematopoietic stem cells", 0, 0, 0, 0);
insert into ontology_relationships values (26043, "is_a", "AEO:0001021");
insert into ontology_definitions values (26043, 5, "EHDAA2:0004729", NULL, 1);
insert into ontology_terms values (52328, 26044, "liver haematopoietic stem cells", 0, 0, 0, 0);
insert into ontology_relationships values (26044, "is_a", "AEO:0001021");
insert into ontology_definitions values (26044, 5, "EHDAA2:0004730", NULL, 1);
insert into ontology_terms values (52329, 26045, "coelomic cavity", 0, 0, 0, 0);
insert into ontology_relationships values (26045, "is_a", "CARO:0000055");
insert into ontology_definitions values (26045, 5, "EHDAA2:0004731", NULL, 1);
insert into ontology_terms values (52330, 26046, "coelomic cavity lining", 0, 0, 0, 0);
insert into ontology_relationships values (26046, "is_a", "AEO:0000111");
insert into ontology_definitions values (26046, 5, "EHDAA2:0004732", NULL, 1);
insert into ontology_terms values (52331, 26047, "peritoneal cavity", 0, 0, 0, 0);
insert into ontology_relationships values (26047, "is_a", "CARO:0000055");
insert into ontology_definitions values (26047, 5, "EHDAA2:0004733", NULL, 1);
insert into ontology_terms values (52332, 26048, "pericaridal cavity", 0, 0, 0, 0);
insert into ontology_definitions values (26048, 5, "EHDAA2:0004734", NULL, 1);
insert into ontology_terms values (52333, 26049, "pleuropericardial canal", 0, 0, 0, 0);
insert into ontology_relationships values (26049, "is_a", "CARO:0000055");
insert into ontology_definitions values (26049, 5, "EHDAA2:0004735", NULL, 1);
insert into ontology_terms values (52334, 26050, "pleuroperitoneal canal lumen", 0, 0, 0, 0);
insert into ontology_definitions values (26050, 5, "EHDAA2:0004736", NULL, 1);
insert into ontology_terms values (52335, 26051, "pleural cavity", 0, 0, 0, 0);
insert into ontology_relationships values (26051, "is_a", "CARO:0000055");
insert into ontology_definitions values (26051, 5, "EHDAA2:0004737", NULL, 1);
insert into ontology_terms values (52336, 26052, "greater sac", 0, 0, 0, 0);
insert into ontology_relationships values (26052, "is_a", "CARO:0000055");
insert into ontology_definitions values (26052, 5, "EHDAA2:0004738", NULL, 1);
insert into ontology_terms values (52337, 26053, "extraembryonic coelum", 0, 0, 0, 0);
insert into ontology_relationships values (26053, "is_a", "AEO:0000221");
insert into ontology_definitions values (26053, 5, "EHDAA2:0004739", NULL, 1);
insert into ontology_terms values (52338, 26054, "urogenital sinus epithelium vesical part", 0, 0, 0, 0);
insert into ontology_relationships values (26054, "is_a", "CARO:0000073");
insert into ontology_definitions values (26054, 5, "EHDAA2:0004740", NULL, 1);
insert into ontology_terms values (52339, 26055, "urogenital sinus epithelium phallic part", 0, 0, 0, 0);
insert into ontology_relationships values (26055, "is_a", "CARO:0000073");
insert into ontology_definitions values (26055, 5, "EHDAA2:0004741", NULL, 1);
insert into ontology_terms values (52340, 26056, "urogenital sinus epithelium pelvic part", 0, 0, 0, 0);
insert into ontology_relationships values (26056, "is_a", "CARO:0000073");
insert into ontology_definitions values (26056, 5, "EHDAA2:0004742", NULL, 1);
